time,pass,sc_direction,alfven_mach,vsw_km_s,n_p_cm3,pdyn_nPa,pdyn_omni_nPa,omni_dt_minutes,alpha_deg,pdyn_scale,X_RE_GSE,Y_RE_GSE,Z_RE_GSE,X_RE_raw,Y_RE_raw,Z_RE_raw,X_RE,Y_RE,Z_RE,geotail,R,tail_fixed
1995-08-01 21:16:41.000,1.0,in,14.800000190734863,344.0,6.699999809265137,1.3261228793680786,1.3899999856948853,13.316666666666666,4.94774690548355,0.9027175929304793,6.138527061234669,20.600698258724716,-0.9471577963997239,4.338901184949062,21.053365995388518,-0.9471577963997239,3.9168024336404215,19.005243874441526,-0.8550160060912957,False,19.024467064747686,False
1995-08-01 21:38:06.000,1.0,in,14.800000190734863,344.0,6.699999809265137,1.3261228793680786,1.3899999856948853,-8.100000000000001,4.94774690548355,0.9027175929304793,5.784451825281264,20.37402190230435,-0.9231223577421862,4.005695513608101,20.79699629386025,-0.9231223577421862,3.616011812056725,18.773814434577623,-0.8333187927613351,False,18.79229971648825,False
1995-08-01 21:59:37.000,1.0,in,14.800000190734863,344.0,6.699999809265137,1.3261228793680786,1.3899999856948853,-29.616666666666667,4.94774690548355,0.9027175929304793,5.427066495487056,20.141015359963127,-0.8987276592523685,3.6697380433393585,20.53403450785979,-0.8987276592523685,3.3127370931687126,18.53643420408659,-0.8112972692603421,False,18.554180021265843,False
1995-08-03 00:52:17.000,1.0,out,39.70000076293945,320.0,19.899999618530277,3.4083573106640626,4.079999923706055,-22.28333333333333,5.3167748978008005,1.0565226158955898,3.999288499509374,-15.559329414343214,0.2947053325576151,5.423842284395318,-15.121804627767125,0.2947053325576151,5.730412038514452,-15.976528582390559,0.31136284887215127,False,15.97956233341828,False
1995-08-19 18:28:55.000,2.0,in,12.899999618530272,403.0,15.300000190734863,4.156173040832228,4.510000228881836,1.0833333333333333,4.2262350073214545,1.0920358149723417,6.637684195590287,16.65204602636243,-0.5030505495305028,5.392465271335622,17.095929534304975,-0.5030505495305028,5.888765207293046,18.66936734170446,-0.549349216828827,False,18.677447938664734,False
1995-08-19 20:33:25.000,2.0,in,8.600000381469727,373.0,8.800000190734863,2.047823099905369,2.369999885559082,-3.4166666666666665,4.564763273960367,0.9705174565725503,4.07203048412732,15.433868729511863,-0.3504807939598138,2.8307958226444163,15.708988867332145,-0.3504807939598138,2.747336761869059,15.245847920849702,-0.34014772873140653,False,15.249641940158408,False
1995-08-19 20:39:25.000,2.0,in,8.600000381469727,373.0,8.800000190734863,2.047823099905369,2.369999885559082,-9.416666666666666,4.564763273960367,0.9705174565725503,3.9459631327092377,15.367737159447973,-0.34293723505507284,2.7103914954255695,15.633033883034454,-0.34293723505507284,2.6304822604562945,15.172132282675097,-0.3328265731296721,False,15.175782402590421,False
1995-08-20 23:27:14.500,2.0,out,5.300000190734863,388.0,3.0999999046325684,0.7805796486264909,0.8799999952316284,2.7583333333333333,4.388993784941378,0.8264009653112063,4.8145143929338445,-20.393109073120286,-0.12066533348143378,6.361029307892018,-19.964862950996853,-0.12066533348143378,5.2567607604148385,-16.498982015009737,-0.0997179480686555,False,16.49928335415759,False
1995-08-20 23:33:22.500,2.0,out,5.300000190734863,388.0,3.0999999046325684,0.7805796486264909,0.8799999952316284,-3.375,4.388993784941378,0.8264009653112063,4.914419936548669,-20.463002691672717,-0.1257746845283236,6.46599065938384,-20.026906083190003,-0.1257746845283236,5.343500922608048,-16.55025451934509,-0.10394032070591908,False,16.550580903562597,False
1995-08-20 23:46:15.500,2.0,out,5.300000190734863,388.0,3.0999999046325684,0.7805796486264909,0.8799999952316284,-16.258333333333333,4.388993784941378,0.8264009653112063,5.123883959345993,-20.608372642495063,-0.13649863636377518,6.68596522153692,-20.15581997481573,-0.13649863636377518,5.5252881131152645,-16.656789083826613,-0.11280260485468714,False,16.657171038647213,False
1995-09-16 10:06:33.000,3.0,in,24.899999618530277,526.0,11.0,5.0904510536,5.409999847412109,23.45,3.240396843039861,1.1295721845536382,-2.395210478310838,22.319102713017486,0.280525855316459,-3.6529782328242337,22.148027658916874,0.280525855316459,-4.126302602578158,25.017795986237132,0.31687420321359044,False,25.01980266248407,False
1995-09-16 10:17:01.000,3.0,in,24.899999618530277,526.0,11.0,5.0904510536,5.409999847412109,12.983333333333333,3.240396843039861,1.1295721845536382,-2.55767587758312,22.193548174558423,0.30226603841279565,-3.808086848955088,22.01349043250596,0.30226603841279565,-4.301508980944179,24.86582647749637,0.3414313093263155,False,24.86817045437697,False
1995-09-16 10:28:42.500,3.0,in,24.899999618530277,526.0,11.0,5.0904510536,5.409999847412109,1.2916666666666667,3.240396843039861,1.1295721845536382,-2.739027690531365,22.051917235880424,0.3265310685595479,-3.9811429566315395,21.861834946465056,0.3265310685595479,-4.496988346542618,24.694520658829603,0.3688404124374423,False,24.69727502821332,False
1995-09-18 04:20:26.000,3.0,out,9.899999618530272,363.0,7.099999904632568,1.5648174677213205,1.6699999570846558,9.566666666666666,4.689960836164229,0.9279656333680385,-4.674790592530232,-26.244915377167068,0.5438877403135989,-2.513252010387981,-26.539269292332644,0.5438877403135989,-2.3322114936331793,-24.627529837984397,0.50470913142122,False,24.6327009730592,False
1995-11-29 22:43:18.000,4.0,out,13.800000190734863,460.0,7.0,2.47745512,2.799999952316284,-13.3,3.704109881309526,1.0018181858215711,2.0559232228440707,-18.74958261734985,-1.7994918667863236,3.2629243361699203,-18.57759385387374,-1.7994918667863236,3.2688569389348037,-18.61137137161776,-1.802763677384547,False,18.698478580054854,False
1995-12-20 21:22:00.000,5.0,in,4.199999809265137,392.0,4.0,1.0280736256,1.2000000476837158,8.0,4.344380470784631,0.8652175394593656,5.139744253235455,24.517040224313668,1.958294147468294,3.2677835265525417,24.835938137563335,1.958294147468294,2.827343622329639,21.48848928554757,1.6943504438101935,False,21.55518487978084,False
1995-12-20 21:30:08.200,5.0,in,4.199999809265137,392.0,4.0,1.0280736256,1.2000000476837158,-0.1366666666666666,4.344380470784631,0.8652175394593656,5.012166165658834,24.44538925189087,1.9428115338503906,3.1459996424670935,24.754828854149522,1.9428115338503906,2.7219740697954227,21.41831211092496,1.680954614951311,False,21.484173293345986,False
1995-12-20 21:43:30.100,5.0,in,4.199999809265137,392.0,4.0,1.0280736256,1.2000000476837158,-13.501666666666669,4.344380470784631,0.8652175394593656,4.802353337022929,24.326624581281546,1.9172911171763638,2.945786212617678,24.620511868801152,1.9172911171763638,2.548745898654391,21.30209869935424,1.6588739028306319,False,21.366592419534804,False
1995-12-20 21:45:25.400,5.0,in,4.199999809265137,392.0,4.0,1.0280736256,1.2000000476837158,-15.423333333333332,4.344380470784631,0.8652175394593656,4.772165693053666,24.30946394639667,1.9136147217428598,2.916985242214098,24.60111379307496,1.9136147217428598,2.5238267939077637,21.285315144004176,1.655693021019576,False,21.349612646589787,False
1995-12-20 21:49:58.400,5.0,in,4.199999809265137,392.0,4.0,1.0280736256,1.2000000476837158,-19.973333333333333,4.344380470784631,0.8652175394593656,4.700643271681157,24.268632502929385,1.9048935571011831,2.848761349275426,24.554981765513823,1.9048935571011831,2.4647982851270265,21.24540090462746,1.6481473164070843,False,21.30923389460365,False
1995-12-20 21:56:20.400,5.0,in,4.199999809265137,392.0,4.0,1.0280736256,1.2000000476837158,-26.34,4.344380470784631,0.8652175394593656,4.600480160689704,24.21113373734022,1.892660297524133,2.7532416265186765,24.49006074109001,1.892660297524133,2.382152945633591,21.189230095616306,1.6375628856562612,False,21.252413609975,False
1995-12-20 21:58:18.400,5.0,in,4.199999809265137,392.0,4.0,1.0280736256,1.2000000476837158,-28.30666666666667,4.344380470784631,0.8652175394593656,4.569539723263025,24.193372338545657,1.888881437235934,2.72373553414879,24.470006602655424,1.888881437235934,2.356623756994257,21.171878903303956,1.634293349455745,False,21.23486216221434,False
1995-12-22 13:25:46.000,5.0,out,9.600000381469728,328.0,15.300000190734863,2.753158509841785,2.890000104904175,64.23333333333333,5.187813821806418,1.019592145376412,-1.6410928408802103,-21.738334357204426,-1.4352675779641748,0.33122645828048114,-21.797675457978027,-1.4352675779641748,0.33771589520362644,-22.224738684418583,-1.4633875490056998,False,22.272864941656625,False
1995-12-22 13:40:29.200,5.0,out,9.600000381469728,328.0,15.300000190734863,2.753158509841785,2.890000104904175,49.513333333333335,5.187813821806418,1.019592145376412,-1.4248737876268913,-21.932541262361035,-1.4276867555687252,0.564120140032266,-21.971536132083383,-1.4276867555687252,0.5751724638255401,-22.40200566212625,-1.4556582020358058,False,22.44924939696405,False
1995-12-22 13:58:00.100,5.0,out,9.600000381469728,328.0,15.300000190734863,2.753158509841785,2.890000104904175,31.99833333333333,5.187813821806418,1.019592145376412,-1.167492535649731,-22.16069047528838,-1.4184695234167801,0.8410764952632563,-22.17547815699699,-1.4184695234167801,0.8575549882311372,-22.60994334884033,-1.4462603845315716,False,22.65615164447913,False
1995-12-22 14:05:53.400,5.0,out,9.600000381469728,328.0,15.300000190734863,2.753158509841785,2.890000104904175,24.11,5.187813821806418,1.019592145376412,-1.0515427729293665,-22.26223577757112,-1.4142382909572377,0.9657330913487427,-22.266123228252862,-1.4142382909572377,0.9846538744692591,-22.7023643515099,-1.4419462531505605,False,22.748111045660085,False
1995-12-22 14:08:10.400,5.0,out,9.600000381469728,328.0,15.300000190734863,2.753158509841785,2.890000104904175,21.826666666666664,5.187813821806418,1.019592145376412,-1.0179785955017173,-22.291553770991765,-1.4130085870456537,1.0018107336271547,-22.292286226403657,-1.4130085870456537,1.021438355160028,-22.729039938923947,-1.4406924567011707,False,22.774653703184942,False
1996-01-12 15:05:51.000,6.0,in,14.600000381469728,321.0,14.600000381469728,2.5162571641049256,2.759999990463257,24.15,5.300306215534519,1.004416370649497,3.323596994901367,18.651079421749248,0.47349640414898675,1.5864755571884854,18.878351514032126,0.47349640414898675,1.593482021275397,18.961725311569587,0.4755875397709127,False,18.967688586103584,False
1996-01-12 15:06:10.000,6.0,in,14.600000381469728,321.0,14.600000381469728,2.5162571641049256,2.759999990463257,23.83333333333333,5.300306215534519,1.004416370649497,3.317300385441257,18.64848482490357,0.47285999938603573,1.5804455489850568,18.875186356129063,0.47285999938603573,1.5874253823207227,18.95854617515606,0.47494832440864543,False,18.964494430023255,False
1996-01-12 15:06:25.000,6.0,in,14.600000381469728,321.0,14.600000381469728,2.5162571641049256,2.759999990463257,23.58333333333333,5.300306215534519,1.004416370649497,3.3123293779727496,18.64643645897277,0.4723575745731797,1.575685016192877,18.87268754725822,0.4723575745731797,1.5826438252512436,18.95603633061906,0.47444368070159226,False,18.96197273950966,False
1996-01-14 06:29:35.000,6.0,out,8.199999809265137,401.0,9.100000381469728,2.447497451258477,2.7100000381469727,60.41666666666666,4.247236543777856,0.9997889208752049,-4.475308913115863,-26.923385994277485,-0.5766477562449854,-2.469062130562423,-27.18089099827476,-0.5766477562449854,-2.4685409630888393,-27.17515367959169,-0.5765260379412822,False,27.181268546222235,False
1996-01-14 07:25:53.200,6.0,out,8.199999809265137,401.0,9.100000381469728,2.447497451258477,2.7100000381469727,4.113333333333334,4.247236543777856,0.9997889208752049,-3.890252666014307,-27.66710671190311,-0.5220997158437941,-1.8305323419402995,-27.879239784441328,-0.5220997158437941,-1.8301459547756536,-27.873355058907674,-0.521989511492718,False,27.878242327844887,False
1996-01-14 07:35:54.100,6.0,out,8.199999809265137,401.0,9.100000381469728,2.447497451258477,2.7100000381469727,-5.901666666666667,4.247236543777856,0.9997889208752049,-3.785943755326013,-27.797181098158735,-0.5123506843570576,-1.7168765287848906,-28.001231796248405,-0.5123506843570576,-1.7165141319898134,-27.995321320747667,-0.5122425378230153,False,28.0000072905252,False
1996-01-14 07:42:02.600,6.0,out,8.199999809265137,401.0,9.100000381469728,2.447497451258477,2.7100000381469727,-12.043333333333331,4.247236543777856,0.9997889208752049,-3.7219299963150356,-27.87646408410302,-0.5063626723483113,-1.6471668380639115,-28.07555616790766,-0.5063626723483113,-1.6468191555293414,-28.069630004083603,-0.5062557897586032,False,28.07419497493765,False
1996-01-14 07:50:43.400,6.0,out,8.199999809265137,401.0,9.100000381469728,2.447497451258477,2.7100000381469727,-20.723333333333336,4.247236543777856,0.9997889208752049,-3.6314385767547313,-27.9882866225528,-0.4978955590734166,-1.5486423088570582,-28.180369784694598,-0.4978955590734166,-1.548315422793884,-28.174421496904042,-0.497790463714568,False,28.178818676995206,False
1996-03-26 16:10:29.000,7.0,in,11.100000381469728,487.0,5.0,1.9834443470000005,2.450000047683716,19.516666666666666,3.4992737523469946,0.9653644054969522,-5.880626746949999,29.642887612068698,-2.9462398730345516,-7.67894270386481,29.22869131297946,-2.9462398730345516,-7.412977958161611,28.21633821280835,-2.844195103483416,False,28.359322769175353,False
1996-03-26 16:17:47.000,7.0,in,11.100000381469728,487.0,5.0,1.9834443470000005,2.450000047683716,12.216666666666669,3.4992737523469946,0.9653644054969522,-5.951378185617116,29.553934253477028,-2.939216854872086,-7.744132884368928,29.13558542463696,-2.939216854872086,-7.475910238008208,28.126457102260325,-2.837415331730213,False,28.2692149676999,False
1996-03-26 16:30:22.600,7.0,in,11.100000381469728,487.0,5.0,1.9834443470000005,2.450000047683716,-0.3766666666666667,3.4992737523469946,0.9653644054969522,-6.073333385984774,29.39987104199112,-2.927038574949015,-7.856457323181325,28.974365808970795,-2.927038574949015,-7.584344253105117,27.970821423828312,-2.8256588537723024,False,28.11318550220865,False
1996-03-26 16:41:56.500,7.0,in,11.100000381469728,487.0,5.0,1.9834443470000005,2.450000047683716,-11.941666666666666,3.4992737523469946,0.9653644054969522,-6.185197692255551,29.257596161360148,-2.9157731569393475,-7.959429192879689,28.825528452346784,-2.9157731569393475,-7.683749630879388,27.827139137535234,-2.814783620212725,False,27.96913798114563,False
1996-03-26 16:50:36.200,7.0,in,11.100000381469728,487.0,5.0,1.9834443470000005,2.450000047683716,-20.60333333333333,3.4992737523469946,0.9653644054969522,-6.26889906041523,29.15057142975172,-2.90728734485869,-8.03644215637215,28.713594473315542,-2.90728734485869,-7.758095204596845,27.71908205841283,-2.806591719278322,False,27.86080521520772,False
1996-03-26 17:24:48.500,7.0,in,11.600000381469728,467.0,5.199999809265137,1.896833369704564,2.369999885559082,5.191666666666666,3.648739017715646,0.9582073003871422,-6.598664754615795,28.723603450396926,-2.8733252981949065,-8.413243987214694,28.245443833139863,-2.8733252981949065,-8.061631808487348,27.0649904835896,-2.7532412771174215,False,27.204669588267723,False
1996-03-26 17:34:11.000,7.0,in,11.600000381469728,467.0,5.199999809265137,1.896833369704564,2.369999885559082,-4.183333333333334,3.648739017715646,0.9582073003871422,-6.688817000499644,28.605346480088645,-2.863888399586274,-8.495687678923654,28.121689333578054,-2.863888399586274,-8.14062995575374,26.94640801865372,-2.744198771977617,False,27.0857809931316,False
1996-03-28 14:44:53.500,7.0,out,10.5,468.0,5.699999809265137,2.088135321806277,2.490000009536743,-14.891666666666666,3.6409635613001554,0.9736758201990521,1.9927695705799768,-20.13806720585814,1.9646884303478038,3.267595985889805,-19.97087123342608,1.9646884303478038,3.181579201640386,-19.445154428295794,1.912969618854486,False,19.539024630286228,False
1996-04-17 13:58:43.500,8.0,in,10.5,551.0,3.0999999046325684,1.5741893526321291,1.8899999856948853,-28.725,3.093665747979149,0.9288896137297243,-1.4844255610857437,26.16422464572129,-2.4899713304564903,-2.8943041104607286,26.045981921869338,-2.4899713304564903,-2.6884890271822197,24.19384208661659,-2.312908507345817,False,24.30414657369176,False
1996-04-17 14:13:08.500,8.0,in,10.5,551.0,3.0999999046325684,1.5741893526321291,1.8899999856948853,-43.141666666666666,3.093665747979149,0.9288896137297243,-1.6743797847122432,26.000075477494985,-2.4709798908166736,-3.0751226315397586,25.87182044812234,-2.4709798908166736,-2.8564494733825,24.03206530254114,-2.2952675563146165,False,24.141425307149376,False
1996-04-17 14:15:15.500,8.0,in,10.5,551.0,3.0999999046325684,1.5741893526321291,1.8899999856948853,-45.25833333333333,3.093665747979149,0.9288896137297243,-1.7022632988821234,25.97577687073759,-2.4681719549633496,-3.101654152034094,25.846052423885485,-2.4681719549633496,-2.8810943272061453,24.008129652461193,-2.2926592938644443,False,24.117350104170427,False
1996-04-17 14:33:40.500,8.0,in,8.100000381469727,562.0,3.700000047683716,1.9546385204703856,2.4800000190734863,56.325,3.033227769901794,0.9630134527132597,-1.9448375647706122,25.763454478138293,-2.443652070614763,-3.305388302633631,25.624449027623204,-2.443652070614763,-3.1831334018772335,24.676689131966352,-2.3532698177526292,False,24.788643878817812,False
1996-04-17 14:43:15.500,8.0,in,8.100000381469727,562.0,3.700000047683716,1.9546385204703856,2.4800000190734863,46.74166666666667,3.033227769901794,0.9630134527132597,-2.0710176842511387,25.651856677415353,-2.4307829452781466,-3.425486438421478,25.506330741745867,-2.4307829452781466,-3.2987895222867145,24.562939633655045,-2.3408766769288145,False,24.674231640786125,False
1996-04-19 07:38:55.000,8.0,out,15.0,715.0,2.799999952316284,2.39420977722685,2.880000114440918,-8.916666666666666,2.385010753856929,0.9961276116170795,-2.4230050786436066,-21.375188054115007,2.0893750808593894,-1.5313933044010235,-21.457503408065655,2.0893750808593894,-1.5254631547593789,-21.374411621141785,2.081284209068706,False,21.47550269746717,False
1996-04-19 07:43:31.000,8.0,out,15.0,715.0,2.799999952316284,2.39420977722685,2.880000114440918,-13.516666666666666,2.385010753856929,0.9961276116170795,-2.3509644017666935,-21.43134099280679,2.093345029882951,-1.4570782691269468,-21.510609784150073,2.093345029882951,-1.4514358961645737,-21.427312348712395,2.085238784907788,False,21.528537694868326,False
1996-04-19 08:23:45.000,8.0,out,12.899999618530272,727.0,2.0,1.7680352108,2.180000066757202,6.25,2.345687655915439,0.9470431418702095,-1.7201310600565665,-21.912897243256367,2.127102438664563,-0.8218268888949288,-21.9649383568899,2.127102438664563,-0.778305518932473,-20.80174423249449,2.0144577765926726,False,20.89905747271375,False
1996-04-19 08:35:05.000,8.0,out,12.899999618530272,727.0,2.0,1.7680352108,2.180000066757202,-5.083333333333334,2.345687655915439,0.9470431418702095,-1.5422229097533275,-22.04523833000318,2.1362790381404704,-0.6386512849285774,-22.089887031541572,2.1362790381404704,-0.6048303194382063,-20.92007601790913,2.0231484121920205,False,21.017676134455296,False
1996-04-19 08:39:09.000,8.0,out,12.899999618530272,727.0,2.0,1.7680352108,2.180000066757202,-9.15,2.345687655915439,0.9470431418702095,-1.4783660810698986,-22.092305730417593,2.139529786018034,-0.5729215635370216,-22.134301426472312,2.139529786018034,-0.5425814375772938,-20.9621383660286,2.0262270106754157,False,21.059839523968808,False
1996-04-19 08:44:40.000,8.0,out,12.899999618530272,727.0,2.0,1.7680352108,2.180000066757202,-14.666666666666666,2.345687655915439,0.9470431418702095,-1.3917333047997253,-22.15599431800047,2.1439234836644907,-0.48375469818428674,-22.194390895064963,2.1439234836644907,-0.45813656926292184,-21.019045685157895,2.0303880318989442,False,21.11688322349757,False
1996-04-19 08:47:57.000,8.0,out,12.899999618530272,727.0,2.0,1.7680352108,2.180000066757202,-17.950000000000003,2.345687655915439,0.9470431418702095,-1.3401724077446675,-22.193899610308105,2.1465384638347382,-0.4306855970529009,-22.230154113532492,2.1465384638347382,-0.4078778409912263,-21.052914995938774,2.0328645309353037,False,21.150833743078746,False
1996-05-09 13:54:08.700,9.0,in,10.899999618530272,339.0,18.0,3.4599035628,3.549999952316284,155.855,5.020352268835299,1.059169039501065,1.1798268883375378,21.30265154736788,-1.7321796755118004,-0.6888858178349271,21.32417385890964,-1.7321796755118004,-0.7296465300021253,22.58590474429504,-1.8346710831550999,False,22.660298124732048,False
1996-05-09 13:57:01.800,9.0,in,10.899999618530272,339.0,18.0,3.4599035628,3.549999952316284,152.97,5.020352268835299,1.059169039501065,1.1303994288295938,21.273712291890405,-1.7274217065732413,-0.7355911949473939,21.291020246590886,-1.7274217065732413,-0.7791154194178718,22.550789464579395,-1.8296315897644704,False,22.62489021476235,False
1996-05-09 14:05:44.000,9.0,in,10.899999618530272,339.0,18.0,3.4599035628,3.549999952316284,144.26666666666668,5.020352268835299,1.059169039501065,0.9812310417491655,21.185603445259964,-1.7130005847862049,-0.8764769539145232,21.190195748184106,-1.7130005847862049,-0.9283372534224646,22.44399927744371,-1.814357184052767,False,22.51721553738867,False
1996-05-11 02:43:02.200,9.0,out,15.5,336.0,14.300000190734863,2.700266885296436,2.7699999809265137,-13.036666666666669,5.0649447078625665,1.0163010950764428,-5.273346471141935,-22.294050248363604,1.9937514052896033,-3.284528085350423,-22.672554658392833,1.9937514052896033,-3.338069489950967,-23.04214212750514,2.0262517365060204,False,23.131061582293206,False
1996-08-19 11:40:55.200,10.0,in,10.300000190734863,436.0,3.900000095367432,1.2400228517625107,1.3700000047683716,-10.920000000000002,3.9073906376698027,0.8926740154555074,6.99005767319208,17.730249818150916,0.36272637829324816,5.765599433679397,18.165366169140327,0.36272637829324816,5.146800797970587,16.215750360426124,0.32379641262266723,False,16.218982824717685,False
1996-08-20 09:31:14.200,10.0,out,10.899999618530272,420.0,6.199999809265137,1.82928911172432,2.190000057220459,-1.2366666666666666,4.055755941682635,0.9524342475819864,6.445609671658705,-13.221071403498376,-1.052821098828648,7.364557199913415,-12.7320819328571,-1.052821098828648,7.014256495474034,-12.126470875872956,-1.0027428711013033,False,12.167858857208177,False
1996-08-20 09:31:42.200,10.0,out,10.899999618530272,420.0,6.199999809265137,1.82928911172432,2.190000057220459,-1.7033333333333334,4.055755941682635,0.9524342475819864,6.456366910806391,-13.225826569402887,-1.0537569975618708,7.3756238192115,-12.736064361032373,-1.0537569975618708,7.024796722698481,-12.13026387685562,-1.0036342531070934,False,12.17171242825586,False
1996-08-20 09:32:33.200,10.0,out,10.899999618530272,420.0,6.199999809265137,1.82928911172432,2.190000057220459,-2.553333333333333,4.055755941682635,0.9524342475819864,6.475960453539675,-13.23448776444324,-1.055461670254527,7.395780875790152,-12.743318069494471,-1.055461670254527,7.0439949937144375,-12.137172557216898,-1.005257841760497,False,12.178731502585972,False
1996-09-11 08:14:55.000,11.0,in,14.100000381469728,494.0,8.199999809265137,3.347031753666871,3.809999942779541,15.083333333333332,3.4498095122758654,1.0533303161196164,10.711358297034195,14.559587098782803,0.8220810227347973,9.815837237000636,15.177750570858569,0.8220810227347973,10.339318939828582,15.987184806787145,0.8659228635531816,False,16.010618365696867,False
1996-09-12 07:17:52.000,11.0,out,8.399999618530273,640.0,3.0,2.0552908800000003,2.4600000381469727,12.133333333333333,2.6641226012571577,0.9711064253335481,2.331556727607436,-16.534987143608376,-1.5186529009399878,3.097598767149636,-16.40874274559446,-1.5186529009399878,3.0080980658842886,-15.934635511892024,-1.4747735899542544,False,16.002736204739392,False
1996-09-12 07:30:14.200,11.0,out,8.399999618530273,640.0,3.0,2.0552908800000003,2.4600000381469727,-0.2366666666666666,2.6641226012571577,0.9711064253335481,2.5444370709256416,-16.7284406680722,-1.5436222410346812,3.319240929452621,-16.59209229860294,-1.5436222410346812,3.223336193821538,-16.112687440900594,-1.4990214765565497,False,16.182266897914317,False
1996-09-12 08:18:18.000,11.0,out,9.600000381469728,620.0,3.799999952316284,2.443200241341877,2.9200000762939453,11.7,2.749932179575025,0.9994961422749253,3.3667201224489895,-17.453903444770614,-1.6381591514573965,4.200228139710445,-17.272279334721954,-1.6381591514573965,4.198111822315176,-17.263576563349506,-1.637333752314033,False,17.341047764627636,False
1996-09-12 08:19:29.000,11.0,out,9.600000381469728,620.0,3.799999952316284,2.443200241341877,2.9200000762939453,10.516666666666667,2.749932179575025,0.9994961422749253,3.3868665013695987,-17.471279769261905,-1.640440411900115,4.221184981918114,-17.288669087652433,-1.640440411900115,4.219058105256005,-17.27995805817636,-1.6396138633260544,False,17.357571377158298,False
1996-09-12 08:20:52.000,11.0,out,9.600000381469728,620.0,3.799999952316284,2.443200241341877,2.9200000762939453,9.133333333333336,2.749932179575025,0.9994961422749253,3.410417902079607,-17.491592937329187,-1.6431072374880817,4.2456838256256715,-17.307828939669758,-1.6431072374880817,4.2435446050319054,-17.299108256354234,-1.6422793452133473,False,17.376887751055353,False
1996-10-04 00:54:55.000,12.0,in,9.600000381469728,508.0,3.5999999046325684,1.5538962058758072,1.8600000143051147,-24.916666666666668,3.354956257015955,0.9268830626397335,11.154209201117274,11.470342722121973,1.130493606833922,10.463829940473232,12.103446122575244,1.130493606833922,9.69874674216717,11.21847921058755,1.0478353765968644,False,11.267308231109725,False
1996-10-05 06:24:35.000,12.0,out,10.800000190734863,442.0,5.5,1.7972120452,1.9700000286102293,5.416666666666667,3.8545101217930258,0.9496301585131024,-1.0065357014616074,-24.078532492286413,-2.3934610986433777,0.6143761531538658,-24.09172851920022,-2.3934610986433777,0.5834301237061758,-22.878231972542736,-2.272902842499655,False,22.990858738222887,False
1996-11-15 07:22:15.000,13.0,in,6.599999904632568,473.0,4.800000190734863,1.7962038732947263,1.9900000095367432,7.750000000000001,3.6025774747925845,0.9495413529747951,5.680912295473399,20.788927131804595,0.38483783521739334,4.36340537337717,21.104808678306593,0.38483783521739334,4.143233841814049,20.03988858667344,0.3654194387282149,False,20.043219949211874,False
1996-11-16 18:50:55.000,13.0,out,15.0,458.0,5.900000095367432,2.0700225052197845,2.3499999046325684,39.083333333333336,3.72023970771407,0.9722630691525863,-0.37611530156373213,-21.24883153091178,0.2567008950109661,1.0034038185877652,-21.228459315880286,0.2567008950109661,0.9755724762595654,-20.63964700783858,0.24958080003757774,False,20.641155955612742,False
1996-11-16 19:04:00.000,13.0,out,15.0,458.0,5.900000095367432,2.0700225052197845,2.3499999046325684,26.0,3.72023970771407,0.9722630691525863,-0.18255232908380026,-21.4147396544138,0.2803683359972029,1.2073238257371164,-21.3814585330137,0.2803683359972029,1.173836368272211,-20.788402496266656,0.27259177884984404,False,20.790189624548454,False
1996-11-16 19:05:10.000,13.0,out,15.0,458.0,5.900000095367432,2.0700225052197845,2.3499999046325684,24.83333333333333,3.72023970771407,0.9722630691525863,-0.16530284276559928,-21.429419610051408,0.2824743086329445,1.2254894694895462,-21.394988324690726,0.2824743086329445,1.191498152820081,-20.801557013047557,0.2746393382682215,False,20.803369941747235,False
1996-12-02 16:56:18.000,14.0,in,15.699999809265137,321.0,52.59999847412109,9.0654191461803,9.229999542236328,-26.3,5.300306215534519,1.2436149281175337,1.945803650698414,16.801053864458442,-0.7206724166127725,0.38547116821736016,16.90896137502178,-0.7206724166127725,0.4793776991540141,21.028236784939864,-0.8962389755821824,False,21.047327302649393,False
1996-12-04 01:14:43.000,14.0,out,11.800000190734863,416.0,14.100000381469728,4.081293975377735,4.239999771118164,15.283333333333337,4.094621579731279,1.0887318418641172,-5.32076535124387,-22.873851958566732,0.786941011527134,-3.6739037945136506,-23.19538915935843,0.786941011527134,-3.999896045032416,-25.25355876222328,0.8567677369183481,False,25.268088196618447,False
1996-12-04 02:23:33.000,14.0,out,7.599999904632568,384.0,8.300000190734863,2.047069763521875,2.140000104904175,6.45,4.434531043142913,0.9704579431146546,-4.566410632761005,-23.857181404682827,0.9143701358445613,-2.7081050077399826,-24.13883547128963,0.9143701358445613,-2.6281020155498394,-23.4257246206508,0.8873577612771802,False,23.44252498770267,False
1996-12-04 02:36:06.700,14.0,out,7.599999904632568,384.0,8.300000190734863,2.047069763521875,2.140000104904175,-6.111666666666666,4.434531043142913,0.9704579431146546,-4.427947373118524,-24.03199180602746,0.9374459006697068,-2.5565399348854725,-24.30241658077266,0.9374459006697068,-2.481014486699429,-23.584473207692113,0.9097518205451884,False,23.602013152681117,False
1996-12-30 00:35:54.000,15.0,in,12.600000381469728,303.0,29.899999618530277,4.591435970081611,4.659999847412109,-5.9,5.613220853664114,1.110314557183627,-6.052634462169681,28.73687348415222,-2.524471422448072,-8.83443789383568,28.007052481058683,-2.524471422448072,-9.809004998060418,31.096638073525273,-2.802957369538152,False,31.222707593853386,False
1996-12-30 00:46:43.000,15.0,in,12.600000381469728,303.0,29.899999618530277,4.591435970081611,4.659999847412109,-16.716666666666665,5.613220853664114,1.110314557183627,-6.197382001173551,28.637255529615345,-2.4997596932326793,-8.968747462122797,27.893754083981246,-2.4997596932326793,-9.958130866898653,30.970841213944627,-2.7755195768571217,False,31.094959630475294,False
1996-12-30 02:39:37.000,15.0,in,9.5,310.0,30.5,4.90247423,5.03000020980835,-9.616666666666664,5.487253168017948,1.122510722971868,-7.6994831838053095,27.556050716969178,-2.2380803966658123,-10.299228344357353,26.693517338947004,-2.2380803966658123,-11.560994254876928,29.963759446803497,-2.5122692441305063,False,30.06889384298847,False
1997-01-01 15:24:00.000,15.0,out,6.900000095367432,422.0,3.0999999046325684,0.9233761966335424,1.0700000524520874,126.0,4.036598040831218,0.8498671790791531,-15.880420289733136,-29.513014978557017,4.601998890255654,-13.763496426069624,-30.557682631912183,4.601998890255654,-11.697143881889797,-25.969971537579237,3.9110878149869657,False,26.262826001007873,False
1997-01-01 16:43:11.000,15.0,out,6.900000095367432,422.0,3.0999999046325684,0.9233761966335424,1.0700000524520874,46.81666666666666,4.036598040831218,0.8498671790791531,-15.229700776262334,-30.48475823500559,4.635963181933574,-13.045986595203527,-31.481208746472817,4.635963181933574,-11.087355825970066,-26.754846071366813,3.939952951744701,False,27.043391384301156,False
1997-01-01 17:56:55.000,15.0,out,6.900000095367432,422.0,3.0999999046325684,0.9233761966335424,1.0700000524520874,-26.916666666666668,4.036598040831218,0.8498671790791531,-14.613679886815875,-31.367617296638198,4.663987862275363,-12.36934619488805,-32.31851372531991,4.663987862275363,-10.512301357702963,-27.466444091768523,3.9637702077713723,False,27.75098242056057,False
1997-06-11 04:12:59.000,16.0,in,12.0,355.0,7.300000190734863,1.5387627697048905,1.590000033378601,17.016666666666666,4.795162660568272,0.9253724311718228,2.8465171181425086,23.652890712319397,-1.4497594311129005,0.8593211561751473,23.808054643404894,-1.4497594311129005,0.7951921074471776,22.03131740683919,-1.3415674093832235,False,22.072126082342287,False
1997-06-11 04:23:16.000,16.0,in,12.0,355.0,7.300000190734863,1.5387627697048905,1.590000033378601,6.733333333333333,4.795162660568272,0.9253724311718228,2.6984900309563717,23.53197188851084,-1.4291435712475928,0.7219202288642452,23.67518491146356,-1.4291435712475928,0.6680450772962253,21.90836341996349,-1.322490061018966,False,21.94824292973559,False
1997-06-11 05:47:44.000,16.0,in,21.200000762939453,348.0,10.800000190734863,2.1876323829549773,2.619999885559082,-17.733333333333334,4.8911537362569995,0.9812590360729861,1.4774933858323775,22.49978529885167,-1.2574122966830217,-0.4462881652488817,22.543827360791223,-1.2574122966830217,-0.43792429484289924,22.121334305445806,-1.2338471781895015,False,22.155717327868665,False
1997-06-11 06:41:21.000,16.0,in,21.399999618530277,349.0,12.600000381469728,2.5669269204746734,3.069999933242798,-11.35,4.877206667909426,1.007759411095416,0.6985920398563362,21.80604857594462,-1.1461561422033284,-1.157899702009606,21.786487867820572,-1.1461561422033284,-1.1668843218047582,21.955538183512285,-1.15504963889022,False,21.985899949648783,False
1997-06-11 06:48:02.000,16.0,in,21.399999618530277,349.0,12.600000381469728,2.5669269204746734,3.069999933242798,-18.03333333333333,4.877206667909426,1.007759411095416,0.6013603741633284,21.717574094447052,-1.132177329507649,-1.247257161853411,21.690067045069657,-1.132177329507649,-1.2569351429139335,21.858369191959486,-1.1409623588402091,False,21.88812689190863,False
1997-06-11 06:53:06.000,16.0,in,21.399999618530277,349.0,12.600000381469728,2.5669269204746734,3.069999933242798,-23.1,4.877206667909426,1.007759411095416,0.5276110523348282,21.649814420378103,-1.121543010563094,-1.314978487109069,21.61628250735537,-1.121543010563094,-1.3251819457721765,21.784012129684587,-1.1302455238432434,False,21.813313352409644,False
1997-06-11 06:55:21.000,16.0,in,21.399999618530277,349.0,12.600000381469728,2.5669269204746734,3.069999933242798,-25.35,4.877206667909426,1.007759411095416,0.4948605311280929,21.619723775643543,-1.1168205334002157,-1.3450521019429968,21.58351634751515,-1.1168205334002157,-1.355488914146726,21.750991723740153,-1.1254864030386698,False,21.78009092289648,False
1997-06-12 13:33:15.500,16.0,out,18.600000381469727,344.0,16.799999237060547,3.325203581472315,3.490000009536743,116.74166666666666,4.94774690548355,1.0521822837963695,3.789827543483181,-17.99671475109955,1.345952458915172,5.327871819105922,-17.602792861388924,1.345952458915172,5.605892338401186,-18.521346794090626,1.4161873321027048,False,18.575410456476575,False
1997-06-12 13:42:25.000,16.0,out,18.600000381469727,344.0,16.799999237060547,3.325203581472315,3.490000009536743,107.58333333333334,4.94774690548355,1.0521822837963695,3.9671725461451848,-18.091051924470907,1.3423382871122478,5.512692309265182,-17.681483004775338,1.3423382871122478,5.800357183829321,-18.604143168871207,1.4123845645610715,False,18.65767866606314,False
1997-06-12 13:56:55.400,16.0,out,18.600000381469727,344.0,16.799999237060547,3.325203581472315,3.490000009536743,93.07666666666668,4.94774690548355,1.0521822837963695,4.247497423057769,-18.23806382183859,1.336429034357579,5.804651993707282,-17.803769869336385,1.336429034357579,6.107551991382077,-18.73281124130335,1.4061669535021344,False,18.78551363427209,False
1997-06-12 14:04:41.000,16.0,out,18.600000381469727,344.0,16.799999237060547,3.325203581472315,3.490000009536743,85.31666666666666,4.94774690548355,1.0521822837963695,4.3971027190158924,-18.315334248115445,1.3331644541742587,5.960364182768785,-17.867849331985493,1.3331644541742587,6.271389598083742,-18.80023451665793,1.4027320200692117,False,18.85249254081443,False
1997-06-12 14:23:02.000,16.0,out,18.600000381469727,344.0,16.799999237060547,3.325203581472315,3.490000009536743,66.96666666666667,4.94774690548355,1.0521822837963695,4.75002262278082,-18.494852143803712,1.3252048249395965,6.327451939175939,-18.016259953039892,1.3252048249395965,6.657632831973906,-18.956389542858584,1.3943570392029125,False,19.007602059528,False
1997-07-03 11:29:05.500,17.0,in,6.699999809265137,354.0,10.5,2.2008371868,2.430000066757202,0.9083333333333332,4.808644888547071,0.9822437280600762,4.793706331905381,19.946193034762718,-1.3085805838096713,3.104780193044763,20.27783462131604,-1.3085805838096713,3.0496508716233715,19.91777587542715,-1.2853450711082426,False,19.959206090813584,False
1997-07-03 11:32:34.500,17.0,in,6.699999809265137,354.0,10.5,2.2008371868,2.430000066757202,-2.575,4.808644888547071,0.9822437280600762,4.730353459381502,19.913225002670302,-1.3012409937074958,3.044413959162078,20.23967187241224,-1.3012409937074958,2.990356517005496,19.880290754670863,-1.278135804763849,False,19.921335086426087,False
1997-07-03 12:09:42.000,17.0,in,8.100000381469727,358.0,11.300000190734863,2.4223483432072808,2.7699999809265137,20.3,4.755164768963902,0.9980693322932863,4.052643990210582,19.552005400289563,-1.2223594357282093,2.4178720051554965,19.820664303979004,-1.2223594357282093,2.413203897756176,19.7823971874817,-1.219999465839652,False,19.819980756295724,False
1997-07-04 21:41:45.000,17.0,out,7.900000095367432,384.0,7.099999904632568,1.7511078062390626,1.9900000095367432,-11.75,4.434531043142913,0.9455258917068294,0.7736306321045082,-22.331669601501012,0.8488695450896526,2.497997509683321,-22.20499898642535,0.8488695450896526,2.3619213228247613,-20.995401466989073,0.8026281335636645,False,21.0107376043973,False
1997-07-25 15:24:41.000,18.0,in,19.600000381469727,408.0,6.699999809265137,1.865465445774133,2.2300000190734863,5.316666666666666,4.174627146464864,0.9555479386473639,6.743434762334204,16.94972897103954,-0.5303388257537722,5.491661551094321,17.395656871581103,-0.5303388257537722,5.247545874897163,16.622384065056174,-0.5067641717336805,False,16.630107093220605,False
1997-07-25 15:25:06.000,18.0,in,19.600000381469727,408.0,6.699999809265137,1.865465445774133,2.2300000190734863,4.9,4.174627146464864,0.9555479386473639,6.734542427065556,16.94736746435444,-0.529494716753579,5.4829647183753085,17.392654299182087,-0.529494716753579,5.23923563431975,16.619514963189655,-0.5059575851185522,False,16.62721476043489,False
1997-07-25 15:33:57.500,18.0,in,19.600000381469727,408.0,6.699999809265137,1.865465445774133,2.2300000190734863,-3.9583333333333335,4.174627146464864,0.9555479386473639,6.545491379254088,16.89716183222923,-0.5115489594094688,5.298070054769103,17.328819609979004,-0.5115489594094688,5.062559919643943,16.558517857507454,-0.4888095536809219,False,16.56573114647111,False
1997-07-25 15:55:35.000,18.0,in,19.600000381469727,408.0,6.699999809265137,1.865465445774133,2.2300000190734863,-25.58333333333333,4.174627146464864,0.9555479386473639,6.081961224492599,16.769581124643107,-0.46758609736423623,4.845057166552138,17.167834006800614,-0.46758609736423623,4.629684388127533,16.40468839623844,-0.4468009314765615,False,16.41077184199599,False
1997-07-25 16:42:17.000,18.0,in,34.79999923706055,410.0,11.5,3.23338669,3.4600000381469727,-12.283333333333331,4.154334582754595,1.047283399291588,5.071456560882235,16.468530352039924,-0.3719380773298864,3.8650967465792254,16.792652879892394,-0.3719380773298864,4.047851659348349,17.58666659117738,-0.3895245739520209,False,17.59097982441419,False
1997-07-25 16:48:59.500,18.0,in,34.79999923706055,410.0,11.5,3.23338669,3.4600000381469727,-18.991666666666667,4.154334582754595,1.047283399291588,4.925335680613953,16.42247809687086,-0.35812823269551686,3.7226959716731316,16.73613614641745,-0.35812823269551686,3.8987176917429385,17.527477554426884,-0.3750617529196497,False,17.53148997488352,False
1997-07-25 16:54:12.500,18.0,in,34.79999923706055,410.0,11.5,3.23338669,3.4600000381469727,-24.208333333333336,4.154334582754595,1.047283399291588,4.811408228830046,16.385731285767122,-0.3473680519927514,3.6117299209548226,16.691232605529784,-0.3473680519927514,3.782504788940705,17.48045082148582,-0.36379279429626576,False,17.48423593182059,False
1997-07-27 02:09:58.000,18.0,out,13.899999618530272,356.0,10.199999809265137,2.1621820222882846,2.5899999141693115,20.03333333333333,4.781755647632782,0.979347127390566,-5.250257482434827,-24.218948586907114,0.2799189071022352,-3.213079283842119,-24.572317672593638,0.2799189071022352,-3.146719966708916,-24.064828725983016,0.27413777757288077,False,24.066390114264955,False
1997-09-07 22:17:11.000,19.0,in,15.899999618530272,347.0,6.099999904632568,1.228516150533372,1.3600000143051147,12.816666666666666,4.905180605096842,0.8912880631998921,0.31212201767369324,25.210799317448448,3.60713002393549,-1.8447212010508038,25.145155121195206,3.60713002393549,-1.6441779864283497,22.411576606830923,3.2149919327436436,False,22.64100128376521,False
1997-09-09 19:21:28.000,19.0,out,5.099999904632568,463.0,2.299999952316284,0.8246732385228326,0.8899999856948853,68.53333333333333,3.6801753412803277,0.8340042466872982,1.3629263014163415,-24.023651979007383,-3.4768315436609396,2.9021224244095274,-23.886630317926745,-3.4768315436609396,2.4203824263639833,-19.921551124200473,-2.899692272429578,False,20.131478198804004,False
1997-09-29 09:43:18.000,20.0,in,8.199999809265137,435.0,5.0,1.5824886750000002,1.690000057220459,-13.3,3.9163452245041412,0.9297040301415503,1.176215584305644,23.023769869412618,3.2236225054355834,-0.3990523738622527,23.050340980197035,3.2236225054355834,-0.371000600217289,21.429994905426117,2.9970148349584638,False,21.63854846258294,False
1997-09-29 09:51:40.000,20.0,in,8.199999809265137,435.0,5.0,1.5824886750000002,1.690000057220459,-21.666666666666668,3.9163452245041412,0.9297040301415503,1.0373955224594877,22.948978411739667,3.2084857874629535,-0.5324400184821072,22.966242775848883,3.2084857874629535,-0.4950116309914566,21.351808465915973,2.9829421672561938,False,21.55916669860772,False
1997-09-29 10:15:10.000,20.0,in,8.600000381469727,397.0,5.900000095367432,1.5553392242004584,1.8600000143051147,14.833333333333334,4.289870901110799,0.927026464754025,0.6472363488762948,22.735179150966367,3.1654282755525993,-1.0552237756025278,22.71989851872683,3.1654282755525993,-0.9782203662212059,21.06194720338554,2.9344357837179555,False,21.26538345214975,False
1997-10-01 08:48:27.000,20.0,out,6.400000095367432,490.0,6.199999809265137,2.4898657354025464,2.75,221.55,3.4779023760179375,1.0026528668085186,-5.011155821707384,-27.30231456587643,-3.935608759871238,-3.3456705302610876,-27.556025693601796,-3.935608759871238,-3.354546148563056,-27.62912815953904,-3.9460494057216158,False,27.909497107053525,False
1997-10-01 09:24:15.000,20.0,out,6.400000095367432,490.0,6.199999809265137,2.4898657354025464,2.75,185.75,3.4779023760179375,1.0026528668085186,-4.607393340937234,-27.734103869042098,-3.9789566186220537,-2.916457787199662,-27.962526080317048,-3.9789566186220537,-2.92419476126177,-28.036706937637856,-3.9895122605681315,False,28.319130353600446,False
1997-10-01 09:35:45.000,20.0,out,6.400000095367432,490.0,6.199999809265137,2.4898657354025464,2.75,174.25,3.4779023760179375,1.0026528668085186,-4.477460073726344,-27.871040670221355,-3.992617352414231,-2.77845674576458,-28.09132846386695,-3.992617352414231,-2.785827621444324,-28.165851016755937,-4.003209234467566,False,28.448916458681126,False
1997-10-01 09:37:58.000,20.0,out,6.400000095367432,490.0,6.199999809265137,2.4898657354025464,2.75,172.03333333333333,3.4779023760179375,1.0026528668085186,-4.452396442888169,-27.89728399300924,-3.9952277210842513,-2.7518472615274154,-28.116003003991814,-3.9952277210842513,-2.7591475457896344,-28.190591015149312,-4.005826528097989,False,28.473778603420914,False
1997-10-01 09:45:28.000,20.0,out,6.400000095367432,490.0,6.199999809265137,2.4898657354025464,2.75,164.53333333333333,3.4779023760179375,1.0026528668085186,-4.367586717739806,-27.98601192616669,-4.004049994714122,-2.6618111791649373,-28.199422662795666,-4.004049994714122,-2.668872609692688,-28.274231975197186,-4.014672206044748,False,28.557832318109355,False
1997-10-01 11:22:45.000,20.0,out,6.400000095367432,490.0,6.199999809265137,2.4898657354025464,2.75,67.25,3.4779023760179375,1.0026528668085186,-3.26425583711026,-29.105298289229086,-4.113785585841913,-1.4926124213719965,-29.249715602628957,-4.113785585841913,-1.4965721233226368,-29.32731120230978,-4.124698911079955,False,29.61594711408347,False
1997-10-01 11:33:12.000,20.0,out,6.400000095367432,490.0,6.199999809265137,2.4898657354025464,2.75,56.8,3.4779023760179375,1.0026528668085186,-3.1454436712568414,-29.22206076669408,-4.12505915592008,-1.3669358458807621,-29.359055463939185,-4.12505915592008,-1.3705621446156735,-29.436941127708927,-4.136002388437996,False,29.726083137765833,False
1997-10-01 11:37:52.000,20.0,out,6.400000095367432,490.0,6.199999809265137,2.4898657354025464,2.75,52.13333333333333,3.4779023760179375,1.0026528668085186,-3.0923740774053265,-29.27403065700778,-4.130068003775539,-1.3108113124383565,-29.407710248253323,-4.130068003775539,-1.314288720261355,-29.485724986685447,-4.14102452409968,False,29.775091302960625,False
1997-10-01 15:55:10.000,20.0,out,7.699999809265137,479.0,8.100000381469727,3.108480580853973,3.7200000286102295,34.833333333333336,3.557567870209105,1.040429453716882,-0.16072529340736935,-31.949191442235346,-4.378345823600778,1.822075957840729,-31.897597176533594,-4.378345823600778,1.8957414934468941,-33.187199605262,-4.555359953432549,False,33.4983808854225,False
1997-10-01 16:01:10.000,20.0,out,7.699999809265137,479.0,8.100000381469727,3.108480580853973,3.7200000286102295,28.833333333333336,3.557567870209105,1.040429453716882,-0.09239148195382968,-32.00744438365579,-4.383534357227522,1.893892762644518,-31.951497654450545,-4.383534357227522,1.970461812436592,-33.24327925005621,-4.560758256639414,False,33.55467376048711,False
1997-10-20 16:25:00.000,21.0,in,28.0,326.0,15.600000381469728,2.773012974369005,2.890000104904175,5.0,5.2194656427874735,1.0208139478480298,3.3445823932448127,20.50690340798192,2.5484135225742675,1.4651824552678472,20.72613227648321,2.5484135225742675,1.4956786864796405,21.157524912777298,2.6014560687283423,False,21.316857979362613,False
1997-10-22 15:15:50.000,21.0,out,12.699999809265137,310.0,7.699999809265137,1.237673791341877,1.559999942779541,14.166666666666666,5.487253168017948,0.8923919504549428,-11.910647861514724,-27.29509332119467,-3.9525431048486936,-9.245993083780014,-28.308960839077496,-3.9525431048486936,-8.251049801927358,-25.262688778536962,-3.5272176505931614,False,25.507738211685357,False
1997-10-22 15:46:08.000,21.0,out,12.699999809265137,310.0,7.699999809265137,1.237673791341877,1.559999942779541,-16.133333333333333,5.487253168017948,0.8923919504549428,-11.6824603875719,-27.71006746335596,-3.9781142994929577,-8.979169667693853,-28.700213093454405,-3.9781142994929577,-8.012938733219178,-25.611839140940265,-3.550037178857219,False,25.856702576946432,False
1997-10-22 16:05:25.000,21.0,out,9.399999618530272,309.0,7.099999904632568,1.1338807810296765,1.2599999904632568,24.58333333333333,5.504902360023801,0.8794594991882,-11.536252181547539,-27.971566784443496,-3.9939990572613824,-8.799708764836547,-28.949245040707055,-3.9939990572613824,-7.738987463325163,-25.459688545376707,-3.512560410657238,False,25.700852543565603,False
1997-10-22 16:25:26.400,21.0,out,9.399999618530272,309.0,7.099999904632568,1.1338807810296765,1.2599999904632568,4.5600000000000005,5.504902360023801,0.8794594991882,-11.383709139691632,-28.241139424517108,-4.010200307358305,-8.622008900888678,-29.202940815697136,-4.010200307358305,-7.58270762997176,-25.68280370459565,-3.5268087539537007,False,25.923826610200827,False
1997-10-22 16:35:29.000,21.0,out,9.399999618530272,309.0,7.099999904632568,1.1338807810296765,1.2599999904632568,-5.483333333333333,5.504902360023801,0.8794594991882,-11.306912828018557,-28.37556714174412,-4.018210540135933,-8.532670999605386,-29.329381410601425,-4.018210540135933,-7.504138564050631,-25.79400308686723,-3.5338534292606942,False,26.034951801469,False
1997-10-22 16:47:46.000,21.0,out,9.399999618530272,309.0,7.099999904632568,1.1338807810296765,1.2599999904632568,-17.766666666666666,5.504902360023801,0.8794594991882,-11.21272859396642,-28.53924572334985,-4.027898397911945,-8.423219306798808,-29.483269925319796,-4.027898397911945,-7.4078802331096565,-25.929341802952266,-3.542373507808592,False,26.170196338643546,False
1997-10-22 17:02:38.000,21.0,out,13.600000381469728,293.0,10.0,1.435910374,1.5399999618530271,27.366666666666667,5.803512037065884,0.914764215788726,-11.098354162435381,-28.7362501207638,-4.039462211974414,-8.135738243377421,-29.711198214699962,-4.039462211974414,-7.442282214065494,-27.17874093501341,-3.6951554825449677,False,27.428782926931987,False
1998-07-01 18:18:30.500,22.0,in,7.699999809265137,310.0,15.899999618530272,2.555716012683754,3.059999942779541,191.49166666666667,5.487253168017948,1.0070245172722476,-5.611241910855751,26.67018331952973,-0.1534502583739876,-8.135845993491094,26.01139604192095,-0.1534502583739876,-8.192996384196718,26.194113542692698,-0.15452817236436653,False,26.1945693464033,False
1998-07-03 13:00:00.500,22.0,out,4.900000095367432,424.0,4.199999809265137,1.2629119605672976,1.4500000476837158,29.991666666666667,4.017619983494106,0.8953993838016524,13.772081123993804,-17.03673220914638,-0.24678686199854613,14.93188573319271,-16.02994857455594,-0.24678686199854613,13.370001284497437,-14.353206076029567,-0.22097280416384163,False,14.35490695341325,False
1998-07-24 01:05:12.500,23.0,in,9.0,705.0,2.5999999046325684,2.161442359718764,2.5799999237060547,24.791666666666664,2.418800794064748,0.9792912818235039,0.13900242837648652,22.8431570631061,0.1689038196553997,-0.8251825831916653,22.828671007950195,0.1689038196553997,-0.808094109632196,22.355918493702607,0.1654060380552223,False,22.356530384979227,False
1998-07-24 01:10:45.000,23.0,in,9.0,705.0,2.5999999046325684,2.161442359718764,2.5799999237060547,19.25,2.418800794064748,0.9792912818235039,0.06238234754009517,22.76889520815669,0.1712396856673291,-0.8986002880986393,22.751241682148567,0.1712396856673291,-0.8799914279790864,22.2800926299876,0.16769353127621262,False,22.280723702816736,False
1998-07-24 01:12:58.500,23.0,in,9.0,705.0,2.5999999046325684,2.161442359718764,2.5799999237060547,17.025,2.418800794064748,0.9792912818235039,0.03161519026321302,22.73895706692255,0.17217661934936268,-0.9280765386023581,22.720031733034578,0.17217661934936268,-0.9088572631182238,22.249528998914116,0.1686110622626749,False,22.250167872711376,False
1998-07-24 01:13:35.500,23.0,in,9.0,705.0,2.5999999046325684,2.161442359718764,2.5799999237060547,16.408333333333335,2.418800794064748,0.9792912818235039,0.023086574977416154,22.730616351798925,0.1724359650695665,-0.9362455478282509,22.711338511782714,0.1724359650695665,-0.9168571026342764,22.2410158031312,0.16886503726544871,False,22.241656848264306,False
1998-07-24 01:15:43.000,23.0,in,9.0,705.0,2.5999999046325684,2.161442359718764,2.5799999237060547,14.283333333333331,2.418800794064748,0.9792912818235039,-0.006302572291208187,22.70187469833237,0.17332965640270123,-0.9643955120526105,22.68138214125263,0.17332965640270123,-0.9444241171828354,22.21167979063602,0.16974022139662878,False,22.212328353067996,False
1998-07-25 09:02:06.000,23.0,out,12.899999618530272,590.0,2.5999999046325684,1.5138033004740237,1.809999942779541,27.9,2.889527990973508,0.9228536900282918,3.582154017658459,-17.926362325649922,-0.28382305455488155,4.481274757901911,-17.722992698212643,-0.28382305455488155,4.135560946360418,-16.355729209890008,-0.2619271532110736,False,16.35782637824593,False
1998-07-25 09:07:44.000,23.0,out,12.899999618530272,590.0,2.5999999046325684,1.5138033004740237,1.809999942779541,22.266666666666666,2.889527990973508,0.9228536900282918,3.6929201974667927,-17.983503881336937,-0.2884437587791821,4.594780637004536,-17.774477835726344,-0.2884437587791821,4.240310265730181,-16.403242459026142,-0.2661913871549987,False,16.40540219026018,False
1998-07-25 10:03:57.000,23.0,out,12.5,585.0,2.5,1.4310138375,1.7100000381469729,26.05,2.91418242035695,0.9142435758266351,4.792067696978353,-18.528268224362925,-0.33411760637429877,5.7278505737274035,-18.26067808191719,-0.33411760637429877,5.236650590325184,-16.694707626631033,-0.30546487519827503,False,16.697501954743778,False
1998-07-25 10:29:15.500,23.0,out,12.5,585.0,2.5,1.4310138375,1.7100000381469729,0.7416666666666667,2.91418242035695,0.9142435758266351,5.282834428426873,-18.758555290604868,-0.3544070771481876,6.229690476595217,-18.465716686732495,-0.3544070771481876,5.695454497615546,-16.88216285387988,-0.32401439351022515,False,16.8852719241392,False
1998-07-25 10:33:06.000,23.0,out,12.5,585.0,2.5,1.4310138375,1.7100000381469729,-3.1,2.91418242035695,0.9142435758266351,5.357119714668752,-18.79280422909622,-0.3574734842513422,6.305620918571807,-18.4961446594067,-0.3574734842513422,5.76487341640232,-16.9099814324227,-0.3268178365051534,False,16.913139328437474,False
1998-08-15 06:53:48.000,24.0,in,4.699999809265137,401.0,2.200000047683716,0.5917026685448097,0.7099999785423279,-23.8,4.247236543777856,0.7891117917272737,9.869290406939244,21.054733140209837,0.23778761394969974,8.282865174393342,21.72783526366065,0.23778761394969974,6.536106578400967,17.145691015262297,0.18764101009440085,False,17.146717748289774,False
1998-08-15 07:07:05.500,24.0,in,5.099999904632568,396.0,2.5999999046325684,0.6819551231460342,0.8199999928474426,22.90833333333333,4.300663315546373,0.8080047450123011,9.635542980453083,20.95929083998903,0.24296305919744682,8.03666894315299,21.6228470221099,0.24296305919744682,6.493666640160611,17.471362994539906,0.19631530469424163,False,17.472465898831672,False
1998-08-15 07:14:42.000,24.0,in,5.099999904632568,396.0,2.5999999046325684,0.6819551231460342,0.8199999928474426,15.3,4.300663315546373,0.8080047450123011,9.501403868498334,20.903981434200617,0.24591751249292826,7.907055198677485,21.557634224533697,0.24591751249292826,6.388938119605591,17.418670744662805,0.19870251697590788,False,17.419804051745945,False
1998-08-16 22:38:08.000,24.0,out,3.0999999046325684,365.0,1.2000000476837158,0.2673985726254642,0.3199999928474426,-8.133333333333335,4.6643761224875195,0.6912701320372411,6.7493882122735664,-23.721910339452076,-0.8622369650807323,8.656073166428214,-23.094494338054297,-0.8622369650807323,5.983684840680851,-15.96453415040011,-0.5960386606987479,False,15.975656879275386,False
1998-10-25 21:33:54.000,25.0,in,7.0,419.0,3.299999952316284,0.969022970377995,1.2000000476837158,-3.9,4.065403132850516,0.8567293075591226,9.502010644259727,17.269158617850316,1.2914655101314443,8.253801885657154,17.89935194593428,1.2914655101314443,7.071273974229234,15.33489939839731,1.1064363522314014,False,15.374763118842036,False
1998-10-25 21:44:54.000,25.0,in,7.0,419.0,3.299999952316284,0.969022970377995,1.2000000476837158,-14.9,4.065403132850516,0.8567293075591226,9.310746724106359,17.143793132974164,1.267744598344051,8.071907033411195,17.760742225217847,1.267744598344051,6.915439323415985,15.216148388346955,1.0861139519011167,False,15.254862021424772,False
1998-10-25 21:47:27.000,25.0,in,7.0,419.0,3.299999952316284,0.969022970377995,1.2000000476837158,-17.45,4.065403132850516,0.8567293075591226,9.26636667125842,17.114660662655066,1.2622402394718835,8.02970400161356,17.728536728408034,1.2622402394718835,6.879282749207101,15.188556995365488,1.0813982063360077,False,15.227005144877722,False
1998-10-25 21:47:42.000,25.0,in,7.0,419.0,3.299999952316284,0.969022970377995,1.2000000476837158,-17.7,4.065403132850516,0.8567293075591226,9.262015685685093,17.111804538113976,1.2617005964452004,8.025566449476539,17.725379326760013,1.2617005964452004,6.875737987029761,15.185851956837892,1.0809358783394285,False,15.224274105128252,False
1998-10-25 21:48:42.000,25.0,in,7.0,419.0,3.299999952316284,0.969022970377995,1.2000000476837158,-18.7,4.065403132850516,0.8567293075591226,9.244551317683465,17.100276121934087,1.2595340938722475,8.008963334547937,17.712641779744178,1.2595340938722475,6.861513611873656,15.174939327003015,1.0790797720902774,False,15.213257268999204,False
1998-10-25 21:49:09.000,25.0,in,7.0,419.0,3.299999952316284,0.969022970377995,1.2000000476837158,-19.15,4.065403132850516,0.8567293075591226,9.236680698553268,17.095068293321567,1.2585576382673618,8.00148172945668,17.706889066505326,1.2585576382673618,6.855103901524392,15.170010808973306,1.0782432139560416,False,15.208281835000598,False
1998-10-25 21:50:47.000,25.0,in,7.0,419.0,3.299999952316284,0.969022970377995,1.2000000476837158,-20.78333333333333,4.065403132850516,0.8567293075591226,9.208113266154784,17.076165804283534,1.255013466071851,7.9743262739402745,17.68600884808282,1.255013466071851,6.83183902692337,15.15212211390251,1.0752068177651113,False,15.190222982418069,False
1998-10-25 21:54:07.000,25.0,in,7.0,419.0,3.299999952316284,0.969022970377995,1.2000000476837158,-24.116666666666667,4.065403132850516,0.8567293075591226,9.149812383708896,17.03758929604265,1.247780461591217,7.918906976968014,17.643396157424657,1.247780461591217,6.784359691002911,15.11561457294171,1.0690100908448457,False,15.15336881660497,False
1998-10-25 22:10:12.000,25.0,in,8.0,419.0,3.5,1.0277516501,1.2300000190734863,19.8,4.065403132850516,0.8651723716162429,8.86761898764465,16.84990041518448,1.2127639755120418,7.650729874328868,17.436173401917113,1.2127639755120418,6.6192001099683475,15.085295494048683,1.0492498849044964,False,15.12174148250583,False
1998-10-26 19:15:14.000,25.0,out,8.0,405.0,4.400000095367432,1.2071321721638846,1.440000057220459,14.766666666666667,4.205439772464396,0.8886834300099354,12.126722005726268,-9.798111713240809,1.3055999151416322,12.812594828835165,-8.882442991734811,1.3055999151416322,11.386340719816795,-7.893679904762604,1.1602650108087464,False,7.978495931825746,False
1998-11-13 05:45:55.000,26.0,in,4.0,412.0,13.100000381469728,3.719271076944525,3.940000057220459,-15.916666666666666,4.134238005260757,1.072006907927341,13.93997914810454,12.926328415426275,0.777903352861207,12.97180180936213,13.897674005806708,0.777903352861207,13.905861147900586,14.898402538347034,0.833917767967054,False,14.92172299161047,False
1998-11-13 06:00:34.000,26.0,in,2.799999952316284,405.0,7.599999904632568,2.0850464078361157,2.490000009536743,29.433333333333334,4.205439772464396,0.9734356173523024,13.638931995121217,12.842785053953072,0.7492010609828147,12.6604109710512,13.808388318470337,0.7492010609828147,12.324094969539086,13.441577007430494,0.7292989973188062,False,13.461347238451816,False
1998-11-13 06:16:18.000,26.0,in,2.799999952316284,405.0,7.599999904632568,2.0850464078361157,2.490000009536743,13.7,4.205439772464396,0.9734356173523024,13.312598840741655,12.75037946126359,0.7182115324487313,12.341732830962536,13.69230057477084,0.7182115324487313,12.013882317505196,13.32857306297534,0.6991326864787739,False,13.346896508491211,False
1998-11-13 07:52:40.000,26.0,in,2.900000095367432,404.0,8.100000381469727,2.211260265099359,2.640000104904175,-22.666666666666664,4.215811792303426,0.9830175138114094,11.247526867705519,12.122301994857846,0.5249978013958001,10.325941732186536,12.916345986298934,0.5249978013958001,10.150581569335486,12.696994318979556,0.5160820334845555,False,12.707478325831788,False
1998-11-13 08:01:37.000,26.0,in,4.599999904632568,396.0,17.299999237060547,4.537624439568274,5.429999828338623,28.383333333333333,4.300663315546373,1.1081350792456743,11.049591660914007,12.057912963306334,0.5067556413155211,10.11425277953834,12.852572957007956,0.5067556413155211,11.207958305364501,14.242386952224821,0.5615537027473675,False,14.253453218710655,False
1998-11-13 08:20:54.000,26.0,in,4.599999904632568,396.0,17.299999237060547,4.537624439568274,5.429999828338623,9.1,4.300663315546373,1.1081350792456743,10.618907591221358,11.914777520961694,0.4672616426320944,9.69551516752127,12.677543430857481,0.4672616426320944,10.74394046848882,14.048430594393734,0.5177890173865799,False,14.057969541581176,False
1998-11-13 08:40:10.000,26.0,in,4.599999904632568,396.0,17.299999237060547,4.537624439568274,5.429999828338623,-10.166666666666668,4.300663315546373,1.1081350792456743,10.183186491728675,11.765966581608566,0.4275666850335883,9.272180315703402,12.496476660160546,0.4275666850335883,10.274828268922171,13.847784154098727,0.47380164240250566,False,13.855887339858501,False
1998-11-14 03:16:55.000,26.0,out,4.199999809265137,379.0,14.899999618530272,3.5797835636903965,4.28000020980835,13.083333333333334,4.492796120771906,1.065198975505684,9.868833683919595,-13.135897544271286,1.8738841822985592,10.86749277039872,-12.322470671898147,1.8738841822985592,11.576042165344145,-13.125883135404745,1.9960595112007318,False,13.276786571175935,False
1998-11-14 04:12:13.000,26.0,out,4.400000095367432,383.0,16.700000762939453,4.097378944568737,4.900000095367432,17.78333333333333,4.4460630894470725,1.089445811899626,11.022555621350042,-13.624262808822118,2.03011069166675,12.045546854854333,-12.728789042054151,2.03011069166675,13.122970573061766,-13.867325912419748,2.211695590728994,False,14.042589695185082,False
1998-11-14 04:25:54.000,26.0,out,4.400000095367432,383.0,16.700000762939453,4.097378944568737,4.900000095367432,4.1,4.4460630894470725,1.089445811899626,11.302427553661467,-13.738419807710276,2.0677448198919244,12.333426100481466,-12.820906677868557,2.0677448198919244,13.43659941154307,-13.967683084959846,2.2526959341084036,False,14.148173370913362,False
1998-11-27 08:05:43.000,27.0,in,7.800000190734863,432.0,4.800000190734863,1.4983071110573731,1.7400000095367432,24.28333333333333,3.94345655337299,0.9212724524448216,6.872293140867758,9.881380832251574,-17.629431738858415,6.176460262541582,10.33060689365594,-17.629431738858415,5.6902026934996695,9.517303548161788,-16.241509813266667,False,18.824603789782415,False
1998-11-28 23:34:00.000,27.0,out,8.800000190734863,429.0,4.599999904632568,1.416004063003332,1.690000057220459,-4.0,3.970945255766681,0.9126383094805369,3.8790857491678374,-16.5280480741756,17.827211322759535,5.014350442230393,-16.219740103779735,17.827211322759535,4.576288310740129,-14.802756188527205,16.26979600435555,False,21.99608721569189,False
1998-12-14 03:23:00.000,28.0,in,7.400000095367432,416.0,10.199999809265137,2.952425293911133,3.369999885559082,7.0,4.094621579731279,1.0315361001148629,5.323704951669592,11.035072603635376,-14.472340754693276,4.522169880116195,11.387038304814174,-14.472340754693276,4.664781482191956,11.746141084806572,-14.928741941629692,False,18.995767063847524,False
1998-12-15 15:46:55.000,28.0,out,8.600000381469727,370.0,6.599999904632568,1.5112609821628666,1.809999942779541,-16.916666666666668,4.601616552452613,0.9225951985750336,-3.5465396259103343,-17.01280400907681,17.62389130486336,-2.170220727711711,-17.242493600475036,17.62389130486336,-2.0022352232348397,-15.907841807259013,16.25971749807522,False,22.747260144509518,False
1999-01-01 15:46:59.000,29.0,in,9.0,443.0,5.199999809265137,1.7068795398720291,1.940000057220459,-16.983333333333334,3.8458353361323283,0.9415031062993672,7.373908109991912,10.098110529599948,-12.794591447624416,6.680001580112238,10.569954397835396,-12.794591447624416,6.289242237760353,9.951644899004682,-12.046147591769705,False,15.625137055353626,False
1999-01-03 11:05:05.000,29.0,out,8.399999618530273,348.0,5.199999809265137,1.0533044234450226,1.1699999570846558,24.916666666666668,4.8911537362569995,0.8687208861543644,-7.171921615824089,-23.58706469171246,17.997168770561085,-5.134698846391508,-24.112671942184654,17.997168770561085,-4.460620131973023,-20.947181737164133,15.634516402631478,False,26.13852570199657,False
1999-01-18 01:27:30.000,30.0,in,9.899999618530272,355.0,8.800000190734863,1.8549468922048904,2.220000028610229,2.5,4.795162660568272,0.9546478346269687,11.151851949785273,3.6958662749525226,-11.8166791169069,10.803868400752112,4.615155144899362,-11.8166791169069,10.313889574372734,4.40584786554569,-11.280767131436892,False,12.110623538366653,False
1999-01-18 01:41:10.000,30.0,in,9.899999618530272,355.0,8.800000190734863,1.8549468922048904,2.220000028610229,-11.166666666666668,4.795162660568272,0.9546478346269687,10.976916874797409,3.895336881924706,-11.642421950252318,10.61287112405141,4.799304116658036,-11.642421950252318,10.131554437750761,4.581645282683891,-11.114412904621865,False,12.021715672513828,False
1999-01-18 01:46:12.000,30.0,in,9.899999618530272,355.0,8.800000190734863,1.8549468922048904,2.220000028610229,-16.200000000000003,4.795162660568272,0.9546478346269687,10.911995024229451,3.9686364488388217,-11.577704792018405,10.542049122268171,4.866920070798905,-11.577704792018405,10.063944367104446,4.646194706890707,-11.05263080965065,False,11.98948593847034,False
1999-01-19 10:00:57.000,30.0,out,8.699999809265137,365.0,5.699999809265137,1.2701431269981434,1.5199999809265137,29.05,4.6643761224875195,0.8962518302140681,-13.896695937796004,-13.562125506505469,14.794670983749883,-12.747815850143542,-14.647272691275711,14.794670983749883,-11.425253286923056,-13.127644957200395,13.2597509466008,True,18.658940411721932,True
1999-02-04 11:27:45.000,31.0,in,4.099999904632568,305.0,10.0,1.5559361500000002,1.6799999475479126,2.25,5.57664562795549,0.9270857527360663,10.761961149876365,3.005219820629228,-9.515193478979876,10.418986863378437,4.036813929635418,-9.515193478979876,9.659294278982385,3.742472680611489,-8.821400308889368,False,9.582442547430002,False
1999-02-07 07:02:02.000,31.0,out,8.199999809265137,426.0,5.400000095367432,1.639098519987521,1.9600000381469729,27.966666666666665,3.9988192532049704,0.9351661710344591,-28.27585980295434,-35.37466745004827,14.932037266602967,-25.740137033007578,-37.260390367249585,14.932037266602967,-24.07130539105998,-34.844656590990034,13.963936116352947,False,37.53853493152885,False
1999-02-07 07:10:54.000,31.0,out,8.199999809265137,426.0,5.400000095367432,1.639098519987521,1.9600000381469729,19.1,3.9988192532049704,0.9351661710344591,-28.29678463202039,-35.46241075378893,14.91763994098353,-25.754892060657365,-37.34937927095012,14.91763994098353,-24.085103793770738,-34.927876003328215,13.950472224480283,False,37.61079894644445,False
1999-02-07 07:12:20.000,31.0,out,8.199999809265137,426.0,5.400000095367432,1.639098519987521,1.9600000381469729,17.666666666666668,3.9988192532049704,0.9351661710344591,-28.30016234212278,-35.47658757518472,14.915309422567338,-25.757272914056426,-37.363757126406206,14.915309422567338,-24.08733028732773,-34.94132168736277,13.948292802496487,False,37.62247776747224,False
1999-02-07 07:18:07.000,31.0,out,8.199999809265137,426.0,5.400000095367432,1.639098519987521,1.9600000381469729,11.883333333333336,3.9988192532049704,0.9351661710344591,-28.31372609780615,-35.53369291303066,14.905864359562974,-25.76682135556443,-37.42166932152524,14.905864359562974,-24.09625966681212,-34.99547921312845,13.939460099091516,False,37.66951171983345,False
1999-02-07 07:21:31.000,31.0,out,8.199999809265137,426.0,5.400000095367432,1.639098519987521,1.9600000381469729,8.483333333333334,3.9988192532049704,0.9351661710344591,-28.321700178957183,-35.567264927210985,14.900311642407669,-25.772434848554727,-37.45571568407362,14.900311642407669,-24.101509215557986,-35.02731821963046,13.934267385850552,False,37.697172695570075,False
1999-02-07 07:49:03.000,31.0,out,8.199999809265137,426.0,5.400000095367432,1.639098519987521,1.9600000381469729,-19.05,3.9988192532049704,0.9351661710344591,-28.385705013193572,-35.838278583266586,14.854980321517921,-25.817384476671226,-37.73053298976312,14.854980321517921,-24.143544587173114,-35.284318067126115,13.891875068066152,False,37.920539215165185,False
1999-02-07 07:52:58.000,31.0,out,8.199999809265137,426.0,5.400000095367432,1.639098519987521,1.9600000381469729,-22.966666666666665,3.9988192532049704,0.9351661710344591,-28.3947212811741,-35.87669708688466,14.84847461475931,-25.823699644893868,-37.76948672076374,14.84847461475931,-24.14945031885932,-35.320746278593475,13.88579115118683,False,37.95221091808952,False
1999-02-07 08:06:29.000,31.0,out,8.300000190734863,445.0,6.400000095367432,2.119786367587278,2.609999895095825,23.516666666666666,3.828602204776033,0.9761201865944715,-28.425741973709453,-36.009140987874886,14.825964280437404,-25.957900841107804,-37.82682150754638,14.825964280437404,-25.338031012622938,-36.92352406822194,14.471923019863528,False,39.658330594080994,False
1999-02-07 08:24:45.000,31.0,out,8.300000190734863,445.0,6.400000095367432,2.119786367587278,2.609999895095825,5.25,3.828602204776033,0.9761201865944715,-28.467332654666254,-36.18763213370262,14.79533372597958,-25.98748049217313,-38.00769140035389,14.79533372597958,-25.366904307140224,-37.10007482173853,14.442023917330665,False,39.81190282575487,False
1999-02-22 05:23:00.000,32.0,in,7.699999809265137,395.0,10.600000381469728,2.7662546985511685,2.990000009536743,7.0,4.311510067044295,1.0203988783613573,10.607093520422922,-0.6123898814189214,-9.787788030574808,10.623114875629941,0.1867743478962972,-9.787788030574808,10.839814503796642,0.19058433510005562,-9.987447928037252,False,9.989266164440766,False
1999-02-22 06:04:26.500,32.0,in,11.5,393.0,13.100000381469728,3.384141404485608,4.050000190734863,25.55833333333333,4.333368227815633,1.055267821651502,10.423855209283277,0.20609080477676134,-9.137266816062269,10.378484402545569,0.9931225251870995,-9.137266816062269,10.95208062751835,1.0480102437872294,-9.642263648834584,False,9.699050146520523,False
1999-02-22 06:40:12.000,32.0,in,11.5,393.0,13.100000381469728,3.384141404485608,4.050000190734863,-10.2,4.333368227815633,1.055267821651502,10.23676894210682,0.911947848790302,-8.549943500709261,10.138598782062841,1.6828255968311008,-8.549943500709261,10.698937051346025,1.7758317017873444,-9.022480253236878,False,9.195581990995587,False
1999-02-23 18:52:05.000,32.0,out,9.0,406.0,5.5,1.5163758148,1.809999942779541,-22.083333333333336,4.1951185722240245,0.9231148837030858,-24.252620344597503,-8.82892512826352,15.702447111115404,-23.54177624210137,-10.579427388403369,15.702447111115404,-21.731764037891477,-9.766026883291216,14.495162638831152,True,17.478129791580482,True
1999-03-11 01:01:37.000,33.0,in,6.199999809265137,422.0,3.5999999046325684,1.0723078458335424,1.2799999713897705,28.383333333333333,4.036598040831218,0.8713136660158042,2.737067536239141,-18.02215313839775,-16.803870872267375,3.9989229806615993,-17.784773190471977,-16.803870872267375,3.484316242395105,-15.49611592784973,-14.641442332971476,False,21.319039435187676,False
1999-03-11 01:17:43.000,33.0,in,6.199999809265137,422.0,3.5999999046325684,1.0723078458335424,1.2799999713897705,12.283333333333331,4.036598040831218,0.8713136660158042,2.8662569043085595,-17.788261145179927,-16.69491136125365,4.111327353890496,-17.54236730318249,-16.69491136125365,3.582255708909383,-15.284904365531713,-14.546504421982815,False,21.100452420794586,False
1999-03-11 02:26:29.000,33.0,in,8.600000381469727,424.0,5.0,1.5034666880000005,1.7999999523162842,3.5166666666666666,4.017619983494106,0.9218004450122584,3.4157335795258064,-16.7703922620224,-16.211094983791362,4.582327741732337,-16.489862491111055,-16.211094983791362,4.223991751520885,-15.20036258249712,-14.943394570194869,False,21.315629568931527,False
1999-03-11 02:34:39.000,33.0,in,8.600000381469727,424.0,5.0,1.5034666880000005,1.7999999523162842,-4.65,4.017619983494106,0.9218004450122584,3.480689794663041,-16.64741289611052,-16.15156325787753,4.6385079964721445,-16.36263429729218,-16.15156325787753,4.275778735340942,-15.083083576816772,-14.88851819875515,False,21.193569410080578,False
1999-03-11 03:02:38.000,33.0,in,11.699999809265137,441.0,7.900000095367432,2.569782503761969,3.069999933242798,27.366666666666667,3.8632240707012913,1.0079461718948564,3.702646742783971,-16.22232786850491,-15.943875266258937,4.787211079140393,-15.936000892911473,-15.943875266258937,4.825251081272204,-16.06263109532313,-16.07056803979478,False,22.721603702778438,False
1999-03-11 03:07:21.000,33.0,in,11.699999809265137,441.0,7.900000095367432,2.569782503761969,3.069999933242798,22.65,3.8632240707012913,1.0079461718948564,3.7399562378476503,-16.15010326274232,-15.908288337771083,4.819569671209344,-15.86142667740247,-15.908288337771083,4.8578668002760095,-15.98746430027877,-16.03469833145595,False,22.64311297797819,False
1999-03-11 04:14:05.000,33.0,in,9.300000190734863,442.0,8.0,2.6141266112,3.130000114440918,15.916666666666666,3.8545101217930258,1.0108243956419651,4.264380916722658,-15.11126520109545,-15.387408927855434,5.270561732055569,-14.790417830789572,-15.387408927855434,5.327612377498739,-14.950515165100015,-15.553968329995248,False,21.574147364667294,False
1999-03-11 04:46:18.000,33.0,in,9.300000190734863,442.0,8.0,2.6141266112,3.130000114440918,-16.3,3.8545101217930258,1.0108243956419651,4.514761962781124,-14.597612994317833,-15.123322240836487,5.485847083085481,-14.2610961182321,-15.123322240836487,5.545228062344119,-14.415463864903938,-15.287023064192232,False,21.01186980269715,False
1999-03-11 05:05:54.000,33.0,in,9.100000381469728,439.0,8.399999618530273,2.707699091675086,3.240000009536743,24.1,3.880770522277032,1.0167667719835236,4.666002611491201,-14.28101059708611,-14.958301384134472,5.621848871155069,-13.932467811354204,-14.958301384134472,5.716109129303556,-14.166070322314962,-15.20910381270308,False,20.784474666499325,False
1999-03-11 05:13:55.000,33.0,in,9.100000381469728,439.0,8.399999618530273,2.707699091675086,3.240000009536743,16.083333333333332,3.880770522277032,1.0167667719835236,4.727637196305432,-14.150718606117826,-14.889951650966987,5.674523910831542,-13.798303117224997,-14.889951650966987,5.769667359359508,-14.029656119351051,-15.13960807514444,False,20.640711797227905,False
1999-03-11 05:36:58.000,33.0,in,9.100000381469728,439.0,8.399999618530273,2.707699091675086,3.240000009536743,-6.966666666666667,3.880770522277032,1.0167667719835236,4.903929106194187,-13.772989130470025,-14.690070723586324,5.824846692640022,-13.409508241313869,-14.690070723586324,5.922510568974499,-13.634342408407159,-14.936375789830532,False,20.223516376850135,False
1999-03-11 05:40:45.000,33.0,in,9.100000381469728,439.0,8.399999618530273,2.707699091675086,3.240000009536743,-10.75,3.880770522277032,1.0167667719835236,4.932700023533036,-13.710460933169562,-14.65668705942206,5.849319703395647,-13.345176189530022,-14.65668705942206,5.947393913121214,-13.56893171577982,-14.90243238938125,False,20.154364267512257,False
1999-03-11 07:56:59.000,33.0,in,8.699999809265137,423.0,9.300000190734863,2.7832728593024902,3.3299999237060547,-26.98333333333333,4.027086690108799,1.0214424653980974,5.938586182333569,-11.378224411182162,-13.363666389000281,6.722994280940131,-10.933075710643879,-13.363666389000281,6.867151853180796,-11.167507808264139,-13.650216343138137,False,17.636372553961202,False
1999-03-12 22:55:30.000,33.0,out,6.900000095367432,435.0,10.899999618530272,3.449825190765696,4.130000114440918,-25.5,3.9163452245041412,1.0586542044032872,-25.879706178968707,-3.5656490132812455,13.061344063427377,-25.575739304421905,-5.324904114433718,13.061344063427377,-27.075863945348654,-5.637232128789618,13.827446807905307,True,14.932403399965747,True
1999-03-12 22:58:20.000,33.0,out,6.900000095367432,435.0,10.899999618530272,3.449825190765696,4.130000114440918,-28.33333333333333,3.9163452245041412,1.0586542044032872,-25.916955810868,-3.5904709073414516,13.062449565753159,-25.61120661927099,-5.352212191604488,13.062449565753159,-27.113411567332534,-5.666141939500623,13.828617152590475,True,14.944424272332721,True
1999-03-12 23:11:29.000,33.0,out,6.900000095367432,440.0,10.699999809265137,3.4648242902371216,4.139999866485596,18.516666666666666,3.871977448261284,1.0594199519052592,-26.089076178720006,-3.7055184436152637,13.067181000186142,-25.779302136664334,-5.458785958581128,13.067181000186142,-27.311107029776075,-5.783146757701123,13.84363226675452,True,15.003031052365248,True
1999-03-27 22:35:08.000,34.0,in,9.800000190734863,346.0,6.199999809265137,1.2414692477278269,1.4800000190734863,-5.133333333333333,4.9192879595858745,0.8928474709985701,-13.451099059150183,-24.473674236246737,-20.58728903875409,-11.3028772348254,-25.536988129680918,-20.58728903875409,-10.09174535412117,-22.800635268506113,-18.381308952968173,False,29.28722396322179,False
1999-03-27 23:33:58.000,34.0,in,8.399999618530273,335.0,5.599999904632568,1.0511621780988143,1.2599999904632568,-3.9666666666666655,5.079984951807397,0.8684261640910607,-12.81324334767254,-24.013694247857714,-20.369628707758938,-10.636588792428272,-25.053935726289765,-20.369628707758938,-9.23709200402245,-21.7574932981658,-17.689518522638245,False,28.04117651209541,False
1999-03-28 00:11:52.000,34.0,in,8.5,333.0,6.199999809265137,1.149932201303844,1.3799999952316284,18.133333333333333,5.110334295554386,0.8815223295045204,-12.398703000874582,-23.711718524316126,-20.22420040039307,-10.23732194673763,-24.721866249115113,-20.22420040039307,-9.024427890375907,-21.792877125619132,-17.828084249320753,False,28.156173060506863,False
1999-03-28 06:48:25.000,34.0,in,9.800000190734863,337.0,7.099999904632568,1.348684098624431,1.6100000143051147,-18.416666666666668,5.049993029861158,0.9052592780833135,-7.883371183048325,-20.244131366358484,-18.413718410004318,-6.0707817885931465,-20.859482363265442,-18.413718410004318,-5.495631539343159,-18.883239945361286,-16.669189434669928,False,25.188065174661585,False
1999-03-28 06:59:09.000,34.0,in,9.800000190734863,337.0,7.099999904632568,1.348684098624431,1.6100000143051147,-29.15,5.049993029861158,0.9052592780833135,-7.756545474101743,-20.141365098571086,-18.356218940514584,-5.953494376332149,-20.745951181778267,-18.356218940514584,-5.389456021191508,-18.78046478996826,-16.61713750642948,False,25.076585027368118,False
1999-03-28 07:00:44.000,34.0,in,9.800000190734863,335.0,7.599999904632568,1.4265772480988146,1.7100000381469729,29.266666666666666,5.079984951807397,0.9137705576898894,-7.737818011522149,-20.126164739372054,-18.34769746389753,-5.925325965553418,-20.732265840899252,-18.34769746389753,-5.414388412038129,-18.944534119613554,-16.765585743911014,False,25.29783070434369,False
1999-03-28 07:15:12.000,34.0,in,9.800000190734863,335.0,7.599999904632568,1.4265772480988146,1.7100000381469729,14.8,5.079984951807397,0.9137705576898894,-7.566428531298301,-19.98667008330516,-18.269245729134216,-5.766961435347486,-20.578143199553875,-18.269245729134216,-5.269679566953557,-18.80370138767875,-16.6938988584846,False,25.144889042791682,False
1999-03-28 07:18:22.000,34.0,in,9.800000190734863,335.0,7.599999904632568,1.4265772480988146,1.7100000381469729,11.633333333333333,5.079984951807397,0.9137705576898894,-7.528849544805335,-19.95599686780502,-18.251938275993496,-5.732246058086252,-20.54426298472919,-18.251938275993496,-5.237957677313145,-18.772742644883742,-16.678083817376013,False,25.11123944034735,False
1999-03-28 07:24:42.000,34.0,in,9.800000190734863,335.0,7.599999904632568,1.4265772480988146,1.7100000381469729,5.3,5.079984951807397,0.9137705576898894,-7.453673730261687,-19.894610519359684,-18.21728457828879,-5.662801066630571,-20.476461214623438,-18.21728457828879,-5.1745008887419175,-18.710787383601847,-16.646418288698367,False,25.043897587170125,False
1999-03-28 07:25:27.000,34.0,in,9.800000190734863,335.0,7.599999904632568,1.4265772480988146,1.7100000381469729,4.55,5.079984951807397,0.9137705576898894,-7.44475432803234,-19.887303041734317,-18.21314388241099,-5.654563749738,-20.46839265987147,-18.21314388241099,-5.166973871091124,-18.70341457582639,-16.642634642716885,False,25.035874353539068,False
1999-03-28 07:45:24.000,34.0,in,9.800000190734863,335.0,7.599999904632568,1.4265772480988146,1.7100000381469729,-15.4,5.079984951807397,0.9137705576898894,-7.207258598016512,-19.69238271629883,-18.102473861033797,-5.435260371751776,-20.25320859111298,-18.102473861033797,-4.966580901085376,-18.506785709310964,-16.541507635563498,False,24.821816858315632,False
1999-03-28 08:11:34.000,34.0,in,9.399999618530272,328.0,7.900000095367432,1.4215655045208924,1.7000000476837158,18.433333333333334,5.187813821806418,0.9132347411913879,-6.894510498056971,-19.433866071255814,-17.95453270629489,-5.109043159650296,-19.97766511572752,-17.95453270629489,-4.665755707638869,-18.24429783156964,-16.396703029245526,False,24.529701865214058,False
1999-03-28 08:18:51.000,34.0,in,9.399999618530272,328.0,7.900000095367432,1.4215655045208924,1.7000000476837158,11.15,5.187813821806418,0.9132347411913879,-6.807163598114424,-19.36121663838042,-17.912676446776295,-5.028623080216375,-19.897415306690164,-17.912676446776295,-4.592313297210442,-18.171010917982752,-16.35847843891682,False,24.44965142119525,False
1999-03-28 08:37:12.000,34.0,in,9.399999618530272,328.0,7.900000095367432,1.4215655045208924,1.7000000476837158,-7.199999999999999,5.187813821806418,0.9132347411913879,-6.58670487211672,-19.17724199757999,-17.806301732399653,-4.825702557420229,-19.69426024336583,-17.806301732399653,-4.406999226092282,-17.985482656306033,-16.26133335416376,False,24.246825541409002,False
1999-03-28 08:46:21.000,34.0,in,9.399999618530272,328.0,7.900000095367432,1.4215655045208924,1.7000000476837158,-16.35,5.187813821806418,0.9132347411913879,-6.476494609822274,-19.08482383431161,-17.752590292625342,-4.7243002756249854,-19.592255360817838,-17.752590292625342,-4.314395139520786,-17.892328253792062,-16.21228220136245,False,24.144844263694463,False
1999-03-28 09:01:34.000,34.0,in,9.300000190734863,328.0,7.099999904632568,1.2776094714791078,1.5299999713897705,28.433333333333334,5.187813821806418,0.8971277673789833,-6.2928310422022005,-18.93018810823708,-17.662340714262868,-4.555371338355626,-19.42164607618603,-17.662340714262868,-4.086750118361194,-17.423697983153563,-15.845376291673563,False,23.551246277700045,False
1999-03-28 09:09:39.000,34.0,in,9.300000190734863,328.0,7.099999904632568,1.2776094714791078,1.5299999713897705,20.35,5.187813821806418,0.8971277673789833,-6.195061572975441,-18.84753144500382,-17.613894178716084,-4.465476245521775,-19.330487613199143,-17.613894178716084,-4.0061027344288345,-17.34191719477644,-15.80191355940123,False,23.46151240072283,False
1999-03-28 10:09:02.000,34.0,in,9.800000190734863,328.0,7.199999809265137,1.2956039541582154,1.5499999523162842,20.96666666666667,5.187813821806418,0.899221445706522,-5.4726864988490505,-18.229574909384954,-17.24736781943122,-3.8019363730403537,-18.649744735703887,-17.24736781943122,-3.4187827218495572,-16.770250423297245,-15.509203025221083,False,22.84243151981917,False
1999-03-28 10:49:24.000,34.0,in,9.800000190734863,328.0,7.199999809265137,1.2956039541582154,1.5499999523162842,-19.4,5.187813821806418,0.899221445706522,-4.977521857297718,-17.798207069658204,-16.986965475866743,-3.3478047077370103,-18.17537076301779,-16.986965475866743,-3.0104177892343746,-16.343683173772906,-15.27504365337567,False,22.37058198387337,False
1999-03-28 11:09:07.000,34.0,in,11.0,329.0,8.199999809265137,1.4845599175886173,1.7799999713897705,20.883333333333333,5.172131043023549,0.9198582339692962,-4.734451854119062,-17.583964579111917,-16.85622290916999,-3.130012731161175,-17.939171245662465,-16.85622290916999,-2.879167983187332,-16.501494380907854,-15.5053354366219,False,22.643205245841333,False
1999-03-28 11:11:37.000,34.0,in,11.0,329.0,8.199999809265137,1.4845599175886173,1.7799999713897705,18.383333333333333,5.172131043023549,0.9198582339692962,-4.703599251527675,-17.556702369111775,-16.839547880249285,-3.101743387348263,-17.909238731883274,-16.839547880249285,-2.8531641945121162,-16.47396071164467,-15.489996773967512,False,22.61263765212577,False
1999-03-28 11:12:32.000,34.0,in,11.0,329.0,8.199999809265137,1.4845599175886173,1.7799999713897705,17.466666666666665,5.172131043023549,0.9198582339692962,-4.692273952309429,-17.54666708412657,-16.8333942471844,-3.091368863154827,-17.898223351958965,-16.8333942471844,-2.84362110300927,-16.46382812372099,-15.484336303923953,False,22.601378437175985,False
1999-03-28 16:01:22.000,34.0,in,10.800000190734863,339.0,11.5,2.2104939429000003,2.640000104904175,28.633333333333333,5.020352268835299,0.9829607274202509,-1.0499618867877236,-14.096163645326156,-14.59805625349288,0.18761574403787273,-14.13396794294195,-14.59805625349288,0.184418908234959,-13.893135410528727,-14.349315993855104,False,19.97303384633374,False
1999-03-28 16:26:29.000,34.0,in,10.800000190734863,339.0,11.5,2.2104939429000003,2.640000104904175,3.5166666666666666,5.020352268835299,0.9829607274202509,-0.7276143123967023,-13.764557620241497,-14.370504723717461,0.4797079782926069,-13.775425558730127,-14.370504723717461,0.4715341032917988,-13.540702327732882,-14.125641776621467,False,19.567431490354178,False
1999-03-28 17:00:59.000,34.0,in,17.200000762939453,349.0,15.5,3.1577274653000003,3.7799999713897705,29.016666666666666,4.877206667909426,1.0431587034333487,-0.2840191917258738,-13.29950817262121,-14.047616826075078,0.8477407065110725,-13.275500752491826,-14.047616826075078,0.8843280962517613,-13.848454152397819,-14.653893754616972,False,20.16224899614789,False
1999-03-28 17:03:38.000,34.0,in,17.200000762939453,349.0,15.5,3.1577274653000003,3.7799999713897705,26.366666666666667,4.877206667909426,1.0431587034333487,-0.24990886073185856,-13.263206853278225,-14.022184279930002,0.8786411725489556,-13.236430793889285,-14.022184279930002,0.9165621863393257,-13.807697985038798,-14.627363572755266,False,20.11497672719539,False
1999-03-28 17:38:49.000,34.0,in,17.200000762939453,349.0,15.5,3.1577274653000003,3.7799999713897705,-8.816666666666666,4.877206667909426,1.0431587034333487,0.20317381585498823,-12.77583308542821,-13.678598929816681,1.2886465398019353,-12.712300370964638,-13.678598929816681,1.344262853643658,-13.26094677263075,-14.26894952441236,False,19.479620885345113,False
1999-03-28 17:45:11.000,34.0,in,17.200000762939453,349.0,15.5,3.1577274653000003,3.7799999713897705,-15.183333333333332,4.877206667909426,1.0431587034333487,0.2851988706579541,-12.686268816316897,-13.614918127692134,1.362759794541839,-12.616086580951295,-13.614918127692134,1.4215747403653616,-13.160580520188022,-14.202520341434521,False,19.362656420987637,False
1999-03-28 19:15:29.000,34.0,in,11.699999809265137,341.0,17.600000381469727,3.423052244752658,4.090000152587891,14.516666666666666,4.991056552855313,1.057280444934688,1.4473975118289835,-11.36737877973263,-12.65749633397199,2.430874117544974,-11.198353044256747,-12.65749633397199,2.570115668578167,-11.83979968916749,-13.382523355741087,False,17.868206066826247,False
1999-03-28 19:21:29.000,34.0,in,11.699999809265137,341.0,17.600000381469727,3.423052244752658,4.090000152587891,8.516666666666667,4.991056552855313,1.057280444934688,1.5244009305896271,-11.276378588230347,-12.590077252366472,2.499668522917638,-11.100998582912132,-12.590077252366472,2.6428506480995946,-11.736868720960679,-13.311242479144116,False,17.74664091346968,False
1999-03-28 19:48:59.000,34.0,in,11.699999809265137,341.0,17.600000381469727,3.423052244752658,4.090000152587891,-18.98333333333333,4.991056552855313,1.057280444934688,1.8766290352780177,-10.853381456778617,-12.274284629186013,2.8137602276397504,-10.648961403054626,-12.274284629186013,2.9749336654184844,-11.258938650313913,-12.97736111400079,False,17.180675219988075,False
1999-04-02 21:18:07.000,34.0,out,6.400000095367432,423.0,4.900000095367432,1.4664555910012451,1.75,11.883333333333336,4.027086690108799,0.9179790383756823,-59.24560361460924,-14.471656985539388,17.779740210772456,-58.083007439587206,-18.596630080188376,17.779740210772456,-53.318983315359866,-17.071316598039612,16.32142882125435,True,23.618189794261855,True
1999-04-21 12:37:25.000,35.0,in,9.699999809265137,519.0,4.699999809265137,2.11750599448761,2.5299999713897705,-7.416666666666667,3.284006595093033,0.9759450968910047,-6.4559342317758475,10.209929238006259,-24.90710054259252,-7.030211963520887,9.823332509799211,-24.90710054259252,-6.861100895902692,9.587033198068548,-24.307962652314455,False,26.130217256027223,False
1999-04-21 12:41:19.000,35.0,in,9.699999809265137,519.0,4.699999809265137,2.11750599448761,2.5299999713897705,-11.316666666666666,3.284006595093033,0.9759450968910047,-6.502767244569473,10.209775068420852,-24.86630399819592,-7.076959237636672,9.820495747854212,-24.86630399819592,-6.906723668869012,9.584264674157279,-24.268147464840496,False,26.092165696230413,False
1999-04-21 12:49:41.000,35.0,in,9.699999809265137,519.0,4.699999809265137,2.11750599448761,2.5299999713897705,-19.683333333333334,3.284006595093033,0.9759450968910047,-6.603203103009975,10.209395406182724,-24.77865077031349,-7.177208415846536,9.814363205775866,-24.77865077031349,-7.004561362810282,9.57827964978444,-24.18260272686197,False,26.010415523299635,False
1999-04-23 20:24:31.000,35.0,out,9.800000190734863,412.0,6.099999904632568,1.731874240763869,1.919999957084656,5.483333333333333,4.134238005260757,0.9437870281711347,-3.8446265176144943,-7.220010617796922,24.81732558787462,-3.3141067341115154,-7.478395746145129,24.81732558787462,-3.1278109456290517,-7.058012896741967,23.422269963735648,False,24.462589321343092,False
1999-05-05 19:46:51.000,36.0,in,6.699999809265137,440.0,10.300000190734863,3.335298269762879,3.990000009536743,-16.849999999999998,3.871977448261284,1.052713982657957,-5.334521197389499,12.479015376421824,-23.85234453671207,-6.165019332920416,12.090305115880565,-23.85234453671207,-6.490002055121952,12.727633250088502,-25.109696612971927,False,28.151190243828985,False
1999-05-05 19:57:58.000,36.0,in,6.699999809265137,440.0,10.300000190734863,3.335298269762879,3.990000009536743,-27.966666666666665,3.871977448261284,1.052713982657957,-5.458523140420146,12.50350167383322,-23.72631382858639,-6.290391726463474,12.106362001430993,-23.72631382858639,-6.621983326844026,12.744536558025375,-24.97702232428374,False,28.040593008469234,False
1999-05-05 20:36:44.000,36.0,in,7.0,436.0,10.800000190734863,3.4339094123250216,4.110000133514404,-6.733333333333333,3.9073906376698027,1.0578386178278343,-5.88946177402985,12.585908978349808,-23.280709164275056,-6.733425662833665,12.155321618211431,-23.280709164275056,-7.122877696418433,12.858368619861574,-24.62723320438852,False,27.781977231067938,False
1999-05-05 20:40:29.000,36.0,in,7.0,436.0,10.800000190734863,3.4339094123250216,4.110000133514404,-10.483333333333334,3.9073906376698027,1.0578386178278343,-5.930994067785629,12.593582030834364,-23.237002603161564,-6.7753842870085,12.160146658771055,-23.237002603161564,-7.1672631494214984,12.86347273409813,-24.580998716190216,False,27.743367291412753,False
1999-05-05 21:18:44.000,36.0,in,20.799999237060547,412.0,16.299999237060547,4.62779495811095,5.53000020980835,11.266666666666666,4.134238005260757,1.111775151546906,-6.353430616854019,12.669623161237382,-22.786802873055823,-7.250295304466816,12.178614438800794,-22.786802873055823,-8.060698160883415,13.539880913329092,-25.33380121746111,False,28.72507370352542,False
1999-05-05 21:29:47.000,36.0,in,20.799999237060547,412.0,16.299999237060547,4.62779495811095,5.53000020980835,0.2166666666666666,4.134238005260757,1.111775151546906,-6.474968844607619,12.690678658741566,-22.654964739691515,-7.373035239055999,12.190853035030667,-22.654964739691515,-8.197157370262161,13.55348748050728,-25.187226856760347,False,28.60233241569955,False
1999-05-05 22:10:17.000,36.0,in,17.600000381469727,397.0,16.700000762939453,4.402400984903668,5.260000228881836,19.71666666666667,4.289870901110799,1.1025616384485715,-6.918395387961757,12.76429385496265,-22.164957629004505,-7.853812914587071,12.21102023021308,-22.164957629004505,-8.659312835175673,13.463402472152387,-24.43823199957837,False,27.901440632920288,False
1999-05-08 06:39:20.000,36.0,out,6.699999809265137,428.0,2.0999999046325684,0.6434264434200333,0.7699999809265137,-9.333333333333334,3.9801933801527065,0.8002108384286398,-1.5569811473411999,-9.430693843593719,25.89275217915949,-0.8986261257612221,-9.516020583777221,25.89275217915949,-0.7190903655292679,-7.614822809848565,20.71966093051021,False,22.0746432700667,False
1999-08-17 19:14:15.000,37.0,in,6.099999904632568,515.0,3.5,1.5526536725000002,1.850000023841858,15.75,3.309456965247246,0.9267594950725848,-1.083451722661109,26.967388179312092,2.675179315478733,-2.6384400175428437,26.859868337779833,2.675179315478733,-2.4451993384373076,24.892638018436948,2.4792478316416937,False,25.01579695567648,False
1999-08-19 13:42:08.500,37.0,out,5.900000095367432,767.0,1.7000000476837158,1.67275275529945,2.0,-12.141666666666666,2.2234832935057502,0.9383392958066229,2.8238713772503092,-20.773904728707844,-2.1529128569711977,3.6277180358636767,-20.648705264131046,-2.1529128569711977,3.4040303871573077,-19.37549155686323,-2.020162734143378,False,19.480521824183768,False
1999-08-19 13:52:31.000,37.0,out,5.900000095367432,767.0,1.7000000476837158,1.67275275529945,2.0,-22.516666666666666,2.2234832935057502,0.9383392958066229,3.0099596312369323,-20.866544067495017,-2.1687615075464737,3.8172603459824677,-20.734055120824227,-2.1687615075464737,3.5818853849597345,-19.455578681289907,-2.035034145763668,False,19.56172042020554,False
1999-08-19 15:53:30.000,37.0,out,5.300000190734863,728.0,1.2999999523162842,1.152386567650711,1.3799999952316284,-23.5,2.342469149210587,0.8818356316190061,5.162444167821382,-21.857473929115542,-2.343846977006994,6.051497947881072,-21.62820771433985,-2.343846977006994,5.3364265151108246,-19.072524210561944,-2.066887779387261,False,19.184191535090864,False
1999-08-19 16:02:51.000,37.0,out,5.699999809265137,736.0,1.399999976158142,1.2684569998383055,1.4299999475479126,27.15,2.3170354308596326,0.8960534232937365,5.327302938109439,-21.927651000913368,-2.3566708633122375,6.209457709543806,-21.69434649777756,-2.3566708633122375,5.5640058374344115,-19.439293445454066,-2.1117029946475356,False,19.553654880765304,False
1999-08-19 16:06:25.000,37.0,out,5.699999809265137,736.0,1.399999976158142,1.2684569998383055,1.4299999475479126,23.58333333333333,2.3170354308596326,0.8960534232937365,5.390110225578201,-21.95412228127567,-2.3615293404027207,6.273283851054857,-21.71825690770744,-2.3615293404027207,5.621197470031019,-19.46071845012409,-2.1160564496764573,False,19.57542483557426,False
1999-09-08 09:40:11.000,38.0,in,6.099999904632568,445.0,4.400000095367432,1.457353137587278,1.659999966621399,-10.183333333333334,3.828602204776033,0.917026906519468,3.181591209410154,24.56806161317884,2.6816470962168233,1.5340321819934255,24.725673283398294,2.6816470962168233,1.4067487863547405,22.674107682685797,2.459142541020628,False,22.807072176039792,False
1999-09-08 09:51:54.000,38.0,in,6.099999904632568,445.0,4.400000095367432,1.457353137587278,1.659999966621399,-21.9,3.828602204776033,0.917026906519468,2.9999266525266273,24.458959005840377,2.6697097769036504,1.360058052191399,24.60468405943448,2.6697097769036504,1.2472098282879718,22.563157308912068,2.4481956980187336,False,22.695588336117428,False
1999-09-08 10:21:58.000,38.0,in,6.099999904632568,434.0,4.099999904632568,1.2916813769150397,1.5399999618530271,8.033333333333333,3.9253408837755424,0.8987671243233336,2.5329424726205834,24.173620310845898,2.6384654789101516,0.8721579954255261,24.290307880584013,2.6384654789101516,0.7838669335042032,21.831330162760903,2.371366031106464,False,21.959743931315767,False
1999-09-08 11:26:28.000,38.0,in,6.5,441.0,4.099999904632568,1.3336845434380311,1.590000033378601,3.533333333333333,3.8632240707012913,0.9035734570173968,1.5276573209343702,23.534176971314224,2.568333342511218,-0.06142679696825426,23.583626721858437,2.568333342511218,-0.05550362329011125,21.309539126077485,2.320677837065907,False,21.43553132976358,False
1999-09-08 11:34:42.000,38.0,in,6.5,441.0,4.099999904632568,1.3336845434380311,1.590000033378601,-4.7,3.8632240707012913,0.9035734570173968,1.399045539380237,23.449834903954873,2.5590726888033655,-0.1840637992643892,23.49081109629466,2.5590726888033655,-0.16631516341308034,21.22567339042159,2.3123101561808617,False,21.351252636209153,False
1999-09-10 02:09:20.000,38.0,out,9.199999809265137,448.0,11.5,3.8605213696,4.320000171661377,20.666666666666668,3.8030397320431666,1.0786873985774554,-3.524725995347659,-21.700747970924414,-2.379200216246169,-2.0776224019768517,-21.886745783571012,-2.379200216246169,-2.2411051040146543,-23.608956872606306,-2.5664132919574993,False,23.74803827261782,False
1999-09-10 02:22:41.000,38.0,out,9.199999809265137,448.0,11.5,3.8605213696,4.320000171661377,7.316666666666666,3.8030397320431666,1.0786873985774554,-3.3369564614583846,-21.88086718532451,-2.3982210501928063,-1.878319608058553,-22.054014207337918,-2.3982210501928063,-2.0261196917137063,-23.78938721350358,-2.5869308258461716,False,23.92962923013478,False
1999-09-10 02:27:11.000,38.0,out,9.199999809265137,448.0,11.5,3.8605213696,4.320000171661377,2.8166666666666664,3.8030397320431666,1.0786873985774554,-3.273596599317915,-21.941057888297475,-2.4045732643467788,-1.811107008504515,-22.10986990817523,-2.4045732643467788,-1.9536183075491327,-23.849638054135504,-2.5937828792071267,False,23.99026771292343,False
1999-09-29 22:44:23.000,39.0,in,7.0,553.0,3.5999999046325684,1.841386031459928,2.130000114440918,-14.383333333333333,3.08249869972,0.9534810934233576,4.696339325012237,20.160240881607525,2.224262109575223,3.605451586618212,20.38361190556394,2.224262109575223,3.4377299210937124,19.435388567634476,2.120791868297928,False,19.550756684168917,False
1999-09-29 22:48:16.000,39.0,in,7.0,553.0,3.5999999046325684,1.841386031459928,2.130000114440918,-18.26666666666667,3.08249869972,0.9534810934233576,4.622857501358402,20.132907545910033,2.218580642677121,3.533545898084628,20.35236672026514,2.218580642677121,3.3691692065673515,19.405596874191563,2.115374697027677,False,19.5205532747527,False
1999-09-29 22:58:22.000,39.0,in,7.0,553.0,3.5999999046325684,1.841386031459928,2.130000114440918,-28.366666666666667,3.08249869972,0.9534810934233576,4.431400171817808,20.060461829017683,2.2036481350590753,3.3462612616813967,20.26973043345256,2.2036481350590753,3.1905968466682024,19.326804737085055,2.10113683333647,False,19.440683047100393,False
1999-09-29 23:00:14.000,39.0,in,7.300000190734863,552.0,3.5999999046325684,1.834732428836188,2.190000057220459,29.766666666666666,3.0880721381244416,0.9529060142166463,4.39600709086359,20.047038424114135,2.2008844646603842,3.3096709553315495,20.25474527334931,2.2008844646603842,3.153805358413587,19.30086858740075,2.0972360429708643,False,19.414477259201423,False
1999-09-29 23:05:32.000,39.0,in,7.300000190734863,552.0,3.5999999046325684,1.834732428836188,2.190000057220459,24.46666666666667,3.0880721381244416,0.9529060142166463,4.295352490825597,20.008247854698833,2.19296075794396,3.2112521994316685,20.2105886739389,2.19296075794396,3.0600215340048704,19.258791498255214,2.0896854951858943,False,19.371830978047935,False
1999-09-29 23:07:02.000,39.0,in,7.300000190734863,552.0,3.5999999046325684,1.834732428836188,2.190000057220459,22.966666666666665,3.0880721381244416,0.9529060142166463,4.2668653398714484,19.99726939165677,2.1907181994393112,3.183397834554343,20.198091523162372,2.1907181994393112,3.033478942191082,19.246882888119686,2.087548547699582,False,19.359761358239854,False
1999-09-29 23:10:25.000,39.0,in,7.300000190734863,552.0,3.5999999046325684,1.834732428836188,2.190000057220459,19.58333333333333,3.0880721381244416,0.9529060142166463,4.202610988274866,19.972506858350773,2.185659984145493,3.120570767108821,20.16990350529975,2.185659984145493,2.9736106517666494,19.220022356369547,2.0827285439249,False,19.332537794273797,False
1999-09-29 23:14:08.000,39.0,in,7.300000190734863,552.0,3.5999999046325684,1.834732428836188,2.190000057220459,15.866666666666664,3.0880721381244416,0.9529060142166463,4.131953122016336,19.94498770851271,2.1800674434462266,3.0514979850139308,20.138617910440615,2.1800674434462266,2.9077907822897524,19.190210124869935,2.0773993782578177,False,19.30232506237128,False
1999-09-29 23:15:58.000,39.0,in,7.300000190734863,552.0,3.5999999046325684,1.834732428836188,2.190000057220459,14.033333333333331,3.0880721381244416,0.9529060142166463,4.0970727271822565,19.93129720116833,2.1772956190930013,3.017405760207388,20.123068243470936,2.1772956190930013,2.8753040962335716,19.17539275369546,2.074758090161277,False,19.287309516652808,False
1999-09-29 23:22:24.000,39.0,in,7.300000190734863,552.0,3.5999999046325684,1.834732428836188,2.190000057220459,7.6,3.0880721381244416,0.9529060142166463,3.974674250764485,19.883255966305327,2.1675690354535004,2.8977730440680647,20.06850304846824,2.1675690354535004,2.761305361527338,19.123397251210488,2.0654895701134155,False,19.23461903942608,False
1999-09-29 23:25:37.000,39.0,in,7.300000190734863,552.0,3.5999999046325684,1.834732428836188,2.190000057220459,4.383333333333333,3.0880721381244416,0.9529060142166463,3.9134214863111336,19.858991539021055,2.1626782123985593,2.8379163717440026,20.04097411163985,2.1626782123985593,2.7042675784787438,19.097164761741727,2.060829075409893,False,19.20803785958276,False
1999-10-01 14:44:44.000,39.0,out,11.800000190734863,461.0,4.199999809265137,1.492942955520885,1.7899999618530271,-14.733333333333333,3.696097232540144,0.920721915915121,-5.92893453568155,-24.780887693287816,-2.7273863409611137,-4.3191190012932,-25.111548551381873,-2.7273863409611137,-3.976707521936079,-23.1207530938239,-2.511164377290448,False,23.25672311731255,False
1999-10-01 14:46:17.000,39.0,out,11.800000190734863,461.0,4.199999809265137,1.492942955520885,1.7899999618530271,-16.283333333333335,3.696097232540144,0.920721915915121,-5.912516497031024,-24.802713496595043,-2.728860559950894,-4.301328126098881,-25.132270579346244,-2.728860559950894,-3.960327073241359,-23.1398323191129,-2.5125217230231973,False,23.275837367650716,False
1999-10-01 14:47:37.000,39.0,out,11.800000190734863,461.0,4.199999809265137,1.492942955520885,1.7899999618530271,-17.616666666666667,3.696097232540144,0.920721915915121,-5.898393453030573,-24.8214883811604,-2.730128705318448,-4.286024147437102,-25.150095979745696,-2.730128705318448,-3.9462363646867615,-23.15624455592064,-2.5136893322556704,False,23.292279750868104,False
1999-10-01 14:52:24.000,39.0,out,11.800000190734863,461.0,4.199999809265137,1.492942955520885,1.7899999618530271,-22.4,3.696097232540144,0.920721915915121,-5.847642612780572,-24.888428036551982,-2.7346306063179235,-4.231063648044551,-25.21362478232017,-2.7346306063179235,-3.8956330283864005,-23.2147369167428,-2.5178343311691673,False,23.350877924240773,False
1999-10-01 15:18:57.000,39.0,out,11.699999809265137,456.0,4.199999809265137,1.460733698783606,1.919999957084656,11.05,3.736510425537548,0.9173810958425838,-5.56543849420061,-25.257366438676534,-2.759321210189831,-3.9076310512985755,-25.56636627714703,-2.759321210189831,-3.5847868559887948,-23.45410111204202,-2.5313491155856314,False,23.59030706283551,False
1999-10-01 15:24:54.000,39.0,out,11.699999809265137,456.0,4.199999809265137,1.460733698783606,1.919999957084656,5.1000000000000005,3.736510425537548,0.9173810958425838,-5.502071728013567,-25.339400073430088,-2.7647810979915453,-3.8390530004051824,-25.644096034792,-2.7647810979915453,-3.521874648509465,-23.52540892228994,-2.536357913440346,False,23.66174077336726,False
1999-10-01 15:30:26.000,39.0,out,11.699999809265137,456.0,4.199999809265137,1.460733698783606,1.919999957084656,-0.4333333333333333,3.736510425537548,0.9173810958425838,-5.443063776376211,-25.415258521520627,-2.76980919461685,-3.7752269242655023,-25.715947788478,-2.76980919461685,-3.4633218128371137,-23.59132436282462,-2.5409705942324705,False,23.72777100261962,False
1999-10-01 15:48:06.000,39.0,out,11.699999809265137,456.0,4.199999809265137,1.460733698783606,1.919999957084656,-18.1,3.736510425537548,0.9173810958425838,-5.254469539607067,-25.65634922553795,-2.7857384514094172,-3.571322137634157,-25.944235658709708,-2.7857384514094172,-3.2762634162297015,-23.80075133938535,-2.5555837932847933,False,23.93755987655704,False
1999-10-01 15:50:46.000,39.0,out,11.699999809265137,456.0,4.199999809265137,1.460733698783606,1.919999957084656,-20.766666666666666,3.736510425537548,0.9173810958425838,-5.225948668985486,-25.692425756469998,-2.7881072801667193,-3.540510851632993,-25.97837684791071,-2.7881072801667193,-3.2479977249136343,-23.832071820947935,-2.5577569120060306,False,23.968933386776627,False
1999-10-13 19:48:13.000,40.0,in,8.399999618530273,580.0,4.599999904632568,2.588248090340309,3.0899999141693115,-18.216666666666665,2.9392608179046698,1.009149700143487,6.868444084403929,13.485039757662769,7.162729172635164,6.167932161408417,13.819494717919053,7.162729172635164,6.224366891190674,13.945938950722516,7.228265996773782,False,15.707865626411358,False
1999-10-13 19:48:31.000,40.0,in,8.399999618530273,580.0,4.599999904632568,2.588248090340309,3.0899999141693115,-18.516666666666666,2.9392608179046698,1.009149700143487,6.862444153410652,13.486097802554623,7.159567206387628,6.161885869929632,13.820243710756703,7.159567206387628,6.218265277957878,13.94669479662004,7.225075099483218,False,15.707068661696267,False
1999-10-13 19:49:57.000,40.0,in,8.399999618530273,580.0,4.599999904632568,2.588248090340309,3.0899999141693115,-19.950000000000003,2.9392608179046698,1.009149700143487,6.8337778164427725,13.491152905926818,7.144460034316071,6.132998032864332,13.823822232092152,7.144460034316071,6.189113125845637,13.950306060352665,7.20982970131719,False,15.703269834639785,False
1999-10-13 19:52:55.000,40.0,in,8.399999618530273,580.0,4.599999904632568,2.588248090340309,3.0899999141693115,-22.916666666666664,2.9392608179046698,1.009149700143487,6.7744451655092535,13.501615794301825,7.113191701423781,6.073206928240802,13.831228939042262,7.113191701423781,6.128774950543554,13.95778053645042,7.178275272554949,False,15.695453908450306,False
1999-10-13 19:54:59.000,40.0,in,8.399999618530273,580.0,4.599999904632568,2.588248090340309,3.0899999141693115,-24.98333333333333,2.9392608179046698,1.009149700143487,6.733112307555567,13.508904548001269,7.091409267274095,6.031554698053626,13.836388667479419,7.091409267274095,6.086741614939857,13.962987474855598,7.156293535664398,False,15.690046411389813,False
1999-10-13 20:01:50.000,40.0,in,8.5,585.0,4.599999904632568,2.6330654064111543,3.150000095367432,28.166666666666668,2.91418242035695,1.012041262366372,6.595939903139308,13.532714857380789,7.0190241024511915,5.899404782575469,13.850552979153065,7.0190241024511915,5.97044106336789,14.017331121494381,7.103542013224694,False,15.714511793347679,False
1999-10-13 20:05:20.000,40.0,in,8.5,585.0,4.599999904632568,2.6330654064111543,3.150000095367432,24.666666666666664,2.91418242035695,1.012041262366372,6.525608564448192,13.544393620936575,6.981777619358324,5.8285706460299584,13.858640983859308,6.981777619358324,5.898753994399739,14.025516515987313,7.065847035456681,False,15.70481798266713,False
1999-10-13 20:06:31.000,40.0,in,8.5,585.0,4.599999904632568,2.6330654064111543,3.150000095367432,23.48333333333333,2.91418242035695,1.012041262366372,6.5018298737478615,13.548342155281627,6.96918476078883,5.804621961769332,13.861375499736182,6.96918476078883,5.8745169377486,14.028283958887306,7.0531025429732095,False,15.701560633034859,False
1999-10-13 20:17:17.000,40.0,in,8.5,585.0,4.599999904632568,2.6330654064111543,3.150000095367432,12.716666666666669,2.91418242035695,1.012041262366372,6.284983607682678,13.583239254374998,6.854067320610828,5.586281946771918,13.885202973007054,6.854067320610828,5.653547833345526,14.052398345015359,6.936598943495079,False,15.671193450081823,False
1999-10-13 20:18:38.000,40.0,in,8.5,585.0,4.599999904632568,2.6330654064111543,3.150000095367432,11.366666666666667,2.91418242035695,1.012041262366372,6.257729662347104,13.587480989174159,6.839562797109462,5.558847595708307,13.888053627700174,6.839562797109462,5.625783138062906,14.055283325189555,6.921919767220734,False,15.66728957462626,False
1999-10-13 20:24:58.000,40.0,in,8.5,585.0,4.599999904632568,2.6330654064111543,3.150000095367432,5.033333333333333,2.91418242035695,1.012041262366372,6.129782895635649,13.607187670545294,6.771417880891543,5.430064398665005,13.90122999145824,6.771417880891543,5.495449228755626,14.068618349000667,6.852954300187701,False,15.648929832109905,False
1999-10-13 20:33:48.500,40.0,in,8.5,585.0,4.599999904632568,2.6330654064111543,3.150000095367432,-3.808333333333333,2.91418242035695,1.012041262366372,5.950474606404855,13.63320482076478,6.675516664775075,5.249665274460691,13.918097435803308,6.675516664775075,5.312877871366104,14.085688898668543,6.755898312366719,False,15.622061123843862,False
1999-10-13 20:38:42.000,40.0,in,8.5,585.0,4.599999904632568,2.6330654064111543,3.150000095367432,-8.7,2.91418242035695,1.012041262366372,5.851028682460596,13.647046802413012,6.62218204916511,5.149644225211539,13.92686567121164,6.62218204916511,5.211652442420783,14.094562714699919,6.701921480656986,False,15.606807798249477,False
1999-10-15 21:52:32.000,40.0,out,8.5,675.0,1.600000023841858,1.2193254181693642,1.4600000381469729,-22.53333333333333,2.526166745585003,0.8901732709308394,-12.499922804170247,-29.138675060023257,-13.644182922533352,-11.203469468365892,-29.661300144046788,-13.644182922533352,-9.973029062429058,-26.403696569287508,-12.145686941330213,False,29.06325693723613,False
1999-10-29 17:37:19.000,41.0,in,9.199999809265137,385.0,13.199999809265137,3.272558934712796,3.75,-7.316666666666666,4.423058546351295,1.0493874302936896,7.17838169810483,13.830020560926885,5.029715489311751,6.090427909403637,14.34243077026011,5.029715489311751,6.391218493238051,15.0507665701684,5.2781202124372255,False,15.949424043727632,False
1999-10-29 17:47:33.000,41.0,in,9.199999809265137,385.0,13.199999809265137,3.272558934712796,3.75,-17.549999999999997,4.423058546351295,1.0493874302936896,6.977661633530751,13.885835675673661,4.9149696880478135,5.886001152644645,14.38260006796144,4.9149696880478135,6.176695624279459,15.0929197262599,5.157707410911873,False,15.949864312899358,False
1999-10-29 18:27:55.000,41.0,in,11.0,384.0,14.199999809265137,3.502215612478125,4.190000057220459,2.083333333333333,4.434531043142913,1.0613169291347941,6.176781733162186,14.087470154248626,4.455785632692844,5.0690484708453845,14.522885234215408,4.455785632692844,5.379866956713047,15.413383958954542,4.729000724572504,False,16.122526257356956,False
1999-10-29 18:30:00.000,41.0,in,11.0,384.0,14.199999809265137,3.502215612478125,4.190000057220459,0.0,4.434531043142913,1.0613169291347941,6.13506383622287,14.097046194357148,4.431807814483337,5.02671504471272,14.529206982475948,4.431807814483337,5.334937774890173,15.420093337405183,4.703552660183038,False,16.12149764015126,False
1999-10-29 18:52:39.000,41.0,in,11.0,384.0,14.199999809265137,3.502215612478125,4.190000057220459,-22.65,4.434531043142913,1.0613169291347941,5.679448726506512,14.196334856262819,4.169604477739617,4.564786903187133,14.5929702842379,4.169604477739617,4.844685618245295,15.487766409022672,4.4252718200212975,False,16.107573964490296,False
1999-10-29 19:11:38.000,41.0,in,10.5,394.0,16.899999618530273,4.388046598792251,5.25,18.366666666666667,4.322411566216761,1.1019616575104305,5.2946020298504015,14.272226654430462,3.9476267174105133,4.203862497502819,14.630680245020075,3.9476267174105133,4.632495285694145,16.122448653307433,4.350133280750149,False,16.699012250394475,False
1999-10-29 19:49:46.000,41.0,in,10.5,394.0,16.899999618530273,4.388046598792251,5.25,-19.766666666666666,4.322411566216761,1.1019616575104305,4.51327391199659,14.402114135164362,3.4954527422580597,3.4149672282472743,14.701310546920885,3.4954527422580597,3.763162947183167,16.20028053786051,3.8518548976080713,False,16.65190306414283,False
1999-11-01 05:39:54.000,41.0,out,5.800000190734863,416.0,9.0,2.6050811904,3.119999885559082,-9.9,4.094621579731279,1.010240609687995,-21.583600189446585,-31.0464462477152,-13.721450791095595,-19.31167319025047,-32.508351239998454,-13.721450791095595,-19.509436497813944,-32.841256576647524,-13.861966813000235,False,35.64691091045498,False
1999-11-01 05:55:19.000,41.0,out,5.800000190734863,416.0,9.0,2.6050811904,3.119999885559082,-25.316666666666663,4.094621579731279,1.010240609687995,-21.56040976706004,-31.224718637591177,-13.710661490399518,-19.275812633237276,-32.684512703245275,-13.710661490399518,-19.473208706833184,-33.01922204068153,-13.851067023286923,False,35.80671838992531,False
1999-11-01 06:10:19.000,41.0,out,6.400000095367432,429.0,9.300000190734863,2.8627909410933365,3.4200000762939453,19.683333333333334,3.970945255766681,1.026249324271195,-21.5375072373838,-31.39760616666582,-13.699908370830567,-19.311499010401064,-32.813715074168144,-13.699908370830567,-19.818412810087942,-33.67505292169258,-14.059521708142157,False,36.492181901614444,False
1999-11-01 06:36:31.000,41.0,out,6.400000095367432,429.0,9.300000190734863,2.8627909410933365,3.4200000762939453,-6.516666666666667,3.970945255766681,1.026249324271195,-21.496663792417795,-31.698164462829986,-13.680491181281402,-19.24993977639476,-33.11072338566524,-13.680491181281402,-19.755237687786323,-33.979857500669404,-14.039594830488081,False,36.76602968461602,False
1999-11-01 07:40:02.000,41.0,out,8.5,448.0,6.099999904632568,2.047754781425391,2.509999990463257,-10.033333333333331,3.8030397320431666,0.9705120601755082,-21.393344308593704,-32.41942376306178,-13.63015725150475,-19.195957277095214,-33.76698745892131,-13.63015725150475,-18.629908044034714,-32.771268564678266,-13.228231994674017,False,35.34037584750886,False
1999-11-14 07:29:38.000,42.0,in,5.800000190734863,440.0,3.400000095367432,1.1009722548814391,1.3200000524520874,0.3666666666666667,3.871977448261284,0.8751530437013307,13.451022186436655,9.321106107368303,6.844290072523807,12.790889815104903,10.208141587119348,6.844290072523807,11.193986153337407,8.933686180501631,5.989801288944012,False,10.755857392728911,False
1999-11-14 07:52:00.000,42.0,in,5.800000190734863,440.0,3.400000095367432,1.1009722548814391,1.3200000524520874,-22.0,3.871977448261284,0.8751530437013307,13.11401993142172,9.604310839214595,6.6182368397569675,12.43553273387344,10.46794302061027,6.6182368397569675,10.882994322096872,9.161052195779181,5.791970114249587,False,10.838440622993279,False
1999-11-14 09:44:20.000,42.0,in,8.100000381469727,434.0,4.5,1.4176991052,1.7000000476837158,-14.333333333333334,3.9253408837755424,0.9128202992388837,11.321300038234318,10.948584687761507,5.431801510291956,10.545239149126267,11.697917443226586,5.431801510291956,9.625908355651031,10.678096500997851,4.958258680030924,False,11.773108086768104,False
1999-11-14 09:56:52.000,42.0,in,8.100000381469727,434.0,4.5,1.4176991052,1.7000000476837158,-26.866666666666667,3.9253408837755424,0.9128202992388837,11.110891872289155,11.089412832734665,5.29424650187462,10.325683972066665,11.824011403983297,5.29424650187462,9.425493933228038,10.793197627988008,4.832695676085605,False,11.825737293482485,False
1999-11-14 10:11:13.000,42.0,in,8.600000381469727,427.0,4.400000095367432,1.3418393648435845,1.600000023841858,18.78333333333333,3.989484612094539,0.9044919372400446,10.867529286951433,11.24822934703323,5.135557660448011,10.05861801435687,11.977063909300233,5.135557660448011,9.097938893763256,10.83315773777079,4.645070497106573,False,11.787026193850298,False
1999-11-18 04:40:08.000,42.0,out,8.600000381469727,506.0,3.5999999046325684,1.5416848881192968,1.840000033378601,-130.13333333333335,3.368186483905867,0.9256650808653006,-30.45250144054473,-41.06889469346848,-11.549683650542569,-27.9870144632176,-42.787100588439394,-11.549683650542569,-25.90660200627266,-39.6065249261895,-10.691138850348128,False,41.02410592135182,False
1999-11-18 08:16:15.000,42.0,out,6.599999904632568,488.0,3.0999999046325684,1.234790890653278,1.4800000190734863,73.75,3.492120872617085,0.8920451738613602,-30.273424878421025,-42.82519858636348,-11.119292508725476,-27.6086750959755,-44.5896731012432,-11.119292508725476,-24.62818537607127,-39.7760026940197,-9.918911219161338,False,40.99408725765543,False
1999-11-18 08:56:37.000,42.0,out,6.599999904632568,488.0,3.0999999046325684,1.234790890653278,1.4800000190734863,33.38333333333333,3.492120872617085,0.8920451738613602,-30.235269719398527,-43.14537401817928,-11.03675324578166,-27.55108848908309,-44.90692994672504,-11.03675324578166,-24.576815521313844,-40.05901013190626,-9.845282467998233,False,41.25110761692154,False
1999-11-30 12:17:23.000,43.0,in,4.599999904632568,366.0,11.199999809265137,2.5094137799849374,2.9600000381469727,12.616666666666667,4.651687928896514,1.0039605740238065,12.272546530270183,9.614527518894333,3.8658280715029574,11.452402264126274,10.578138783824807,3.8658280715029574,11.497760351043755,10.620034285512244,3.881138969743454,False,11.307005259038169,False
1999-11-30 12:17:46.000,43.0,in,4.599999904632568,366.0,11.199999809265137,2.5094137799849374,2.9600000381469727,12.233333333333334,4.651687928896514,1.0039605740238065,12.266806797013816,9.619890866122667,3.8613848915489872,11.446246479517812,10.583018983328943,3.8613848915489872,11.491580185994676,10.624933813407766,3.876678192246375,False,11.3100774685912,False
1999-11-30 12:32:03.000,43.0,in,4.599999904632568,366.0,11.199999809265137,2.5094137799849374,2.9600000381469727,-2.05,4.651687928896514,1.0039605740238065,12.051387818156103,9.818505730512458,3.695334828694433,11.215429774012053,10.763509562773251,3.695334828694433,11.25984931384083,10.806139239152563,3.7099704758262275,False,11.425258254737834,False
1999-11-30 12:34:52.000,43.0,in,4.599999904632568,366.0,11.199999809265137,2.5094137799849374,2.9600000381469727,-4.866666666666666,4.651687928896514,1.0039605740238065,12.008670382687761,9.857484959333155,3.662514506240118,11.169691902706052,10.798896095534232,3.662514506240118,11.213930294309831,10.84166592289599,3.677020166055347,False,11.44823992084643,False
1999-11-30 13:00:08.000,43.0,in,5.699999809265137,396.0,13.699999809265137,3.5933789998920687,4.300000190734863,29.866666666666667,4.300663315546373,1.0658721531323037,11.618478380790734,10.201361967974076,3.3659444782938,10.82076092818304,11.043910485948214,3.3659444782938,11.533547749052362,11.77139664865805,3.587666488402801,False,12.30597943651973,False
1999-11-30 13:13:39.000,43.0,in,5.699999809265137,396.0,13.699999809265137,3.5933789998920687,4.300000190734863,16.35,4.300663315546373,1.0658721531323037,11.405389439166276,10.381564139151003,3.205993693962832,10.594758578758059,11.207625658103693,3.205993693962832,11.292658138257798,11.945896091703835,3.4171794015127515,False,12.425037162757624,False
1999-11-30 13:54:20.000,43.0,in,5.699999809265137,396.0,13.699999809265137,3.5933789998920687,4.300000190734863,-24.33333333333333,4.300663315546373,1.0658721531323037,10.746831281262713,10.90798835441858,2.7197459176972387,9.898578051120348,11.683182147597314,2.7197459176972387,10.550618700295807,12.45277851109644,2.898901437268749,False,12.785746837374191,False
1999-12-05 17:41:56.000,43.0,out,10.100000381469728,642.0,2.299999952316284,1.5855866318475376,1.899999976158142,-11.933333333333334,2.655835055483961,0.9300071219836262,-43.58896214425249,-44.59543116777207,-7.522539425225421,-41.47574795411083,-46.56728930805018,-7.522539425225421,-38.572740986920884,-43.307910707958634,-6.996015240862256,False,43.86934418405289,False
1999-12-05 18:03:54.000,43.0,out,10.0,632.0,2.400000095367432,1.603383861472748,1.919999957084656,26.1,2.6977961613754795,0.9317388331416521,-43.582468713626454,-44.72259876408998,-7.468724918782818,-41.42916107775247,-46.72437299506171,-7.468724918782818,-38.601158200622635,-43.53491277369411,-6.958901040882683,False,44.087582536468844,False
1999-12-05 18:04:48.000,43.0,out,10.0,632.0,2.400000095367432,1.603383861472748,1.919999957084656,25.2,2.6977961613754795,0.9317388331416521,-43.58219317723954,-44.727797219546794,-7.466518173440712,-41.42864116569345,-46.729552720043586,-7.466518173440712,-38.60067377836743,-43.53973892460473,-6.956844930552588,False,44.09202373457693,False
1999-12-05 18:11:10.000,43.0,out,10.0,632.0,2.400000095367432,1.603383861472748,1.919999957084656,18.83333333333333,2.6977961613754795,0.9317388331416521,-43.58024401242838,-44.76457147851908,-7.450907493428043,-41.424963269275956,-46.76619447824872,-7.450907493428043,-38.597246939450976,-43.57387947363904,-6.9422998537730365,False,44.12344614423174,False
1999-12-05 18:14:42.000,43.0,out,10.0,632.0,2.400000095367432,1.603383861472748,1.919999957084656,15.3,2.6977961613754795,0.9317388331416521,-43.57913656131073,-44.784948229016535,-7.442238240266088,-41.42289795207565,-46.78649651936965,-7.442238240266088,-38.59532260321269,-43.592795673743446,-6.934222373947707,False,44.14085720264279,False
1999-12-05 18:49:09.000,43.0,out,10.0,632.0,2.400000095367432,1.603383861472748,1.919999957084656,-19.15,2.6977961613754795,0.9317388331416521,-43.56787850451756,-44.983048968883814,-7.357618364282878,-41.40232816134721,-46.98384780689549,-7.357618364282878,-38.57615693040141,-43.77667553210177,-6.855378749438519,False,44.310196777278826,False
1999-12-05 19:11:02.000,43.0,out,9.300000190734863,642.0,2.200000047683716,1.5166481469524626,1.809999942779541,18.96666666666667,2.655835055483961,0.9231425126337283,-43.56023712923406,-45.10826901914065,-7.303764961654832,-41.42329069784523,-47.078245298864694,-7.303764961654832,-38.23960065636619,-43.45992965558096,-6.742415938388228,False,43.97983240479978,False
1999-12-05 19:42:17.000,43.0,out,9.300000190734863,642.0,2.200000047683716,1.5166481469524626,1.809999942779541,-12.283333333333331,2.655835055483961,0.9231425126337283,-43.54865617323683,-45.2862476896436,-7.2267243498654326,-41.40347527796662,-47.255496179908604,-7.2267243498654326,-38.221308199870556,-43.623557479274375,-6.671296474446121,False,44.13072584716359,False
1999-12-05 20:26:32.000,43.0,out,9.899999618530272,624.0,2.5999999046325684,1.6933027116500243,2.0199999809265137,3.4666666666666663,2.7323312086073703,0.9402508017813215,-43.53096229541611,-45.536634592668086,-7.117374874123364,-41.31073739074829,-47.55999100739766,-7.117374874123364,-38.842453953828695,-44.718319677418094,-6.692117431972725,False,45.21628634126283,False
1999-12-05 20:31:07.000,43.0,out,9.899999618530272,624.0,2.5999999046325684,1.6933027116500243,2.0199999809265137,-1.1166666666666665,2.7323312086073703,0.9402508017813215,-43.52903840109764,-45.56245200094714,-7.1060306040982955,-41.30758496513253,-47.58568735251391,-7.1060306040982955,-38.83948988311592,-44.742480686516494,-6.68145097298603,False,45.238604809252436,False
1999-12-05 20:32:11.000,43.0,out,9.899999618530272,624.0,2.5999999046325684,1.6933027116500243,2.0199999809265137,-2.183333333333333,2.7323312086073703,0.9402508017813215,-43.52859065841989,-45.56846041596481,-7.10339048307428,-41.30685130971651,-47.59166759283187,-7.10339048307428,-38.838800063022774,-44.7481036122703,-6.6789685970764,False,45.24379955767653,False
1999-12-05 21:03:40.000,43.0,out,9.300000190734863,624.0,2.5,1.6281757440000002,1.950000047683716,26.33333333333333,2.7323312086073703,0.9341246342148813,-43.51493083363072,-45.74524913625053,-7.025375475373597,-41.284779477843294,-47.767604162854404,-7.025375475373597,-38.56512952838241,-44.620895765947616,-6.56257629615556,False,45.10090627247334,False
1999-12-05 21:04:56.000,43.0,out,9.300000190734863,624.0,2.5,1.6281757440000002,1.950000047683716,25.06666666666667,2.7323312086073703,0.9341246342148813,-43.51436364608854,-45.752339276709705,-7.022233343650633,-41.2838749473926,-47.774659204888486,-7.022233343650633,-38.564284584206014,-44.627486054507074,-6.559641153509191,False,45.106999496841226,False
1999-12-05 21:09:56.500,43.0,out,9.300000190734863,624.0,2.5,1.6281757440000002,1.950000047683716,20.058333333333334,2.7323312086073703,0.9341246342148813,-43.5121210163987,-45.78037331892001,-7.0098095201933885,-41.28029848159739,-47.80255446977324,-7.0098095201933885,-38.560943719403284,-44.65354370861387,-6.548035753966642,False,45.13109502296963,False
1999-12-05 21:10:15.000,43.0,out,9.300000190734863,624.0,2.5,1.6281757440000002,1.950000047683716,19.75,2.7323312086073703,0.9341246342148813,-43.51198295101014,-45.78209920837389,-7.009044659181877,-41.28007829984294,-47.804271815531536,-7.009044659181877,-38.56073804220245,-44.65514792359216,-6.547321278454039,False,45.132578610148066,False
1999-12-05 21:17:13.000,43.0,out,9.300000190734863,624.0,2.5,1.6281757440000002,1.950000047683716,12.783333333333331,2.7323312086073703,0.9341246342148813,-43.50881344654653,-45.821032190472664,-6.991752452275593,-41.27505645942118,-47.84300944545937,-6.991752452275593,-38.55604701735538,-44.69133369797885,-6.531168202002938,False,45.166043282392515,False
1999-12-05 21:19:50.000,43.0,out,9.300000190734863,624.0,2.5,1.6281757440000002,1.950000047683716,10.166666666666668,2.7323312086073703,0.9341246342148813,-43.50761669017244,-45.835647432482624,-6.985256211677276,-41.27316435350925,-47.85755102240436,-6.985256211677276,-38.554279554612506,-44.70491734322349,-6.525099903630263,False,45.178607364734034,False
1999-12-05 21:41:23.000,43.0,out,9.300000190734863,624.0,2.5,1.6281757440000002,1.950000047683716,-11.383333333333333,2.7323312086073703,0.9341246342148813,-43.497556100796075,-45.95574847195218,-6.931717094403438,-41.257389972773595,-47.97703593380606,-6.931717094403438,-38.539544316977846,-44.8165311423808,-6.475087695290651,False,45.28187522947446,False
1999-12-05 21:59:48.000,43.0,out,9.300000190734863,624.0,2.5,1.6281757440000002,1.950000047683716,-29.8,2.7323312086073703,0.9341246342148813,-43.48868583625827,-46.05803927951897,-6.885909181866675,-41.24365357922273,-48.078787604052074,-6.885909181866675,-38.52671281337671,-44.91157988413011,-6.432297395748101,False,45.36986287697978,False
1999-12-05 22:14:08.000,43.0,out,8.699999809265137,622.0,2.299999952316284,1.4883349794637637,1.7799999713897705,15.866666666666664,2.741103461427977,0.920247670165071,-43.48158491350095,-46.13739952256749,-6.850218991202315,-41.225403962199344,-48.16403149081775,-6.850218991202315,-37.93758194782784,-44.32283776518214,-6.303898066774454,False,44.768885159169855,False
1999-12-05 22:19:33.000,43.0,out,8.699999809265137,622.0,2.299999952316284,1.4883349794637637,1.7799999713897705,10.45,2.741103461427977,0.920247670165071,-43.478858131394176,-46.167335749339024,-6.836722932998401,-41.22124865885381,-48.193803062292574,-6.836722932998401,-37.93375803960528,-44.350234984469004,-6.29147835065589,False,44.79426350565873,False
1999-12-05 22:48:13.000,43.0,out,8.699999809265137,622.0,2.299999952316284,1.4883349794637637,1.7799999713897705,-18.216666666666665,2.741103461427977,0.920247670165071,-43.46409595455561,-46.32533063296273,-6.765236490306218,-41.198947578028154,-48.35091119992488,-6.765236490306218,-37.9132355219333,-44.49481338208911,-6.225693118320019,False,44.92825027430329,False
1999-12-05 23:22:33.000,43.0,out,8.699999809265137,621.0,2.299999952316284,1.4835531834229,1.7699999809265137,7.449999999999999,2.7455107283424622,0.919754239684323,-43.44557302383978,-46.51347344242626,-6.67946044818848,-41.16771455589658,-48.541119736706825,-6.67946044818848,-37.8641800008999,-44.64590067686047,-6.143462066025103,False,45.066601529345206,False
1999-12-05 23:26:33.000,43.0,out,8.699999809265137,621.0,2.299999952316284,1.4835531834229,1.7699999809265137,3.45,2.7455107283424622,0.919754239684323,-43.443353184327364,-46.535314551814984,-6.66945500102147,-41.16445107822955,-48.56282944560188,-6.66945500102147,-37.86117840347953,-44.66586827365901,-6.1342595135733085,False,45.08512979264586,False
1999-12-05 23:29:11.000,43.0,out,8.699999809265137,621.0,2.299999952316284,1.4835531834229,1.7699999809265137,0.8166666666666667,2.7455107283424622,0.919754239684323,-43.441882940641285,-46.549682192812654,-6.662866352943096,-41.1622943140945,-48.577110170121315,-6.662866352943096,-37.859194710522324,-44.679003030581526,-6.128199576569436,False,45.09731856615179,False
1999-12-05 23:31:00.000,43.0,out,8.699999809265137,621.0,2.299999952316284,1.4835531834229,1.7699999809265137,-1.0,2.7455107283424622,0.919754239684323,-43.44086865860469,-46.5595940464123,-6.658321019775105,-41.16080641984944,-48.586962062353074,-6.658321019775105,-37.85782621348223,-44.6880643502306,-6.124018987117398,False,45.10572806113349,False
1999-12-06 00:09:44.000,43.0,out,8.899999618530273,620.0,2.5,1.6073686000000005,1.919999957084656,20.266666666666666,2.749932179575025,0.9321243612110778,-43.4186662974826,-46.77015704020748,-6.561306308421277,-41.12477793249961,-48.799393568162444,-6.561306308421277,-38.33340736027863,-45.4871035572114,-6.115953451447398,False,45.896421174692314,False
1999-12-06 00:17:17.000,43.0,out,8.899999618530273,620.0,2.5,1.6073686000000005,1.919999957084656,12.716666666666669,2.749932179575025,0.9321243612110778,-43.414202001932495,-46.81102193643017,-6.542370999186955,-41.118358204911736,-48.839997222871695,-6.542370999186955,-38.32742337580163,-45.524951212920094,-6.098303388423021,False,45.9315848535189,False
1999-12-06 00:52:07.000,43.0,out,8.899999618530273,620.0,2.5,1.6073686000000005,1.919999957084656,-22.116666666666667,2.749932179575025,0.9321243612110778,-43.393072947766065,-46.99887429449335,-6.45491158218136,-41.088240899574366,-49.02661955079383,-6.45491158218136,-38.29935030180263,-45.69890643112224,-6.016780335214787,False,46.093293379869195,False
1999-12-06 00:59:43.000,43.0,out,8.899999618530273,620.0,2.5,1.6073686000000005,1.919999957084656,-29.716666666666665,2.749932179575025,0.9321243612110778,-43.38835461522021,-47.03971715626979,-6.435809182862361,-41.081568484674186,-49.067189008511455,-6.435809182862361,-38.29313078132607,-45.73672221098196,-5.998974523451967,False,46.12846685006512,False
1999-12-06 01:25:02.000,43.0,out,8.899999618530273,615.0,2.5999999046325684,1.644809690668738,1.9700000286102293,4.966666666666667,2.7722546147230727,0.9357084565323611,-43.37228579204339,-47.175311567396776,-6.372115337019474,-41.039840601482645,-49.2178491983604,-6.372115337019474,-38.40132590554745,-46.053557707240316,-5.962442206848678,False,46.43792517505627,False
1999-12-06 01:35:15.000,43.0,out,8.899999618530273,615.0,2.5999999046325684,1.644809690668738,1.9700000286102293,-5.25,2.7722546147230727,0.9357084565323611,-43.36567130104414,-47.229860522969254,-6.346388931434006,-41.03059553167657,-49.272014396869295,-6.346388931434006,-38.39267521554867,-46.10424054153484,-5.938369791586174,False,46.48510763344889,False
1999-12-06 01:44:08.000,43.0,out,8.899999618530273,615.0,2.5999999046325684,1.644809690668738,1.9700000286102293,-14.133333333333333,2.7722546147230727,0.9357084565323611,-43.35984532793403,-47.277192545000275,-6.3240052396846655,-41.02248711182321,-49.31900924552004,-6.3240052396846655,-38.38508809852277,-46.14821401883081,-5.917425181927903,False,46.5260526792412,False
1999-12-06 02:19:40.000,43.0,out,9.800000190734863,633.0,2.5999999046325684,1.74250023172547,2.0799999237060547,10.333333333333334,2.693540521656325,0.944749677944979,-43.3359952190352,-47.46580476608955,-6.234374536587339,-41.05751645311024,-49.449888234649755,-6.234374536587339,-38.78907544629657,-46.71776598410056,-5.889923335629266,False,47.087587063309726,False
1999-12-06 02:23:08.000,43.0,out,9.800000190734863,633.0,2.5999999046325684,1.74250023172547,2.0799999237060547,6.866666666666667,2.693540521656325,0.944749677944979,-43.33362675498295,-47.48415169408036,-6.225622534399402,-41.05428841325353,-49.46810358936357,-6.225622534399402,-38.78602575668155,-46.734974934600096,-5.881654884380839,False,47.10362774051124,False
1999-12-06 02:38:54.000,43.0,out,9.800000190734863,633.0,2.5999999046325684,1.74250023172547,2.0799999237060547,-8.9,2.693540521656325,0.944749677944979,-43.322703218415946,-47.5673898476024,-6.185793383823323,-41.039465265066376,-49.55073644076489,-6.185793383823323,-38.77202159220561,-46.81304229434916,-5.844026307201266,False,47.17640906567374,False
1999-12-06 02:40:18.000,43.0,out,9.800000190734863,633.0,2.5999999046325684,1.74250023172547,2.0799999237060547,-10.3,2.693540521656325,0.944749677944979,-43.321722483139304,-47.57476705683956,-6.182254684347479,-41.03813892996234,-49.558059410995845,-6.182254684347479,-38.77076853754322,-46.81996066811646,-5.840683122011118,False,47.182860196216566,False
1999-12-06 03:34:47.000,43.0,out,10.199999809265137,625.0,2.900000095367432,1.8947422498092057,2.2699999809265137,-4.783333333333333,2.7279660878119727,0.9580311605635327,-43.28254470528046,-47.8605158650089,-6.044368504169192,-40.95562177579232,-49.86626815782002,-6.044368504169192,-39.23676186146341,-47.77343875620865,-5.790693372922875,False,48.123108589662316,False
1999-12-06 03:40:39.000,43.0,out,10.199999809265137,625.0,2.900000095367432,1.8947422498092057,2.2699999809265137,-10.65,2.7279660878119727,0.9580311605635327,-43.27818979477185,-47.891103335625516,-6.0294982932535195,-40.94981602024339,-49.896613697966245,-6.0294982932535195,-39.231199766736914,-47.802510729252866,-5.776447247501508,False,48.15025830484716,False
1999-12-06 04:52:08.000,43.0,out,9.699999809265137,623.0,2.799999952316284,1.817716752164468,2.1700000762939453,-22.133333333333333,2.7367103107363904,0.9514273831359066,-43.22322394309612,-48.26125973410106,-5.847986735906642,-40.8696237329256,-50.269972499360755,-5.847986735906642,-38.884479157966545,-47.82822838538079,-5.5639347167571485,False,48.150771541237845,False
1999-12-06 05:12:16.000,43.0,out,9.699999809265137,626.0,2.900000095367432,1.9008102755487544,2.2699999809265137,17.733333333333334,2.723614881549207,0.958541838251162,-43.20709208853795,-48.36464107255255,-5.796755129006709,-40.860086166413325,-50.36312809285691,-5.796755129006709,-39.166102105054705,-48.275165382205806,-5.556432317249943,False,48.59388369718458,False
1999-12-06 05:14:36.000,43.0,out,9.699999809265137,626.0,2.900000095367432,1.9008102755487544,2.2699999809265137,15.4,2.723614881549207,0.958541838251162,-43.205194669203564,-48.376585658752035,-5.790813228905001,-40.85762330585362,-50.374969024301315,-5.790813228905001,-39.16374135016645,-48.286515410399126,-5.5507367574037465,False,48.604508525739725,False
1999-12-06 05:22:13.000,43.0,out,9.699999809265137,626.0,2.900000095367432,1.9008102755487544,2.2699999809265137,7.783333333333332,2.723614881549207,0.958541838251162,-43.19900095037631,-48.41557620084608,-5.7714171692872815,-40.849583825312244,-50.41362120765909,-5.7714171692872815,-39.15603517170973,-48.32356514528731,-5.532144822762949,False,48.639197924008265,False
1999-12-06 05:26:02.000,43.0,out,9.699999809265137,626.0,2.900000095367432,1.9008102755487544,2.2699999809265137,3.9666666666666655,2.723614881549207,0.958541838251162,-43.19588022030048,-48.435090325450915,-5.76169504327761,-40.84553934545814,-50.432964997308716,-5.76169504327761,-39.15215836855561,-48.34210697697681,-5.522825758225929,False,48.65656082512608,False
1999-12-06 05:32:22.000,43.0,out,9.699999809265137,626.0,2.900000095367432,1.9008102755487544,2.2699999809265137,-2.3666666666666667,2.723614881549207,0.958541838251162,-43.19067683798794,-48.467437196300196,-5.745558073395931,-40.838804777666525,-50.46502807323556,-5.745558073395931,-39.14570300356481,-48.37284077671571,-5.507357797451741,False,48.68534394166937,False
1999-12-06 09:00:34.000,43.0,out,9.100000381469728,621.0,2.5,1.6125578415,1.9299999475479128,29.433333333333334,2.7455107283424622,0.9326252341506751,-43.00405766774423,-49.50967172462034,-5.212629872788277,-40.58318850012691,-51.51273028420751,-5.212629872788277,-37.848905677511844,-48.0420721430496,-4.861430155649971,False,48.28741242763217,False
1999-12-06 09:25:07.000,43.0,out,9.100000381469728,621.0,2.5,1.6125578415,1.9299999475479128,4.883333333333333,2.7455107283424622,0.9326252341506751,-42.98006910188608,-49.629849991246616,-5.149488185786873,-40.553470946849245,-51.63162155423359,-5.149488185786873,-37.82119033742788,-48.15295314159614,-4.802542625025618,False,48.391851709992885,False
1999-12-06 13:09:45.000,43.0,out,7.300000190734863,592.0,2.5999999046325684,1.5240837687369384,1.8200000524520876,20.25,2.8797825321715598,0.9238952864993204,-42.74158904647939,-50.703082366046296,-4.569052244696082,-40.14026311437013,-52.786411819192054,-4.569052244696082,-37.08539989020909,-48.76911707096355,-4.22132583264385,False,48.95146955574158,False
1999-12-06 13:23:25.000,43.0,out,7.300000190734863,592.0,2.5999999046325684,1.5240837687369384,1.8200000524520876,6.583333333333333,2.8797825321715598,0.9238952864993204,-42.7259963447355,-50.766855825877876,-4.5335934262709445,-40.12148609165285,-52.84932135697798,-4.5335934262709445,-37.06805188742611,-48.82723889639983,-4.18856559743603,False,49.00656425429276,False
1999-12-06 13:37:11.000,43.0,out,7.300000190734863,592.0,2.5999999046325684,1.5240837687369384,1.8200000524520876,-7.183333333333333,2.8797825321715598,0.9238952864993204,-42.71015980778214,-50.830911154641534,-4.497857282263865,-40.10245138041023,-52.91250015732751,-4.497857282263865,-37.05046580742918,-48.885609492249436,-4.155549142430228,False,49.06191398736764,False
1999-12-06 13:44:42.000,43.0,out,7.300000190734863,592.0,2.5999999046325684,1.5240837687369384,1.8200000524520876,-14.7,2.8797825321715598,0.9238952864993204,-42.701453671157424,-50.8658035298014,-4.478338035440687,-40.09200322702184,-52.946911067661254,-4.478338035440687,-37.04081280776102,-48.91740157011093,-4.137515402294277,False,49.09206870845548,False
1999-12-06 13:48:11.000,43.0,out,7.300000190734863,592.0,2.5999999046325684,1.5240837687369384,1.8200000524520876,-18.183333333333334,2.8797825321715598,0.9238952864993204,-42.69741770925841,-50.88197110035604,-4.469292323373644,-40.08716009467605,-52.962855452101266,-4.469292323373644,-37.036338260614855,-48.932132511741194,-4.129158111552506,False,49.10604381190567,False
1999-12-06 13:56:15.000,43.0,out,7.300000190734863,592.0,2.5999999046325684,1.5240837687369384,1.8200000524520876,-26.25,2.8797825321715598,0.9238952864993204,-42.688012463916024,-50.91932564069687,-4.448335711544633,-40.075890014963974,-52.99969029467333,-4.448335711544633,-37.025925887090395,-48.96616404917246,-4.109796396662687,False,49.138331759559065,False
1999-12-06 15:38:40.000,43.0,out,5.800000190734863,553.0,2.0999999046325684,1.0741418313599276,1.2799999713897705,-8.666666666666666,3.08249869972,0.871561859523307,-42.56500691729465,-51.388500883731076,-4.181826705274865,-39.74006633514435,-53.60303130071002,-4.181826705274865,-34.63592611263798,-46.71835763653286,-3.644720659453586,False,46.860312941127866,False
1999-12-06 16:21:38.000,43.0,out,6.800000190734863,560.0,2.700000047683716,1.4162238970114136,1.690000057220459,8.366666666666667,3.044040388843963,0.9126619224024942,-42.51137360801596,-51.58242631527844,-4.069774106922258,-39.71218126960405,-53.767148421890056,-4.069774106922258,-36.24379570031316,-49.07122904082241,-3.7143278601675624,False,49.21160179296819,False
1999-12-06 16:33:44.000,43.0,out,6.800000190734863,560.0,2.700000047683716,1.4162238970114136,1.690000057220459,-3.733333333333333,3.044040388843963,0.9126619224024942,-42.49605289396216,-51.63672946998841,-4.038191776560879,-39.69399848330792,-53.82056137137876,-4.038191776560879,-36.2272009636175,-49.119977005983955,-3.6855038698259954,False,49.25804583865356,False
1999-12-06 16:43:18.000,43.0,out,6.800000190734863,560.0,2.700000047683716,1.4162238970114136,1.690000057220459,-13.3,3.044040388843963,0.9126619224024942,-42.48386973860009,-51.67956126493612,-4.013215145505907,-39.679557998423604,-53.86268576252361,-4.013215145505907,-36.21402168292255,-49.158422333786255,-3.662708649712226,False,49.29468451059984,False
1999-12-06 17:13:25.000,43.0,out,6.800000190734863,549.0,2.5999999046325684,1.3107205646830544,1.5700000524520874,16.583333333333336,3.10491392122769,0.9009616334022016,-42.44515309536863,-51.813872461607936,-3.934544302916213,-39.57637484971726,-54.036829611957444,-3.934544302916213,-35.65679532873907,-48.68511027106563,-3.544873461848718,False,48.81399481671562,False
1999-12-06 17:14:01.000,43.0,out,6.800000190734863,549.0,2.5999999046325684,1.3107205646830544,1.5700000524520874,15.983333333333334,3.10491392122769,0.9009616334022016,-42.444374086362444,-51.81653705253084,-3.9329760975319457,-39.57545265816848,-54.03944809674172,-3.9329760975319457,-35.65596446953497,-48.687469425393914,-3.5434605689641985,False,48.8162451633928,False
1999-12-06 17:55:59.000,43.0,out,6.800000190734863,549.0,2.5999999046325684,1.3107205646830544,1.5700000524520874,-25.98333333333333,3.10491392122769,0.9009616334022016,-42.38942613382952,-52.002254029881975,-3.8232374190857765,-39.510526109464664,-54.221916221183804,-3.8232374190857765,-35.59746814016361,-48.85186620483509,-3.444590229983939,False,48.973156254703554,False
1999-12-06 18:00:05.000,43.0,out,7.400000095367432,563.0,2.5,1.3254058735000005,1.5800000429153442,29.916666666666668,3.027850187906191,0.9026362279623885,-42.38400676461837,-52.02032557620906,-3.812510539679636,-39.57705331992378,-54.18648496617876,-3.812510539679636,-35.72368212256232,-48.91068439641227,-3.441310132603277,False,49.031598623277674,False
1999-12-06 18:17:23.000,43.0,out,7.400000095367432,563.0,2.5,1.3254058735000005,1.5800000429153442,12.616666666666667,3.027850187906191,0.9026362279623885,-42.36097666863627,-52.09633190416294,-3.7672319038104534,-39.550040616760064,-54.2611687065629,-3.7672319038104534,-35.69929947807156,-48.97809664612273,-3.4004399955150353,False,49.09599722217726,False
1999-12-06 18:18:45.000,43.0,out,7.400000095367432,563.0,2.5,1.3254058735000005,1.5800000429153442,11.25,3.027850187906191,0.9026362279623885,-42.35914948239973,-52.10232557987321,-3.7636539422671875,-39.54789938720611,-54.267057500502254,-3.7636539422671875,-35.69736672670378,-48.9834120848714,-3.3972103978038275,False,49.10107634220732,False
1999-12-06 18:49:05.000,43.0,out,7.400000095367432,563.0,2.5,1.3254058735000005,1.5800000429153442,-19.08333333333333,3.027850187906191,0.9026362279623885,-42.31830740871664,-52.23492546555623,-3.684212522999041,-39.50011022350015,-54.397314939822124,-3.684212522999041,-35.65423049623875,-49.10098716856312,-3.325503694771649,False,49.21347290886247,False
1999-12-06 18:50:23.000,43.0,out,7.400000095367432,563.0,2.5,1.3254058735000005,1.5800000429153442,-20.383333333333333,3.027850187906191,0.9026362279623885,-42.316540278340064,-52.240583550847084,-3.6808062012426146,-39.49804669230964,-54.40287178406614,-3.6808062012426146,-35.652367878228674,-49.106002977490924,-3.322429025350202,False,49.21826960645647,False
1999-12-16 17:45:04.000,44.0,in,6.400000095367432,451.0,3.700000047683716,1.2587715128424062,1.5099999904632568,-15.066666666666666,3.777815850332543,0.8949094540444698,13.434743671902053,3.7106228659767733,4.410956486308875,13.161066809870631,4.587742365188315,4.410956486308875,11.777963113464118,4.105614015327359,3.9474066609765877,False,5.695444301367083,False
1999-12-20 09:22:42.000,44.0,out,12.100000381469728,378.0,5.900000095367432,1.4100279153516508,1.690000057220459,7.300000000000001,4.504632970726408,0.9119952231503389,-48.1271831492189,-19.357464913812276,-11.161391890234043,-46.45818799882691,-23.077564291614244,-11.161391890234043,-42.36964553115054,-21.046628395897024,-10.179136087602378,True,23.378951608763554,True
1999-12-20 10:16:44.000,44.0,out,12.5,375.0,5.800000190734863,1.364214419862628,1.6299999952316284,13.266666666666667,4.540519940536337,0.9069883688719623,-48.337180876557774,-19.73591324878722,-11.053722275460068,-46.623103499001544,-23.50054354643968,-11.053722275460068,-42.28661259430809,-21.314719658789844,-10.025597536583202,True,23.55482710822445,True
1999-12-20 13:07:04.000,44.0,out,10.699999809265137,370.0,5.900000095367432,1.3509757678371337,1.6200000047683716,22.933333333333334,4.601616552452613,0.90551546453538,-48.969153813722336,-20.91309636824373,-10.706626780279757,-47.13351141588364,-24.774336046566667,-10.706626780279757,-42.68012348493751,-22.433544413762426,-9.695016122551964,True,24.43884720237012,True
1999-12-20 15:40:44.000,44.0,out,10.699999809265137,370.0,5.400000095367432,1.2364862978371334,1.4800000190734863,-10.733333333333333,4.601616552452613,0.8922491915760853,-49.501306621059726,-21.954474912274332,-10.384069369233154,-47.58040216401206,-25.855050875539412,-10.384069369233154,-42.45357536570478,-23.069148241858596,-9.265177499968273,True,24.86019136512762,True
1999-12-20 17:59:10.000,44.0,out,11.0,361.0,5.400000095367432,1.1770645056277067,1.409999966621399,-29.166666666666668,4.715827131300244,0.8849552751853286,-49.950974979041256,-22.875929540498145,-10.086391404010731,-47.901159291284245,-26.90514806221394,-10.086391404010731,-42.39038360231471,-23.809852707298546,-8.926005280563249,True,25.427989621908665,True
1999-12-20 20:37:19.000,44.0,out,8.899999618530273,377.0,4.900000095367432,1.1648523531312196,1.3899999856948853,-7.316666666666666,4.516532227268188,0.8834183690079709,-50.43132065822906,-23.909307571668027,-9.738654961755302,-48.39193379221496,-27.806363223903045,-9.738654961755302,-42.75032322386025,-24.56465204730365,-8.603306682645252,True,26.027658674585922,True
1999-12-20 23:31:57.000,44.0,out,9.5,355.0,4.599999904632568,0.9696312888975548,1.159999966621399,-1.95,4.795162660568272,0.8568189215400748,-50.92178591172977,-25.026563772704947,-9.345878007152997,-48.65149225294385,-29.195709894966647,-9.345878007152997,-41.68551912348265,-25.015436665802213,-8.007725114933935,True,26.26586631156691,True
1999-12-29 00:33:49.000,45.0,in,4.099999904632568,363.0,5.0,1.1019841470000002,1.3200000524520874,-3.8166666666666655,4.689960836164229,0.875287049731754,-16.978151476967614,-40.404654459896626,12.78632989305671,-13.617662693618048,-41.65756824829488,12.78632989305671,-11.919363803339111,-36.46233001104922,11.191708968990541,False,38.1412619020562,False
1999-12-29 04:36:44.000,45.0,in,10.199999809265137,379.0,9.0,2.1622854294,2.5899999141693115,-6.733333333333333,4.492796120771906,0.9793549335048497,-14.794334410218465,-39.1216736920786,12.638241843997491,-11.684326783931686,-40.16035595854631,12.638241843997491,-11.44310308052635,-39.33124273931322,12.377324500746372,False,41.23281238547227,False
1999-12-31 06:18:04.000,45.0,in,6.900000095367432,660.0,4.900000095367432,3.5700644134832387,4.269999980926514,11.933333333333334,2.583502700389498,1.064716424917014,11.403401451238436,-0.9376803505295128,1.6288719174867194,11.43407718863016,-0.42271496581438306,1.6288719174867194,12.174049786503486,-0.4500715671608077,1.7342866846341813,False,1.7917351143698685,False
1999-12-31 06:25:01.000,45.0,in,6.900000095367432,660.0,4.900000095367432,3.5700644134832387,4.269999980926514,4.9833333333333325,2.583502700389498,1.064716424917014,11.375403891720369,-0.7543958618487171,1.5563310847216387,11.397846473554162,-0.24087876915642825,1.5563310847216387,12.135474349075583,-0.256467581934643,1.6570512685120415,False,1.676781001520702,False
1999-12-31 06:35:18.000,45.0,in,6.900000095367432,660.0,4.900000095367432,3.5700644134832387,4.269999980926514,-5.3,2.583502700389498,1.064716424917014,11.329689801843886,-0.482895894793287,1.4483986642423279,11.339940891777108,0.0282846639532639,1.4483986642423279,12.073821325063177,0.030115146284298275,1.54213384764667,False,1.5424278673874015,False
1999-12-31 06:46:05.000,45.0,in,6.900000095367432,660.0,4.900000095367432,3.5700644134832387,4.269999980926514,-16.083333333333332,2.583502700389498,1.064716424917014,11.276737116396053,-0.19797289520213593,1.3345704035775754,11.274199023914923,0.310531204059865,1.3345704035775754,12.003824878545586,0.3306276734117952,1.4209390288971726,False,1.4588976599710264,False
1999-12-31 06:50:10.000,45.0,in,6.900000095367432,660.0,4.900000095367432,3.5700644134832387,4.269999980926514,-20.166666666666668,2.583502700389498,1.064716424917014,11.255457283524526,-0.09005728359224609,1.2913201056802324,11.248076486067866,0.4173779332218085,1.2913201056802324,11.976011783439308,0.44438914089917614,1.3748897263433177,False,1.4449233433485358,False
1999-12-31 07:00:11.000,45.0,in,6.699999809265137,664.0,4.699999809265137,3.4659803124639774,4.139999866485596,29.816666666666663,2.5679603278084127,1.059478855459278,11.20078331454575,0.1747036933115175,1.184932617164747,11.181707782329578,0.6763721685975361,1.184932617164747,11.846782963302644,0.7166020110502274,1.2554110530300728,False,1.445536355236805,False
1999-12-31 07:09:13.000,45.0,in,6.699999809265137,664.0,4.699999809265137,3.4659803124639774,4.139999866485596,20.78333333333333,2.5679603278084127,1.059478855459278,11.146922137087802,0.41341710193438774,1.088499165993151,11.117205292071253,0.9124326410277599,1.088499165993151,11.77844393874948,0.9667030901997773,1.1532418505548023,False,1.50481946773454,False
1999-12-31 07:10:22.000,45.0,in,6.699999809265137,664.0,4.699999809265137,3.4659803124639774,4.139999866485596,19.633333333333336,2.5679603278084127,1.059478855459278,11.140065271322861,0.44380681631626606,1.0762225827259184,11.108993720433197,0.9424846199902792,1.0762225827259184,11.76974395222887,0.9985425264752736,1.140235070165884,False,1.5156593259752738,False
1999-12-31 07:22:53.000,45.0,in,6.699999809265137,664.0,4.699999809265137,3.4659803124639774,4.139999866485596,7.116666666666667,2.5679603278084127,1.059478855459278,11.059765931755154,0.7743379427293829,0.9420566989783606,11.013965783797714,1.269086060161225,0.9420566989783606,11.669063862685652,1.344569846498939,0.9980891532113391,False,1.6745297936651675,False
1999-12-31 07:24:58.000,45.0,in,6.699999809265137,664.0,4.699999809265137,3.4659803124639774,4.139999866485596,5.033333333333333,2.5679603278084127,1.059478855459278,11.045749310581876,0.8293115492912646,0.9196683182979293,10.997500181187837,1.323376455428062,0.9196683182979293,11.651618904878092,1.4020893723386794,0.9743691372724491,False,1.7074102681236658,False
1999-12-31 07:28:31.000,45.0,in,6.699999809265137,664.0,4.699999809265137,3.4659803124639774,4.139999866485596,1.4833333333333334,2.5679603278084127,1.059478855459278,11.020861855824942,0.922916187237041,0.8814328616263823,10.968443823100849,1.4157720273130772,0.8814328616263823,11.620834307868275,1.4999805270889206,0.9338594794001157,False,1.7669281561261656,False
1999-12-31 07:55:31.000,45.0,in,6.699999809265137,664.0,4.699999809265137,3.4659803124639774,4.139999866485596,-25.516666666666666,2.5679603278084127,1.059478855459278,10.817141531219864,1.6332780446356425,0.5896051789675862,10.733100770778933,2.1162929669200192,0.5896051789675862,11.371493320153958,2.2421676504089416,0.624674220185441,False,2.3275595919126633,False
1999-12-31 08:02:34.000,45.0,in,6.900000095367432,686.0,4.699999809265137,3.6994585369889914,4.420000076293945,27.43333333333333,2.485710919757675,1.0710530258632065,10.75878475430515,1.8180803630753521,0.5130870671909604,10.669810911322932,2.282980664106296,0.5130870671909604,11.427933261960684,2.445193348278241,0.5495434558461565,False,2.506186050621041,False
1999-12-31 08:15:22.000,45.0,in,6.900000095367432,686.0,4.699999809265137,3.6994585369889914,4.420000076293945,14.633333333333333,2.485710919757675,1.0710530258632065,10.64659770018834,2.1525518591394293,0.37386514206711685,10.543223311162194,2.612271866959174,0.37386514206711685,11.292351229771763,2.797881687483951,0.4004293916757631,False,2.82639092039227,False
1999-12-31 08:19:36.000,45.0,in,6.900000095367432,686.0,4.699999809265137,3.6994585369889914,4.420000076293945,10.4,2.485710919757675,1.0710530258632065,10.607797960800282,2.262846711264663,0.327754318207347,10.499676566346999,2.7207801855246587,0.327754318207347,11.245710356970955,2.914099850414842,0.3510422542557113,False,2.935167559520365,False
2000-01-24 23:06:43.000,45.0,out,5.300000190734863,352.0,4.699999809265137,0.974036563351758,1.159999966621399,23.28333333333333,4.835837529640209,0.857466486767476,-34.3775521327891,-25.33495124903742,41.60503192423581,-32.119414561010785,-28.142833078630574,41.60503192423581,-27.541321560658034,-24.131536207616872,35.674920555923165,False,43.070070773228984,False
2000-01-25 00:02:42.000,45.0,out,4.300000190734863,333.0,3.799999952316284,0.704797168475961,0.8399999737739563,27.3,5.110334295554386,0.8124537300286008,-33.988935259796335,-25.636624226063038,41.770928411328,-31.57027441655757,-28.562247724334295,41.770928411328,-25.649387207758707,-23.20550470163631,33.93694659454109,False,41.11218545174167,False
2000-01-25 01:11:37.000,45.0,out,4.400000095367432,338.0,4.0,0.7643380576000001,0.9100000262260436,18.383333333333333,5.0351291398244165,0.8235099657534452,-33.50731841525948,-26.005858837941783,41.9702775061706,-31.095572621363825,-28.84632462949189,41.9702775061706,-25.60751394450309,-23.755235807745628,34.56294179176914,False,41.93933921252005,False
2000-01-25 05:02:04.000,45.0,out,6.699999809265137,336.0,6.5,1.2273940224,1.3600000143051147,27.933333333333334,5.0649447078625665,0.8911523275999818,-31.87173003306886,-27.22293538313711,42.59755023479321,-29.343906072417983,-29.930428707059857,42.59755023479321,-26.149890197310526,-26.672571208361703,37.960906041793116,False,46.39457341520634,False
2000-01-25 05:31:23.000,45.0,out,6.699999809265137,336.0,6.5,1.2273940224,1.3600000143051147,-1.3833333333333333,5.0649447078625665,0.8911523275999818,-31.660965722060265,-27.375777039839903,42.67298675172009,-29.12047113359933,-30.064066257672277,42.67298675172009,-25.95077563151512,-26.791662622644722,38.02813146943854,False,46.51808217395167,False
2000-04-09 12:58:23.000,46.0,in,7.400000095367432,548.0,1.600000023841858,0.8036615646154903,0.8799999952316284,-28.383333333333333,3.110568706209495,0.8304244831796873,7.985030987139644,19.459865106757764,-2.1940359307424946,6.917315788515408,19.86448620329114,-2.1940359307424946,5.744308388668599,16.495955688998073,-1.8219811538645003,False,16.59626974408482,False
2000-04-10 14:20:18.000,46.0,out,6.400000095367432,471.0,1.899999976158142,0.7049973786934487,0.8399999737739563,9.7,3.6178345001429024,0.8124921908075131,12.220509376041992,-12.174894527433983,0.1030820058763021,12.964405679341722,-11.379503132629486,0.1030820058763021,10.533478372925721,-9.24575743053109,0.08375332478726964,False,9.246136765354153,False
2000-04-10 15:22:30.000,46.0,out,6.5,456.0,2.200000047683716,0.7651462745040986,0.9100000262260436,7.5,3.736510425537548,0.8236550328073319,13.599762721054374,-12.416678736206876,0.020358427338297784,14.380026151869197,-11.504012551223603,0.020358427338297784,11.844180911888113,-9.475337835294035,0.016768321137231344,False,9.475352672568361,False
2000-04-10 15:24:53.000,46.0,out,6.5,456.0,2.200000047683716,0.7651462745040986,0.9100000262260436,5.116666666666666,3.736510425537548,0.8236550328073319,13.65168112529189,-12.42511425934301,0.017185264788784058,14.432383920648128,-11.509046714276435,0.017185264788784058,11.887305651649443,-9.479484249028472,0.014154729833408618,False,9.479494816916961,False
2000-05-02 00:50:49.000,47.0,in,2.5,528.0,1.399999976158142,0.6528117546426819,0.7799999713897705,-20.816666666666663,3.2281486208240895,0.802144492674614,25.628865725653323,17.618953518769484,-2.7563752554671748,24.59603950438073,19.034209260672476,-2.7563752554671748,19.729577630046244,15.268186130864562,-2.2110112309175762,False,15.427445621034243,False
2000-05-02 03:59:28.000,47.0,in,1.5,478.0,0.699999988079071,0.2675136323242699,0.3199999928474426,-29.466666666666665,3.564991306594493,0.6913196979193678,22.638385105417463,17.156104007883577,-2.4594886800636107,21.527799254108434,18.53057592697309,-2.4594886800636107,14.882591677219033,12.810552152106943,-1.7002929713376798,False,12.922896062037802,False
2000-05-02 05:19:17.000,47.0,in,1.7000000476837158,462.0,1.100000023841858,0.3927070863516967,0.4699999988079071,10.716666666666669,3.688119126726058,0.7369975907401969,21.31592256191751,16.922097607002122,-2.3276891510754383,20.18325648543585,18.258206366718564,-2.3276891510754383,14.875011403057677,13.456254103508906,-1.7155012963346923,False,13.565165653095663,False
2000-05-02 11:21:14.000,47.0,in,2.400000095367432,762.0,0.800000011920929,0.7769481350974292,0.9300000071525574,8.766666666666666,2.238058290977389,0.8257589380683819,14.804233166389855,15.458959369211083,-1.6739733420452114,14.189244077038689,16.025295533810883,-1.6739733420452114,11.716895121048545,13.233031022231657,-1.3822984492820338,False,13.305031343000772,False
2000-05-02 11:54:20.000,47.0,in,2.400000095367432,762.0,0.800000011920929,0.7769481350974292,0.9300000071525574,-24.33333333333333,2.238058290977389,0.8257589380683819,14.159453013646598,15.281245937976939,-1.608752120503745,13.551895749991205,15.822537996287851,-1.608752120503745,11.190599043326154,13.065602173361277,-1.3284414426424298,False,13.132962987044198,False
2000-05-02 11:56:31.000,47.0,in,2.400000095367432,762.0,0.800000011920929,0.7769481350974292,0.9300000071525574,-26.516666666666666,2.238058290977389,0.8257589380683819,14.116619739447243,15.269221476669955,-1.6044162154147645,13.509564723028857,15.808850001377229,-1.6044162154147645,11.155643819454383,13.054299189219597,-1.324861030260588,False,13.121356030196063,False
2000-05-02 12:09:14.000,47.0,in,3.200000047683716,812.0,1.2000000476837158,1.3233825818664973,1.5800000429153442,20.766666666666666,2.1003742946135002,0.9024064292916216,13.866166418570966,15.198194072615816,-1.579052729060697,13.299833080732075,15.696181517842627,-1.579052729060697,12.00185488055802,14.16433511702951,-1.424947334894854,False,14.23583029593776,False
2000-05-02 12:27:45.000,47.0,in,3.200000047683716,812.0,1.2000000476837158,1.3233825818664973,1.5800000429153442,2.25,2.1003742946135002,0.9024064292916216,13.498856508099898,15.092062550624341,-1.5418255572780382,12.936659691250311,15.576659304581586,-1.5418255572780382,11.674124878942045,14.056477503339583,-1.391353295733839,False,14.125169867843756,False
2000-05-02 12:46:58.000,47.0,in,3.200000047683716,812.0,1.2000000476837158,1.3233825818664973,1.5800000429153442,-16.96666666666667,2.1003742946135002,0.9024064292916216,13.114485037397456,14.978582122602639,-1.5028334109618624,12.556705543419392,15.449167812394746,-1.5028334109618624,11.331251813103405,13.941428361110196,-1.3561665322062424,False,14.007234288432675,False
2000-05-02 12:55:12.000,47.0,in,3.200000047683716,812.0,1.2000000476837158,1.3233825818664973,1.5800000429153442,-25.2,2.1003742946135002,0.9024064292916216,12.948610742443938,14.928685216208928,-1.4859931685217165,12.392771423829565,15.393225096798359,-1.4859931685217165,11.183316609605283,13.890945294883984,-1.340969789157425,False,13.955520812957587,False
2000-05-02 13:03:12.000,47.0,in,4.599999904632568,738.0,2.900000095367432,2.641817594637017,3.1600000858306885,26.8,2.310763018024415,1.0126011505286208,12.786963661911884,14.87968671018999,-1.4695766207228345,12.176624409889408,15.383150986223368,-1.4695766207228345,12.330063887008903,15.57699638740527,-1.4880949769339047,False,15.647914976558786,False
2000-05-02 13:09:52.000,47.0,in,4.599999904632568,738.0,2.900000095367432,2.641817594637017,3.1600000858306885,20.133333333333333,2.310763018024415,1.0126011505286208,12.651805549544934,14.838360605475792,-1.455844916017274,12.043242450355876,15.336408980057167,-1.455844916017274,12.195001161325486,15.529665378183358,-1.4741902369503348,False,15.599478953255668,False
2000-05-02 14:45:10.000,47.0,in,5.099999904632568,701.0,3.5,2.8767105941000004,3.440000057220459,-15.166666666666666,2.4325862626519514,1.0270792940336881,10.671228389613033,14.191778489713881,-1.2540186413730732,10.059257813221404,14.631917997703955,-1.2540186413730732,10.3316554133063,15.028140007440593,-1.2879765808865407,False,15.083231608516417,False
2000-05-03 12:05:52.000,47.0,out,11.399999618530272,496.0,6.199999809265137,2.551215363435205,3.049999952316284,24.133333333333333,3.4359323832948783,1.0067287362809818,5.907226835941159,-15.099709090474615,-0.3441734673149301,6.8015699820231434,-14.718532171649006,-0.3441734673149301,6.84733595272882,-14.817569293075179,-0.34648931981140335,False,14.821619837380387,False
2000-05-03 12:12:12.000,47.0,out,11.399999618530272,496.0,6.199999809265137,2.551215363435205,3.049999952316284,17.8,3.4359323832948783,1.0067287362809818,6.033528662451651,-15.182608688311594,-0.3552006353551072,6.932613144768559,-14.793713181213246,-0.3552006353551072,6.979260870357774,-14.893256175826114,-0.3575906867572489,False,14.897548476780942,False
2000-05-03 12:14:10.000,47.0,out,11.399999618530272,496.0,6.199999809265137,2.551215363435205,3.049999952316284,15.833333333333334,3.4359323832948783,1.0067287362809818,6.0725666714705735,-15.207920362140158,-0.35861456027983446,6.973097969827663,-14.816639714315718,-0.35861456027983446,7.020018107128083,-14.91633697552367,-0.36102758308247773,False,14.920705401659836,False
2000-05-25 08:40:38.000,48.0,in,6.699999809265137,547.0,1.7000000476837158,0.8507768786436481,1.2300000190734863,-10.633333333333333,3.116244105832003,0.8383471486449944,17.989147323899232,10.559038246250452,-0.975998253320244,17.38853726136536,11.52134896775717,-0.975998253320244,14.57763063217289,9.658890055663173,-0.8182253527535215,False,9.693484916957242,False
2000-05-25 08:48:09.000,48.0,in,6.699999809265137,547.0,1.7000000476837158,0.8507768786436481,1.2300000190734863,-18.15,3.116244105832003,0.8383471486449944,17.83621113783356,10.567736937825442,-0.9628746617248899,17.23535434484182,11.521720893521085,-0.9628746617248899,14.449210170884255,9.659201858566858,-0.807223227159575,False,9.692873149020746,False
2000-05-25 09:10:28.000,48.0,in,6.099999904632568,549.0,1.399999976158142,0.7057726256207636,0.8399999737739563,19.53333333333333,3.10491392122769,0.8126410314709439,17.377845818803003,10.59117995311366,-0.9236779736480081,16.77867018699384,11.516893889300611,-0.9236779736480081,13.63503584746945,9.35910052954266,-0.7506186212523086,False,9.389152839136042,False
2000-05-25 09:25:52.000,48.0,in,6.099999904632568,549.0,1.399999976158142,0.7057726256207636,0.8399999737739563,4.133333333333333,3.10491392122769,0.8126410314709439,17.058285896847217,10.605510689588405,-0.8964560038422799,16.458803153374404,11.513894800805822,-0.8964560038422799,13.3750987713354,9.356663347174782,-0.7284969316307107,False,9.38498038206577,False
2000-05-25 09:32:49.000,48.0,in,6.099999904632568,549.0,1.399999976158142,0.7057726256207636,0.8399999737739563,-2.8166666666666664,3.10491392122769,0.8126410314709439,16.913124321315216,10.611431830809847,-0.8841208455453885,16.31353395551303,11.511944652860002,-0.8841208455453885,13.257047060544377,9.35507857693657,-0.7184728758689676,False,9.382627481362404,False
2000-05-25 09:38:28.000,48.0,in,6.099999904632568,549.0,1.399999976158142,0.7057726256207636,0.8399999737739563,-8.466666666666667,3.10491392122769,0.8126410314709439,16.79476691073727,10.616040045749015,-0.8740748392721784,16.195100688790834,11.510135338859783,-0.8740748392721784,13.160803328514778,9.353608254141177,-0.7103090789689426,False,9.380539769096641,False
2000-05-25 11:13:49.000,48.0,in,6.599999904632568,542.0,1.5,0.7370244996,0.8799999952316284,16.18333333333333,3.14493430127083,0.8185306241401502,14.737541415035713,10.656764189523878,-0.7014946512165424,14.130695635281528,11.44924411540111,-0.7014946512165424,11.566407117881486,9.371556931712211,-0.5741948546912534,False,9.389130899901073,False
2000-05-25 11:20:04.000,48.0,in,6.599999904632568,542.0,1.5,0.7370244996,0.8799999952316284,9.933333333333334,3.14493430127083,0.8185306241401502,14.598478584701933,10.656670801591332,-0.6899754593013726,13.99184736370346,11.441521617001591,-0.6899754593013726,11.452755555485908,9.365235830277333,-0.5647660433433394,False,9.38224934865963,False
2000-05-25 11:30:53.000,48.0,in,6.599999904632568,542.0,1.5,0.7370244996,0.8799999952316284,-0.8833333333333333,3.14493430127083,0.8185306241401502,14.356670357484829,10.655717515019019,-0.669986013691288,13.75045561042875,11.427303707305374,-0.669986013691288,11.255169013015674,9.35359803577972,-0.5484040699519012,False,9.369660785689206,False
2000-05-25 12:48:16.500,48.0,in,6.300000190734863,533.0,1.399999976158142,0.6652341546311297,0.800000011920929,-18.275,3.19792895046161,0.8046685637232964,12.577879425637839,10.613222928996782,-0.5247571569417449,11.966229874221687,11.298358039279472,-0.5247571569417449,9.628849006072768,9.091433535898572,-0.4222555877798343,False,9.101234175597972,False
2000-05-25 13:18:40.000,48.0,in,11.5,544.0,3.299999952316284,1.6334424032773929,1.950000047683716,11.333333333333332,3.1333951248764227,0.9346275588853433,11.85395698449927,10.576549093681102,-0.46664208147035363,11.25811239362231,11.208683787759082,-0.46664208147035363,10.522142104108049,10.475944766870994,-0.4361365494778121,False,10.485019496802195,False
2000-05-25 13:18:58.000,48.0,in,11.5,544.0,3.299999952316284,1.6334424032773929,1.950000047683716,11.033333333333331,3.1333951248764227,0.9346275588853433,11.846743271431835,10.576130227931092,-0.4660656954924176,11.250932360735133,11.20787124085284,-0.4660656954924176,10.51543144749799,10.475185338139534,-0.43559784325827805,False,10.484238329484155,False
2000-05-25 13:19:23.000,48.0,in,11.5,544.0,3.299999952316284,1.6334424032773929,1.950000047683716,10.616666666666664,3.1333951248764227,0.9346275588853433,11.836724225504838,10.57554846994497,-0.465265159411951,11.240960092836268,11.206742703483066,-0.465265159411951,10.506111091095123,10.474130576012511,-0.4348496401755919,False,10.483153415500558,False
2000-05-25 13:36:54.000,48.0,in,11.5,544.0,3.299999952316284,1.6334424032773929,1.950000047683716,-6.9,3.1333951248764227,0.9346275588853433,11.412780514786633,10.548712877401426,-0.43150479048404794,10.81911704129408,11.156774125854128,-0.43150479048404794,10.111844949599504,10.427428566282204,-0.40329626897743726,False,10.435224692621105,False
2000-05-25 13:38:23.000,48.0,in,11.5,544.0,3.299999952316284,1.6334424032773929,1.950000047683716,-8.383333333333333,3.1333951248764227,0.9346275588853433,11.376517979159606,10.546120650717594,-0.4286320675717435,10.783050412059913,11.152203635183874,-0.4286320675717435,10.078136083961152,10.423156859744156,-0.40061134297455614,False,10.430852715427992,False
2000-05-25 13:38:50.000,48.0,in,11.5,544.0,3.299999952316284,1.6334424032773929,1.950000047683716,-8.833333333333334,3.1333951248764227,0.9346275588853433,11.36551698520534,10.545334244869688,-0.4277605673623927,10.772108850382132,11.150817081834468,-0.4277605673623927,10.067909798879855,10.421860948771936,-0.39979681486132257,False,10.42952650548963,False
2000-05-25 13:58:16.000,48.0,in,11.5,544.0,3.299999952316284,1.6334424032773929,1.950000047683716,-28.266666666666666,3.1333951248764227,0.9346275588853433,10.888319751006097,10.509447598666238,-0.3900467248422174,10.297586628294605,11.0889001015443,-0.3900467248422174,9.624408252813339,10.363991632629785,-0.3645484182905049,False,10.37040105832452,False
2000-05-25 13:58:44.000,48.0,in,11.5,544.0,3.299999952316284,1.6334424032773929,1.950000047683716,-28.73333333333333,3.1333951248764227,0.9346275588853433,10.876815073146613,10.508544541038049,-0.38913940391140633,10.286148512009108,11.087369539043188,-0.38913940391140633,9.61371787411118,10.362561126735649,-0.36370041114381535,False,10.368941657391991,False
2000-05-25 14:03:28.000,48.0,in,14.800000190734863,542.0,4.300000190734863,2.112803659237512,2.5299999713897705,26.53333333333333,3.14493430127083,0.9755835494562969,10.759396739554088,10.498705429055825,-0.3799108093922297,10.167213641105558,11.073174823027514,-0.3799108093922297,9.91896637207024,10.802807197599284,-0.3706347359036861,False,10.809163402223193,False
2000-05-26 16:50:25.000,48.0,out,7.199999809265137,414.0,2.700000047683716,0.7740277775898222,0.9300000071525574,-20.416666666666668,4.114334593240755,0.8252408218032068,4.696111288678051,-23.31018815841638,-1.5300739024694319,6.356444553716044,-22.91318279619744,-1.5300739024694319,5.245597527255146,-18.908893800861076,-1.2626794446935137,False,18.951005887611714,False
2000-06-10 01:09:53.000,49.0,in,3.0,595.0,0.8999999761581421,0.5329279793822295,0.6399999856948853,20.116666666666667,2.8652868775486446,0.7754718406391818,17.239976740557104,-2.903810595484218,-1.1792552111654668,17.3635790144454,-2.0383909827380355,-1.1792552111654668,13.464966578415845,-1.5807148073261752,-0.9144792091858316,False,1.826179489024387,False
2000-06-11 04:19:46.000,49.0,out,6.900000095367432,478.0,2.799999952316284,1.0700545292970798,1.2799999713897705,10.233333333333333,3.564991306594493,0.8710082396155764,1.1615117839797018,-24.637140038168145,-1.9483933882986848,2.6912186814021393,-24.517241298594417,-1.9483933882986848,2.34407364610863,-21.35471918371903,-1.6970666952206657,False,21.42204627909119,False
2000-06-11 04:52:08.000,49.0,out,6.900000095367432,478.0,2.799999952316284,1.0700545292970798,1.2799999713897705,-22.133333333333333,3.564991306594493,0.8710082396155764,1.4058328492894108,-25.14766757974559,-2.001158854804603,2.966811921180321,-25.01158886847997,-2.001158854804603,2.584117628737778,-21.785299990323285,-1.74302585131448,False,21.85491786273127,False
2000-06-11 05:02:07.000,49.0,out,7.099999904632568,482.0,2.799999952316284,1.0880383241908176,1.2999999523162842,27.883333333333333,3.5354816706689327,0.8734310844733942,1.481022185511188,-25.303376778426426,-2.0172913880179286,3.0385778516309765,-25.1638897578368,-2.0172913880179286,2.6539883482068802,-21.978923520756332,-1.7619650047353381,False,22.049435362593027,False
2000-06-11 05:26:42.000,49.0,out,7.099999904632568,482.0,2.799999952316284,1.0880383241908176,1.2999999523162842,3.3,3.5354816706689327,0.8734310844733942,1.6657914421243478,-25.683134064964865,-2.0567178959521764,3.246413813311574,-25.531530190733832,-2.0567178959521764,2.835518737610135,-22.300032102757857,-1.796401342317347,False,22.3722705500964,False
2000-06-11 05:42:15.000,49.0,out,7.099999904632568,482.0,2.799999952316284,1.0880383241908176,1.2999999523162842,-12.25,3.5354816706689327,0.8734310844733942,1.7823864617814682,-25.92077745296923,-2.0814467765686033,3.3774415998618315,-25.761531272519935,-2.0814467765686033,2.949962479312875,-22.500922197052347,-1.818000315331966,False,22.574246939030992,False
2000-06-11 05:54:30.000,49.0,out,7.099999904632568,482.0,2.799999952316284,1.0880383241908176,1.2999999523162842,-24.5,3.5354816706689327,0.8734310844733942,1.874087874518499,-26.106670494735557,-2.100819533426043,3.4804318867557154,-25.94141560446861,-2.100819533426043,3.039917397284826,-22.65803876418605,-1.8349210833631988,False,22.732216258462977,False
2000-06-11 06:01:13.000,49.0,out,7.0,468.0,2.5999999046325684,0.9524827753031389,1.0499999523162842,28.78333333333333,3.6409635613001554,0.8542745471718848,1.9243198036487887,-26.208184436347672,-2.1114077546625354,3.5847613566722494,-26.03308326287996,-2.1114077546625354,3.0623703846904573,-22.23940041588475,-1.8037219035095433,False,22.31242576599987,False
2000-06-11 06:07:42.000,49.0,out,7.0,468.0,2.5999999046325684,0.9524827753031389,1.0499999523162842,22.3,3.6409635613001554,0.8542745471718848,1.9727476477436299,-26.305676384632807,-2.1215874721920733,3.639282585847372,-26.127303067769056,-2.1215874721920733,3.1089464830552895,-22.319889997041006,-1.812418177092427,False,22.393355021717184,False
2000-06-11 06:16:22.000,49.0,out,7.0,468.0,2.5999999046325684,0.9524827753031389,1.0499999523162842,13.633333333333333,3.6409635613001554,0.8542745471718848,2.0374348514528102,-26.435597937025495,-2.135162144083785,3.7120897673719373,-26.25285448519748,-2.135162144083785,3.171143805083049,-22.42714537731146,-1.8240146737757261,False,22.50119728603818,False
2000-06-26 11:16:40.000,50.0,in,5.099999904632568,561.0,5.900000095367432,3.10577388334164,3.539999961853028,13.333333333333332,3.0386244695370945,1.0402784072486406,14.169936999316969,-2.547268059605155,-0.6406850535603523,14.28504295017832,-1.7925504298783919,-0.6406850535603523,14.860421727689927,-1.8647515061067594,-0.6664908270657733,False,1.9802798292388495,False
2000-06-26 11:46:18.000,50.0,in,5.099999904632568,561.0,5.900000095367432,3.10577388334164,3.539999961853028,-16.3,3.0386244695370945,1.0402784072486406,13.617946072661542,-2.031622897047092,-0.5781016484380762,13.706494198924249,-1.306890817390592,-0.5781016484380762,14.25856995421965,-1.359530297962959,-0.6013866620649755,False,1.4866030231332457,False
2000-06-26 13:13:32.000,50.0,in,5.599999904632568,544.0,6.199999809265137,3.0688917379095706,3.670000076293945,16.466666666666665,3.1333951248764227,1.038209200231201,11.836636984773872,-0.49165619471645566,-0.3874994475865551,11.845815306795778,0.15607895566861413,-0.3874994475865551,12.298434435754963,0.16204260773763293,-0.4023054915688695,False,0.4337136327911334,False
2000-06-27 17:54:33.000,50.0,out,8.5,547.0,2.400000095367432,1.2010967838872963,1.440000057220459,-24.55,3.116244105832003,0.8879413464865233,-6.499128531118195,-27.745604526741065,-2.3189969206534746,-4.981214227440937,-28.057882083982193,-2.3189969206534746,-4.423026068251732,-24.913753597211247,-2.0591332482231475,False,24.998702927081926,False
2000-07-09 16:15:42.000,51.0,in,7.199999809265137,360.0,5.5,1.19222928,1.659999966621399,14.3,4.728867325277421,0.8868453822780074,14.606168589292128,-8.528675780761558,-0.9213684556487315,15.259558296873301,-7.295502177129275,-0.9213684556487315,13.53286881118414,-6.469982417186246,-0.8171113602686966,False,6.521375886557939,False
2000-07-09 16:16:27.000,51.0,in,7.199999809265137,360.0,5.5,1.19222928,1.659999966621399,13.55,4.728867325277421,0.8868453822780074,14.598141427247075,-8.513969956559697,-0.9199116086264816,15.25034610200125,-7.281508176214849,-0.9199116086264816,13.524699018701218,-6.457571902095694,-0.8158193622143287,False,6.50890129764614,False
2000-07-09 16:37:28.000,51.0,in,7.199999809265137,360.0,5.5,1.19222928,1.659999966621399,-7.466666666666667,4.728867325277421,0.8868453822780074,14.370219708953323,-8.100073038506581,-0.878896293818147,14.98907831012839,-6.887810183619353,-0.878896293818147,13.2929948839408,-6.108422655350257,-0.7794451196738785,False,6.1579511228150965,False
2000-07-09 17:38:43.000,51.0,in,7.599999904632568,372.0,5.599999904632568,1.2961820169661515,1.5499999523162842,-8.716666666666667,4.5769820757649935,0.8992883012534159,13.660263970609178,-6.867391141347353,-0.7565567901306016,14.164708950281362,-5.755422937438951,-0.7565567901306016,12.738157049647581,-5.175784516404419,-0.6803626705982858,False,5.220310213368106,False
2000-07-09 17:40:39.000,51.0,in,7.599999904632568,372.0,5.599999904632568,1.2961820169661515,1.5499999523162842,-10.65,4.5769820757649935,0.8992883012534159,13.636575772828808,-6.827782471728209,-0.752620461335378,14.13793558239346,-5.717830861212445,-0.752620461335378,12.714080073120838,-5.141978402034095,-0.6768227761628542,False,5.186331165411431,False
2000-07-09 17:41:56.000,51.0,in,7.599999904632568,372.0,5.599999904632568,1.2961820169661515,1.5499999523162842,-11.933333333333334,4.5769820757649935,0.8992883012534159,13.62085171050908,-6.8014905099982625,-0.7500075534282038,14.120163605433389,-5.692877500268988,-0.7500075534282038,12.6980979421505,-5.119538136460691,-0.6744730186496799,False,5.163776194178231,False
2000-07-09 17:47:03.000,51.0,in,7.599999904632568,372.0,5.599999904632568,1.2961820169661515,1.5499999523162842,-17.05,4.5769820757649935,0.8992883012534159,13.55815966983172,-6.69666411712691,-0.7395898556684309,14.049306502488689,-5.593388126117803,-0.7395898556684309,12.634376978411622,-5.030068506187506,-0.6651045049283223,False,5.073849936627546,False
2000-07-11 03:13:06.000,51.0,out,5.900000095367432,444.0,17.100000381469727,5.638377544341889,6.739999771118164,16.900000000000002,3.837199450688132,1.148983090481981,-12.14498638007316,-27.659904183286184,-2.5232453659448306,-10.266711969227453,-28.410660304569777,-2.5232453659448306,-11.796278447491305,-32.64336827937832,-2.8991662586076288,False,32.77185770776768,False
2000-07-22 23:33:25.000,52.0,in,6.800000190734863,413.0,3.700000047683716,1.0555867383838642,1.2599999904632568,-3.4166666666666665,4.124262327747084,0.869034329404045,12.86161832022395,-11.097542692853173,-0.8769029645748793,13.626445277608397,-10.143799521439835,-0.8769029645748793,11.84184873398733,-8.81531001472354,-0.7620587797717493,False,8.848187624565403,False
2000-07-22 23:56:47.000,52.0,in,6.800000190734863,413.0,3.700000047683716,1.0555867383838642,1.2599999904632568,-26.78333333333333,4.124262327747084,0.869034329404045,12.707563590457957,-10.594977100369626,-0.83159133653217,13.43664506251905,-9.653614951238314,-0.83159133653217,11.676905831346415,-8.389322795474252,-0.7226814194814478,False,8.42039223556288,False
2000-07-23 00:00:34.000,52.0,in,5.699999809265137,404.0,2.799999952316284,0.7643862154625801,0.9100000262260436,29.433333333333334,4.215811792303426,0.8235186132007964,12.682031978741021,-10.513086456252282,-0.8242145041997747,13.420570241180357,-9.552340883154727,-0.8242145041997747,11.052089393380726,-7.8665305169168525,-0.6787559854785805,False,7.895759118755278,False
2000-07-25 14:53:04.000,52.0,out,4.099999904632568,342.0,3.799999952316284,0.7434091389914446,0.8899999856948853,-23.066666666666663,4.976536214169302,0.8197081650398034,-19.36088526090915,-41.8869258800633,-4.193470160721771,-15.65430310151869,-43.40853870120242,-4.193470160721771,-12.831960070322788,-35.58233360582192,-3.4374217305944117,False,35.74798362131725,False
2000-08-03 14:04:00.000,53.0,in,7.800000190734863,419.0,6.0,1.7618599716,2.109999895095825,26.0,4.065403132850516,0.946491046244228,10.154473729837001,-14.76904387213742,-1.005750092698347,11.175976314899472,-14.011978698095271,-1.005750092698347,10.577961515089912,-13.262212377912029,-0.9519334574982876,False,13.296332368903375,False
2000-08-03 14:08:00.000,53.0,in,7.800000190734863,419.0,6.0,1.7618599716,2.109999895095825,22.0,4.065403132850516,0.946491046244228,10.150200412248406,-14.68438247642378,-0.9982873870993685,11.165711667816423,-13.927833287123223,-0.9982873870993685,10.568246118532949,-13.182569499844444,-0.9448700734680979,False,13.216388238621194,False
2000-08-03 14:22:00.000,53.0,in,7.800000190734863,419.0,6.0,1.7618599716,2.109999895095825,8.0,4.065403132850516,0.946491046244228,10.134107127320076,-14.386343536498137,-0.9720517547903106,11.128529362657064,-13.631685216532139,-0.9720517547903106,10.533053399620895,-12.90226800266748,-0.9200382823950188,False,12.935029572974676,False
2000-08-03 14:24:00.000,53.0,in,7.800000190734863,419.0,6.0,1.7618599716,2.109999895095825,6.0,4.065403132850516,0.946491046244228,10.13174313385213,-14.343668027655736,-0.9682971694482948,11.1231458310418,-13.589284684608332,-0.9682971694482948,10.527957935149876,-12.862136278845604,-0.916484600986441,False,12.89474674739452,False
2000-08-03 15:25:48.000,53.0,in,7.900000095367432,427.0,6.400000095367432,1.9517663356435844,2.3299999237060547,4.2,3.989484612094539,0.9627774629895267,10.034899863373745,-12.99046709288738,-0.8499714805984052,10.914374505377792,-12.260827040444198,-0.8499714805984052,10.508113796405201,-11.804447952152252,-0.8183333857039843,False,11.832779089682576,False
2000-08-03 15:47:34.000,53.0,in,7.900000095367432,427.0,6.400000095367432,1.9517663356435844,2.3299999237060547,-17.56666666666667,3.989484612094539,0.9627774629895267,9.990430505586268,-12.499542698322069,-0.8073559825046159,10.835857629051622,-11.774186120367258,-0.8073559825046159,10.432519517414029,-11.335921041733686,-0.7773041445652108,False,11.362539663190566,False
2000-08-03 15:53:13.000,53.0,in,7.900000095367432,427.0,6.400000095367432,1.9517663356435844,2.3299999237060547,-23.216666666666665,3.989484612094539,0.9627774629895267,9.977679658430024,-12.370526443467016,-0.7961917018874061,10.81416158088435,-11.646369612771608,-0.7961917018874061,10.411631051202646,-11.212862188822564,-0.7665554267964704,False,11.239034019339824,False
2000-08-05 21:54:51.000,53.0,out,5.300000190734863,547.0,3.299999952316284,1.651507988356352,1.9700000286102293,-24.85,3.116244105832003,0.9363424756830024,-26.01877944481313,-33.239999238133166,-3.5782135841676617,-24.1733156113894,-34.605277711659554,-3.5782135841676617,-22.634502185034922,-32.40239140423313,-3.3504333659220977,True,32.57514961519909,True
2000-08-05 22:09:14.000,53.0,out,5.5,542.0,3.299999952316284,1.6214538756906225,1.940000057220459,20.766666666666666,3.14493430127083,0.9334807754527958,-26.047654825390275,-33.37756003547614,-3.5914246441863606,-24.177269437178396,-34.756315661855915,-3.5914246441863606,-22.56901622254847,-32.44435249591141,-3.3525258618353653,False,32.617103466329255,False
2000-08-05 22:12:33.000,53.0,out,5.5,542.0,3.299999952316284,1.6214538756906225,1.940000057220459,17.45,3.14493430127083,0.9334807754527958,-26.05427882810634,-33.409229252199474,-3.594465589594809,-24.182146030421514,-34.788300588590126,-3.594465589594809,-22.573568428590622,-32.47420981012206,-3.355364525913353,False,32.64709441732274,False
2000-08-05 22:14:11.000,53.0,out,5.5,542.0,3.299999952316284,1.6214538756906225,1.940000057220459,15.816666666666668,3.14493430127083,0.9334807754527958,-26.05751393399152,-33.42478509955843,-3.5959588902750914,-24.184522840736804,-34.804010492150255,-3.5959588902750914,-22.575787135326845,-32.48887470307966,-3.3567584933903674,False,32.66182491924415,False
2000-08-05 22:16:45.000,53.0,out,5.5,542.0,3.299999952316284,1.6214538756906225,1.940000057220459,13.25,3.14493430127083,0.9334807754527958,-26.06259767181108,-33.449230002551076,-3.5983055056298214,-24.188257828375107,-34.82869748345904,-3.5983055056298214,-22.579273674483755,-32.51191953487018,-3.35894901371139,False,32.68497285173396,False
2000-08-05 22:18:15.000,53.0,out,5.5,542.0,3.299999952316284,1.6214538756906225,1.940000057220459,11.75,3.14493430127083,0.9334807754527958,-26.06556868741992,-33.46351598481951,-3.5996769042137537,-24.190440613358536,-34.84312494591222,-3.5996769042137537,-22.581311262302734,-32.525387293708796,-3.360229187924974,False,32.698500864735934,False
2000-08-05 22:21:10.000,53.0,out,5.5,542.0,3.299999952316284,1.6214538756906225,1.940000057220459,8.833333333333334,3.14493430127083,0.9334807754527958,-26.071345662214874,-33.49129428367478,-3.6023435125714016,-24.19468491749297,-34.87117834512674,-3.6023435125714016,-22.585273238617404,-32.55157460256165,-3.3627184155625005,False,32.72480533553255,False
2000-08-05 22:22:03.000,53.0,out,5.5,542.0,3.299999952316284,1.6214538756906225,1.940000057220459,7.95,3.14493430127083,0.9334807754527958,-26.073095260295634,-33.49970713989953,-3.6031511139597177,-24.195970335316545,-34.87967451746028,-3.6031511139597177,-22.58647315144413,-32.55950561609995,-3.3634722959327226,False,32.732771832680946,False
2000-08-05 22:23:13.000,53.0,out,5.5,542.0,3.299999952316284,1.6214538756906225,1.940000057220459,6.783333333333334,3.14493430127083,0.9334807754527958,-26.07540605021362,-33.51081845944164,-3.6042177573027763,-24.19766805697032,-34.890895877146086,-3.6042177573027763,-22.58805794197,-32.56998053964109,-3.3644679869877323,False,32.74329362156569,False
2000-08-05 22:32:13.000,53.0,out,5.5,542.0,3.299999952316284,1.6214538756906225,1.940000057220459,-2.216666666666667,3.14493430127083,0.9334807754527958,-26.09307093241021,-33.59629429894205,-3.6124208103442883,-24.21061696803129,-34.97721211492122,-3.6124208103442883,-22.600145501508464,-32.650555088213586,-3.372125379302003,False,32.824228507951304,False
2000-08-05 22:44:59.000,53.0,out,5.5,542.0,3.299999952316284,1.6214538756906225,1.940000057220459,-14.983333333333334,3.14493430127083,0.9334807754527958,-26.117930957259016,-33.71724830626154,-3.624025880749018,-24.228803785812563,-35.099347827884785,-3.624025880749018,-22.617122546273947,-32.7645664282613,-3.382958489422595,False,32.93874954173433,False
2000-08-05 22:47:37.000,53.0,out,5.5,542.0,3.299999952316284,1.6214538756906225,1.940000057220459,-17.616666666666667,3.14493430127083,0.9334807754527958,-26.123043442249575,-33.74217423306603,-3.6264172108723094,-24.2325410874469,-35.12451669568482,-3.6264172108723094,-22.62061124550167,-32.78806108249254,-3.3851907501204486,False,32.96234921791775,False
2000-08-05 23:12:13.000,53.0,out,6.0,571.0,3.5999999046325684,1.9632101837526896,2.3499999046325684,17.78333333333333,2.985505757935349,0.9637160194847131,-26.170097739562447,-33.973967839435005,-3.64864420613828,-24.36510082918432,-35.29088222242251,-3.64864420613828,-23.481037985445194,-34.010388539496844,-3.5162568708555444,False,34.191674293450106,False
2000-08-05 23:30:06.000,53.0,out,6.0,571.0,3.5999999046325684,1.9632101837526896,2.3499999046325684,-0.1,2.985505757935349,0.9637160194847131,-26.203672035584773,-34.1415208107432,-3.6647016126974754,-24.389902839704437,-35.45995644228397,-3.6647016126974754,-23.50494008029886,-34.17332807365921,-3.5317316507880196,False,34.35534136176095,False
2000-08-06 00:08:45.000,53.0,out,6.099999904632568,556.0,3.299999952316284,1.7063008582246162,2.039999961853028,21.25,3.0658983289944275,0.9414498993081182,-26.274582697455934,-34.501139944183514,-3.699141334505936,-24.391699569406715,-35.857040389432456,-3.699141334505936,-22.963563103571822,-33.75760706411831,-3.482556236897111,False,33.93676815252981,False
2000-08-06 00:11:21.000,53.0,out,6.099999904632568,556.0,3.299999952316284,1.7063008582246162,2.039999961853028,18.65,3.0658983289944275,0.9414498993081182,-26.27928555555881,-34.52522916225889,-3.7014472772106664,-24.39510729672277,-35.88134665809628,-3.7014472772106664,-22.966771308110392,-33.78049019830442,-3.48472716642429,False,33.9597532597361,False
2000-08-06 00:19:02.000,53.0,out,6.099999904632568,556.0,3.299999952316284,1.7063008582246162,2.039999961853028,10.966666666666669,3.0658983289944275,0.9414498993081182,-26.293052765646404,-34.59621746884155,-3.7082407657018415,-24.40505802830481,-35.95296968990905,-3.7082407657018415,-22.976139423356347,-33.847919694392694,-3.491122895480258,False,34.02748310864915,False
2000-08-06 00:35:57.000,53.0,out,6.099999904632568,556.0,3.299999952316284,1.7063008582246162,2.039999961853028,-5.95,3.0658983289944275,0.9414498993081182,-26.32312135789744,-34.752141040902494,-3.7231583395630468,-24.42674409037959,-36.110278288770935,-3.7231583395630468,-22.996555764313037,-33.996017858951525,-3.505167043889811,False,34.17624066909235,False
2000-08-06 12:01:00.000,53.0,out,8.100000381469727,524.0,3.0999999046325684,1.4236929907619524,1.7000000476837158,29.0,3.2527382632581596,0.91346238739168,-27.213159736854283,-40.540259298166205,-4.271909299909459,-24.86904356951634,-42.019035671509606,-4.271909299909459,-22.716935911158103,-38.38280864039333,-3.9022284678160144,False,38.58066077894579,False
2000-08-06 12:17:51.000,53.0,out,8.100000381469727,524.0,3.0999999046325684,1.4236929907619524,1.7000000476837158,12.15,3.2527382632581596,0.91346238739168,-27.227885446960887,-40.670556421966126,-4.28414037677426,-24.876352431656205,-42.149958425616354,-4.28414037677426,-22.7236122818175,-38.50240165192357,-3.9134010964893067,False,38.70077054928042,False
2000-08-06 12:22:42.000,53.0,out,8.100000381469727,524.0,3.0999999046325684,1.4236929907619524,1.7000000476837158,7.300000000000001,3.2527382632581596,0.91346238739168,-27.232082706073033,-40.7079876676407,-4.287653314766959,-24.878419061133,-42.18756752264633,-4.287653314766959,-22.725500070113224,-38.53675614748422,-3.9166100332148766,False,38.73527344066313,False
2000-08-06 12:24:47.000,53.0,out,8.100000381469727,524.0,3.0999999046325684,1.4236929907619524,1.7000000476837158,5.216666666666667,3.2527382632581596,0.91346238739168,-27.233875460791797,-40.72404837332438,-4.2891604182522896,-24.879297635143665,-42.2037040756936,-4.2891604182522896,-22.72630261442651,-38.55149628175505,-3.917986715562633,False,38.75007723173592,False
2000-08-06 12:28:45.000,53.0,out,8.100000381469727,524.0,3.0999999046325684,1.4236929907619524,1.7000000476837158,1.25,3.2527382632581596,0.91346238739168,-27.237256661943682,-40.75457105443407,-4.29202396963714,-24.88094151678612,-42.234369434594136,-4.29202396963714,-22.727804238476214,-38.57950793370656,-3.920602462047057,False,38.77820981005101,False
2000-08-06 12:31:08.000,53.0,out,8.100000381469727,524.0,3.0999999046325684,1.4236929907619524,1.7000000476837158,-1.1333333333333333,3.2527382632581596,0.91346238739168,-27.239288223980317,-40.77291031241174,-4.293744506813752,-24.881929227184735,-42.25279441914362,-4.293744506813752,-22.728706474774985,-38.59633846408078,-3.9221741080440014,False,38.79511299851686,False
2000-08-06 12:33:27.000,53.0,out,8.100000381469727,524.0,3.0999999046325684,1.4236929907619524,1.7000000476837158,-3.45,3.2527382632581596,0.91346238739168,-27.24126295910684,-40.79073658415228,-4.295416917076333,-24.882889309320458,-42.27070401950991,-4.295416917076333,-22.729583473694774,-38.6126982103886,-3.9237017919151573,False,38.81154337099242,False
2000-08-06 13:17:50.000,53.0,out,7.699999809265137,495.0,2.799999952316284,1.1475206624578391,1.3700000047683716,12.166666666666666,3.4428569810350442,0.8812139511404552,-27.277872367862994,-41.13008960079586,-4.327230811953555,-24.758654189515816,-42.69397655654589,-4.327230811953555,-21.817671483263418,-37.62252777129177,-3.8132161612983126,False,37.81527751312169,False
2000-08-06 13:20:31.000,53.0,out,7.699999809265137,495.0,2.799999952316284,1.1475206624578391,1.3700000047683716,9.483333333333334,3.4428569810350442,0.8812139511404552,-27.280022426860345,-41.15049370368613,-4.329142437441732,-24.759575039740266,-42.71447295143165,-4.329142437441732,-21.818482949328114,-37.64058948041319,-3.8149007123478493,False,37.83341702619609,False
2000-08-06 13:33:28.000,53.0,out,7.699999809265137,495.0,2.799999952316284,1.1475206624578391,1.3700000047683716,-3.4666666666666663,3.4428569810350442,0.8812139511404552,-27.29027862777953,-41.248751562268566,-4.338345718472438,-24.763912047449335,-42.813169389030136,-4.338345718472438,-21.822304781027547,-37.727562158152836,-3.823010771988374,False,37.92076420327028,False
2000-08-06 15:06:39.000,53.0,out,7.400000095367432,487.0,2.5999999046325684,1.0313910226088012,1.2300000190734863,23.35,3.4992737523469946,0.8656822303319996,-27.35891414327557,-41.94651212756071,-4.403600458332161,-24.74766281587878,-43.53818149530699,-4.403600458332161,-21.42361194195424,-37.69023006145675,-3.812118666260001,False,37.88252487376186,False
2000-08-15 12:44:00.000,54.0,in,8.5,488.0,3.299999952316284,1.3144548405266387,1.5700000524520874,-14.0,3.492120872617085,0.9013889368245588,7.271959436740044,-15.821652681969486,-1.0472328905302526,8.222173844035668,-15.34933043871688,-1.0472328905302526,7.411376539662006,-13.835716645123847,-0.943964141802774,False,13.867880998377746,False
2000-08-17 15:42:30.000,54.0,out,16.0,349.0,7.599999904632568,1.5483050603313318,1.850000023841858,-12.5,4.877206667909426,0.9263263840235288,-31.41603035233561,-24.578852368595143,-3.3253850992715277,-29.21257153424314,-27.16086543563726,-3.3253850992715277,-27.06037575734412,-25.15982626594351,-3.080391954493918,True,25.34769560188405,True
2000-08-17 15:43:10.000,54.0,out,16.0,349.0,7.599999904632568,1.5483050603313318,1.850000023841858,-13.166666666666666,4.877206667909426,0.9263263840235288,-31.419183630293293,-24.585248939130693,-3.326054913024475,-29.215169554849734,-27.167506938887453,-3.326054913024475,-27.062782372378244,-25.165978465633742,-3.081012420645655,True,25.353877606175235,True
2000-08-17 15:44:00.000,54.0,out,16.0,349.0,7.599999904632568,1.5483050603313318,1.850000023841858,-14.0,4.877206667909426,0.9263263840235288,-31.423125227740393,-24.593244652300125,-3.326892180215661,-29.218417080607967,-27.175808817950198,-3.326892180215661,-27.06579064117089,-25.17366871524654,-3.0817880033353275,True,25.361605112501927,True
2001-02-24 22:56:52.000,55.0,out,10.800000190734863,334.0,4.0,0.7463542624,0.8899999856948853,-26.866666666666667,5.095114548869635,0.8202485059750959,-90.99307918041825,-17.94007808497555,4.931740933007422,-89.04028593195187,-25.95022816056032,4.931740933007422,-73.03516150727887,-21.285635878412464,4.045253132155564,True,21.66661874062435,True
2001-09-08 15:59:18.000,56.0,in,1.600000023841858,388.0,0.3000000119209289,0.0755399713216886,0.0900000035762786,210.7,4.388993784941378,0.5599519323806288,-21.274301375254996,49.45710434940265,-0.6519505982030238,-24.996742335389374,47.68400090440221,-0.6519505982030238,-13.996974173921952,26.70074845005967,-0.3650609972804901,False,26.703243947601184,False
2001-09-11 23:50:52.000,56.0,out,3.700000047683716,405.0,3.799999952316284,1.0425232039180576,1.25,-20.866666666666667,4.205439772464396,0.867232543691316,-4.772802871624968,-26.25542660905504,-0.7945197821999934,-2.8345660444413148,-26.53473777926903,-0.7945197821999934,-2.4582279209818734,-23.01178814049754,-0.6890334117303707,False,23.02210156492287,False
2001-09-12 00:15:31.000,56.0,out,4.099999904632568,405.0,3.400000095367432,0.9327839571638846,1.1200000047683716,14.483333333333333,4.205439772464396,0.8513042269917699,-4.369770526001608,-26.506828247322844,-0.7660111174030504,-2.4141828484902748,-26.755906999334556,-0.7660111174030504,-2.0552040636508027,-22.777416725532188,-0.6521085021679057,False,22.78674961874012,False
2001-09-12 00:19:14.000,56.0,out,4.099999904632568,405.0,3.400000095367432,0.9327839571638846,1.1200000047683716,10.766666666666666,4.205439772464396,0.8513042269917699,-4.308943461516017,-26.54433994725315,-0.7617002013393368,-2.3507687185676645,-26.788857075688853,-0.7617002013393368,-2.0012193467966792,-22.805467264812304,-0.6484386011006597,False,22.81468408253384,False
2001-09-12 03:17:01.000,56.0,out,5.400000095367432,438.0,3.5999999046325684,1.1551617572386632,1.399999976158142,12.983333333333333,3.8896035629795827,0.8821892179800075,-1.3879385544528702,-28.227340786568195,-0.5524500891331618,0.5300391263707995,-28.256471822159774,-0.5524500891331618,0.467594802391862,-24.92755477966525,-0.4873655121053695,False,24.932318633364236,False
2001-09-12 03:18:34.000,56.0,out,5.400000095367432,438.0,3.5999999046325684,1.1551617572386632,1.399999976158142,11.433333333333334,3.8896035629795827,0.8821892179800075,-1.3624131573728848,-28.241076133864862,-0.5506029955826539,0.5564374554392331,-28.268444035148427,-0.5506029955826539,0.4908831236687223,-24.9381165368792,-0.485736026090511,False,24.942846587629287,False
2001-10-03 04:01:35.000,57.0,in,6.0,477.0,5.5,2.0931075297,2.9600000381469727,28.416666666666664,3.572445747902726,0.9740618521920805,9.000025990213128,12.432244365019454,0.5397525594839605,8.207877257886121,12.96888270806493,0.5397525594839605,7.994980124381811,12.632493911479571,0.5257523778163626,False,12.643429834754016,False
2001-10-03 04:06:15.000,57.0,in,6.0,477.0,5.5,2.0931075297,2.9600000381469727,23.75,3.572445747902726,0.9740618521920805,8.885830094780378,12.420670107814558,0.5298376847701891,8.094624465121882,12.95021533292451,0.5298376847701891,7.88466489929595,12.614310733474728,0.5160946765884141,False,12.624863919894686,False
2001-10-03 04:24:36.000,57.0,in,6.0,477.0,5.5,2.0931075297,2.9600000381469727,5.4,3.572445747902726,0.9740618521920805,8.434593204150792,12.372131849304369,0.49072116100403423,7.64728885914241,12.87365457517463,0.49072116100403423,7.448932350384118,12.539735819975652,0.47799276299743776,False,12.548842636524627,False
2001-10-03 04:29:04.000,57.0,in,6.0,477.0,5.5,2.0931075297,2.9600000381469727,0.9333333333333332,3.572445747902726,0.9740618521920805,8.323797361794924,12.358970129640792,0.4811437014180959,7.5375284281621475,12.853614681490376,0.4811437014180959,7.342018901686083,12.520215724015834,0.4686637249738639,False,12.528984294945849,False
2001-10-03 04:43:37.000,57.0,in,6.0,477.0,5.5,2.0931075297,2.9600000381469727,-13.616666666666667,3.572445747902726,0.9740618521920805,7.961602108530417,12.314219090867866,0.4498727878337456,7.178825450966481,12.786382017482762,0.4498727878337456,6.992620015332058,12.45472695078477,0.43820392096815314,False,12.462433393802206,False
2001-10-04 09:30:44.000,57.0,out,16.600000381469727,509.0,5.5,2.3833638433,2.8499999046325684,-0.7333333333333334,3.3483799990971024,0.9953741003937822,-2.7881292528951707,-24.104883840609027,0.2936565577723396,-1.3754756446193115,-24.226579545019618,0.2936565577723396,-1.3691128323765047,-24.114509820242308,0.29229813201737725,False,24.116281265330763,False
2001-10-04 09:36:28.000,57.0,out,16.600000381469727,509.0,5.5,2.3833638433,2.8499999046325684,-6.466666666666667,3.3483799990971024,0.9953741003937822,-2.732476572697081,-24.194697023885166,0.3006977063828756,-1.3146722533822817,-24.312988898202597,0.3006977063828756,-1.308590711523055,-24.200519452432424,0.29930670898132844,False,24.202370261476485,False
2001-10-04 09:39:50.000,57.0,out,16.600000381469727,509.0,5.5,2.3833638433,2.8499999046325684,-9.833333333333334,3.3483799990971024,0.9953741003937822,-2.699771843526207,-24.247099652262662,0.30482811399232934,-1.278962675822002,-24.363391882652696,0.30482811399232934,-1.2730463228835498,-24.2506892777366,0.3034180097398481,False,24.252587345146566,False
2001-10-04 10:01:35.000,57.0,out,18.600000381469727,514.0,5.699999809265137,2.518797024435365,3.039999961853028,28.416666666666664,3.315881244439669,1.0045852726383429,-2.488376586012624,-24.58401370309074,0.3314902048734409,-1.0622529313573148,-24.686785260486875,0.3314902048734409,-1.067123650658467,-24.79998090147043,0.33301017783972575,False,24.8022166044054,False
2001-10-04 10:11:22.000,57.0,out,18.600000381469727,514.0,5.699999809265137,2.518797024435365,3.039999961853028,18.633333333333333,3.315881244439669,1.0045852726383429,-2.3932026669382833,-24.73420456237763,0.3434648333558929,-0.958551199087543,-24.83121974324481,0.3434648333558929,-0.9629464176731699,-24.94507765571019,0.3450397132585127,False,24.947463832083958,False
2001-10-23 06:55:34.000,58.0,in,6.900000095367432,517.0,3.200000047683716,1.4306162817978434,1.7100000381469729,-25.566666666666663,3.2966827159422625,0.9142012393123302,13.361530471380942,10.306323341139842,0.3157858782868443,12.746741360222433,11.057639080986506,0.3157858782868443,11.653086748709086,10.10890735170632,0.28869184128716574,False,10.113028766131729,False
2001-10-23 07:11:13.000,58.0,in,6.800000190734863,518.0,3.400000095367432,1.5259156989607816,1.8200000524520876,18.78333333333333,3.290332460187137,0.9240802790281749,13.008099785627211,10.394836257133354,0.28680314300031245,12.390038521421952,11.124307901309141,0.28680314300031245,11.449390254045433,10.279753549437082,0.2650291284098863,False,10.283169427568039,False
2001-10-23 07:48:37.000,58.0,in,6.800000190734863,518.0,3.400000095367432,1.5259156989607816,1.8200000524520876,-18.616666666666667,3.290332460187137,0.9240802790281749,12.14757932599617,10.5939114259854,0.21719777554242534,11.51951058279601,11.273664830739131,0.21719777554242534,10.64495255361815,10.417771342459538,0.20070818102754331,False,10.419704579195256,False
2001-10-24 20:43:06.000,58.0,out,6.800000190734863,373.0,3.5,0.8144750789,0.9700000286102296,-13.1,4.564763273960367,0.8322763972328951,-13.809420452327759,-25.330003429317195,0.5692527674759903,-11.74970618686965,-26.34869202599298,0.5692527674759903,-9.77900313375293,-21.929394471192552,0.4737756424297722,True,21.934511739095772,True
2001-11-14 01:14:29.000,59.0,in,14.600000381469728,357.0,10.199999809265137,2.174346172820821,2.5299999713897705,15.516666666666667,4.768423223529618,0.9802632618138195,12.764148605372402,7.024190450826951,-0.020140627206264774,12.136058211991884,8.06094486922365,-0.020140627206264774,11.896532008449554,7.901848110806548,-0.019743116920189263,False,7.901872775293382,False
2001-11-16 01:25:39.000,59.0,out,4.099999904632568,361.0,10.899999618530272,2.375926376989173,2.8399999141693115,4.35,4.715827131300244,0.994855736016292,-16.67770305790759,-33.64966995748337,1.971716500107687,-13.854776625196404,-34.90689376328422,1.971716500107687,-13.783503996801086,-34.72732348691463,1.9615734699301002,False,34.78267912399426,False
2001-11-16 01:45:23.000,59.0,out,4.099999904632568,361.0,10.899999618530272,2.375926376989173,2.8399999141693115,-15.383333333333333,4.715827131300244,0.994855736016292,-16.636927387495906,-33.899669319044094,1.99314369277283,-13.793585591515658,-35.15269448231362,1.99314369277283,-13.72262774595103,-34.97185974215796,1.982890435459744,False,35.02802918098885,False
2001-11-16 02:08:19.000,59.0,out,3.400000095367432,377.0,7.300000190734863,1.735392292762439,2.0799999237060547,21.683333333333334,4.516532227268188,0.9441062858629516,-16.588868009195014,-34.188535431809534,2.017946232036989,-13.845117952077606,-35.388687538416114,2.017946232036989,-13.071262887070464,-33.41068235345856,1.9051557221995796,False,33.464956501533614,False
2001-11-16 02:39:14.000,59.0,out,3.400000095367432,377.0,7.300000190734863,1.735392292762439,2.0799999237060547,-9.233333333333333,4.516532227268188,0.9441062858629516,-16.522968787030766,-34.575158776712954,2.051212246669076,-13.748978039965529,-35.768920934641706,2.051212246669076,-12.98049659172314,-33.76966309293016,1.9365623757193418,False,33.825144777887665,False
2001-11-16 04:24:06.000,59.0,out,3.5999999046325684,365.0,7.699999809265137,1.715807396998143,2.049999952316284,5.9,4.6643761224875195,0.9423220807637532,-16.290451894705953,-35.86304703587049,2.1626207395554196,-13.320159184229427,-37.06899411823277,2.1626207395554196,-12.55188011858749,-34.930931669312436,2.03788527520071,False,34.99032671583754,False
2001-11-16 06:24:37.000,59.0,out,3.799999952316284,358.0,8.199999809265137,1.757810231592719,1.8200000524520876,5.383333333333333,4.755164768963902,0.9461281041531687,-16.0075576684842,-37.299882384143665,2.2879865970431954,-12.860373063535828,-38.49849260747075,2.2879865970431954,-12.16756038530563,-36.42450582346108,2.1647284213883387,False,36.48877462483108,False
2001-11-16 06:42:45.000,59.0,out,3.799999952316284,358.0,8.199999809265137,1.757810231592719,1.8200000524520876,-12.75,4.755164768963902,0.9461281041531687,-15.963652437336261,-37.51217575376765,2.306605852022228,-12.79902024849804,-38.70641561292084,2.306605852022228,-12.10951276272947,-36.62122762241741,2.182344621802395,False,36.68619550486555,False
2001-12-01 21:49:22.000,60.0,in,5.400000095367432,348.0,6.5,1.3166305776,1.409999966621399,-19.366666666666667,4.8911537362569995,0.9016374345334471,18.075800081457654,-1.354371921114865,0.37163346969512595,18.125454491220008,0.1917586301610703,0.37163346969512595,16.342588287216355,0.17289675934807552,0.3350786482026769,False,0.37705568537604583,False
2001-12-01 22:52:44.000,60.0,in,3.400000095367432,353.0,3.200000047683716,0.6669472528182884,0.800000011920929,-22.73333333333333,4.822202964792861,0.805013554901132,17.212396833110144,-0.23742618059288637,0.2638427076351578,17.171430103506175,1.2103570267044885,0.2638427076351578,13.82323399035982,0.9743538127669447,0.21239695600811845,False,0.9972350873164245,False
2001-12-01 23:07:11.000,60.0,in,5.0,371.0,5.699999809265137,1.3122444747093371,1.5700000524520874,22.816666666666663,4.589266326551878,0.9011361328149811,17.005554827003785,0.017770472166367332,0.23909270002181765,16.949611212752714,1.378365154971718,0.23909270002181765,15.273907100977421,1.242094645358136,0.2154550710819531,False,1.260642691519799,False
2001-12-01 23:10:57.000,60.0,in,5.0,371.0,5.699999809265137,1.3122444747093371,1.5700000524520874,19.05,4.589266326551878,0.9011361328149811,16.951217050076625,0.08430299027958026,0.2326347413209249,16.890124236597526,1.440336677752611,0.2326347413209249,15.220301237332079,1.2979394237415653,0.20963557115235174,False,1.3147599858510144,False
2001-12-02 02:22:39.000,60.0,in,8.0,377.0,9.699999809265137,2.305932119037561,2.759999990463257,7.35,4.516532227268188,0.9899099697610315,13.779379439291091,3.445045734181807,-0.09909546544649467,13.465303554467088,4.519428949393755,-0.09909546544649467,13.329438234425625,4.473827774631503,-0.09809558920359487,False,4.474903094111141,False
2001-12-02 02:27:48.000,60.0,in,8.0,377.0,9.699999809265137,2.305932119037561,2.759999990463257,2.2,4.516532227268188,0.9899099697610315,13.681938606514132,3.533453103914591,-0.1080042226197471,13.361203516657804,4.599888635221145,-0.1080042226197471,13.226388569145715,4.553475619795877,-0.10691445674757756,False,4.554730609063183,False
2001-12-02 02:45:01.000,60.0,in,8.0,377.0,9.699999809265137,2.305932119037561,2.759999990463257,-15.016666666666666,4.516532227268188,0.9899099697610315,13.351863340327519,3.827912300419864,-0.13774936637898388,13.00896554534734,4.867441081148637,-0.13774936637898388,12.877704689617087,4.818328453453449,-0.1363594711068212,False,4.820257564769713,False
2001-12-05 05:45:34.000,60.0,out,5.900000095367432,462.0,4.5,1.6065289548,1.840000033378601,-15.566666666666665,3.688119126726058,0.9320431908488712,-29.86693693225798,-43.48312196595542,3.3271913647871147,-27.008013567810107,-45.31426950467827,3.3271913647871147,-25.17263514423134,-42.234856340126036,3.101086056200993,False,42.34855162575278,False
2002-07-20 15:14:46.000,61.0,in,7.0,769.0,1.2000000476837158,1.1869325374844597,1.4199999570846558,15.233333333333333,2.2177062836497643,0.8861874955633567,-21.02588230718661,22.754741460210532,0.793601042364274,-21.890665449907498,21.92406786791432,0.793601042364274,-19.39923399126883,19.428834796428053,0.7032793202092653,True,19.441559179991906,True
2002-07-22 01:28:01.000,61.0,out,10.699999809265137,525.0,4.0,1.8440415,2.2100000381469727,1.9833333333333327,3.2465558371129672,0.9537101255184882,12.625075296400087,-0.7777444656846166,0.22418541376376414,12.648858843628625,-0.06150323270140601,0.22418541376376414,12.063344755422696,-0.05865625577945071,0.2138078991000537,False,0.22170785746031443,False
2002-07-22 01:34:37.000,61.0,out,10.699999809265137,525.0,4.0,1.8440415,2.2100000381469727,-4.616666666666666,3.2465558371129672,0.9537101255184882,12.752702401562043,-0.6495026684315719,0.23366977367788608,12.76901842858686,0.07376062306715214,0.23366977367788608,12.177942168275463,0.07034625308369556,0.22285322918421346,False,0.23369244121440239,False
2002-07-22 01:48:18.000,61.0,out,10.699999809265137,525.0,4.0,1.8440415,2.2100000381469727,-18.3,3.2465558371129672,0.9537101255184882,13.01226003890892,-0.38344737160009423,0.2532385534739439,13.013092046818896,0.354088390083373,0.2532385534739439,12.41071764935529,0.33769768295105307,0.24151617261975544,False,0.41517440516896686,False
2002-08-08 22:09:05.500,62.0,in,9.100000381469728,347.0,19.5,3.9272238213,4.699999809265137,20.90833333333333,4.905180605096842,1.0817715461937274,-10.047710102892381,32.31371144166007,1.0764550755986741,-12.773959934415501,31.336215040119093,1.0764550755986741,-13.81850638926938,33.89862579580877,1.1644784715384635,False,33.91862085868098,False
2002-08-08 22:29:50.000,62.0,in,9.100000381469728,347.0,19.5,3.9272238213,4.699999809265137,0.1666666666666666,4.905180605096842,1.0817715461937274,-10.109575926535827,32.021222615518866,1.0608860163689824,-12.810589333478678,31.03950747250948,1.0608860163689824,-13.858131030930101,33.57765599162833,1.1476363062627781,False,33.597262551933994,False
2002-08-08 23:01:56.000,62.0,in,10.300000190734863,350.0,18.399999618530277,3.770040321839333,4.510000228881836,28.066666666666663,4.863338722633126,1.0744320242230818,-10.204369193657122,31.564710550496724,1.0366630663179346,-12.843667606638451,30.58594947336577,1.0366630663179346,-13.799647785048975,32.86252360545328,1.1138239967812853,False,32.881393851459215,False
2002-08-08 23:16:35.000,62.0,in,10.300000190734863,350.0,18.399999618530277,3.770040321839333,4.510000228881836,13.416666666666668,4.863338722633126,1.0744320242230818,-10.247209176642592,31.354697593693622,1.025551371709261,-12.8685485856999,30.373060668943555,1.025551371709261,-13.82638070574662,32.6337890563835,1.1018852362503395,False,32.652386425044064,False
2002-08-09 01:29:49.000,62.0,in,10.100000381469728,351.0,17.700000762939453,3.647368226235876,4.360000133514404,0.1833333333333333,4.849549230634431,1.0685246535118347,-10.623833946921794,29.396607027533104,0.9229153810083953,-13.070978619734166,28.393236349268623,0.9229153810083953,-13.966662900712048,30.338873032181883,0.9861578377127385,False,30.35489621368743,False
2002-08-10 11:20:55.500,62.0,out,8.300000190734863,439.0,6.099999904632568,1.966305351318772,2.3499999046325684,9.075,3.880770522277032,0.9639690833189278,11.660391757927783,-4.210883620168054,0.24639042589931773,11.918649542988573,-3.4120477549952466,0.24639042589931773,11.489209674354253,-3.2891085466231735,0.23751275299272553,False,3.2976730188579624,False
2002-08-28 20:10:02.500,63.0,in,4.900000095367432,480.0,2.299999952316284,0.8863441736242677,1.059999942779541,19.95833333333333,3.5501752459596108,0.8440892011425853,-0.4471915986452928,34.06130226200804,1.2035493596876239,-2.555498012442534,33.968245789533725,1.2035493596876239,-2.1570682758440833,28.67222945270251,1.0159030175543966,False,28.69022134333399,False
2002-08-28 20:28:52.500,63.0,in,4.900000095367432,480.0,2.299999952316284,0.8863441736242677,1.059999942779541,1.125,3.5501752459596108,0.8440892011425853,-0.5710201926373217,33.82143311579071,1.1887296313428881,-2.6642356510766985,33.72116917400457,1.1887296313428881,-2.248852542372926,28.463674749679495,1.0033938448947384,False,28.481354944305487,False
2002-08-28 20:47:42.500,63.0,in,4.900000095367432,480.0,2.299999952316284,0.8863441736242677,1.059999942779541,-17.708333333333332,3.5501752459596108,0.8440892011425853,-0.6949196363746329,33.58001406362406,1.173854190829709,-2.772948029277013,33.47254123966595,1.173854190829709,-2.34061548684234,28.253810595201877,0.9908376461953251,False,28.271179182882694,False
2002-08-30 13:27:13.500,63.0,out,9.199999809265137,376.0,7.300000190734863,1.7261981775822146,2.059999942779541,2.775,4.5284943841998215,0.9432707931381751,16.74187670541987,-4.244824686923892,0.6593530517280621,17.02476136314545,-2.909720393809133,0.6593530517280621,16.058960154002367,-2.744654263678664,0.6219484760616053,False,2.81424002778811,False
2002-09-17 10:44:58.500,64.0,in,4.199999809265137,478.0,3.400000095367432,1.2993519870058408,1.5499999523162842,-14.975,3.564991306594493,0.8996544813581566,5.453976780643551,24.47516546839498,0.5534724270398617,3.921539997098333,24.766935851660598,0.5534724270398617,3.5280310322147677,22.281684828456452,0.4979339492945869,False,22.28724785639821,False
2002-09-17 10:50:24.500,64.0,in,4.199999809265137,478.0,3.400000095367432,1.2993519870058408,1.5499999523162842,-20.40833333333333,3.564991306594493,0.8996544813581566,5.388624567818126,24.402243191011486,0.5486729090023775,3.860848604808343,24.69009103946174,0.5486729090023775,3.473429749161212,22.212551048792623,0.493616041383805,False,22.218035036688768,False
2002-09-17 11:35:01.000,64.0,in,4.800000190734863,479.0,4.199999809265137,1.6118045965230137,1.9299999475479128,-5.016666666666667,3.557567870209105,0.9325526132891031,4.84955792710829,23.793931072940946,0.5090478702138642,3.363766277487528,24.049000902795967,0.5090478702138642,3.1368890325647527,22.42695863889438,0.4747139216571913,False,22.431982237379167,False
2002-09-17 11:45:35.000,64.0,in,4.800000190734863,479.0,4.199999809265137,1.6118045965230137,1.9299999475479128,-15.583333333333334,3.557567870209105,0.9325526132891031,4.7212014460777745,23.64720557351699,0.49960226363249416,3.2447616652378537,23.894593452629046,0.49960226363249416,3.0259109704178626,22.28296556772991,0.46590539655563384,False,22.28783574803028,False
2002-09-17 12:52:11.500,64.0,in,5.099999904632568,468.0,5.199999809265137,1.9049655506062773,2.2799999713897705,-22.191666666666663,3.6409635613001554,0.9588907580371159,3.9065492983865893,22.69864154362063,0.43955631838889314,2.457208768397154,22.900907851328018,0.43955631838889314,2.3561947785837947,21.959468889298062,0.4214864913399296,False,21.963513488566246,False
2002-09-18 16:16:11.000,64.0,out,5.099999904632568,519.0,2.5999999046325684,1.171386299393805,1.399999976158142,13.816666666666666,3.284006595093033,0.8842423308699676,14.928217507278134,-8.598634819784685,0.8675828341033206,15.396278880460176,-7.729346372347081,0.8675828341033206,13.614041523982163,-6.834615252385511,0.7671534674502927,False,6.877535175537939,False
2002-09-18 16:23:35.000,64.0,out,5.099999904632568,519.0,2.5999999046325684,1.171386299393805,1.399999976158142,6.416666666666666,3.284006595093033,0.8842423308699676,15.096762469989374,-8.584085609695052,0.8782651870372226,15.563713609794801,-7.705165897120024,0.8782651870372226,13.762094399317593,-6.813233852609195,0.7765992561077417,False,6.857350941502632,False
2002-09-18 16:29:37.200,64.0,out,5.099999904632568,519.0,2.5999999046325684,1.171386299393805,1.399999976158142,0.38,3.284006595093033,0.8842423308699676,15.233185394835571,-8.57164338064401,0.8869171184501878,15.699199749743531,-7.684929065126281,0.8869171184501878,13.881896979506433,-6.795339589117623,0.7842496601068693,False,6.840444989970098,False
2002-10-09 13:43:28.000,65.0,in,6.699999809265137,397.0,4.800000190734863,1.265360754600917,1.4800000190734863,-13.466666666666669,4.289870901110799,0.895688514444484,9.099422123401641,16.53782873553135,-0.002556137630578067,7.8368590432428284,17.172154861925765,-0.002556137630578067,7.019384634352989,15.380901878088913,-0.0022895031170481125,False,15.38090204848934,False
2002-10-10 09:26:31.000,65.0,out,7.099999904632568,414.0,6.5,1.8634001724,2.2300000190734863,3.4833333333333334,4.114334593240755,0.9553715413227011,10.753188328780524,-9.62380897923613,1.0417903814790015,11.415955204823067,-8.827498244945776,1.0417903814790015,10.906478719702726,-8.433540604297285,0.9952968824887584,False,8.492068240930642,False
2002-11-01 02:26:19.000,66.0,in,8.199999809265137,424.0,4.5,1.3531200192,1.559999942779541,3.683333333333333,4.017619983494106,0.9057548433594258,12.039787130063276,11.126465212316306,-0.39036080606474827,11.230643676473333,11.942669084849156,-0.39036080606474827,10.17220990400963,10.817130366241004,-0.35357119075083526,False,10.822907277953655,False
2002-11-01 21:25:01.000,66.0,out,7.300000190734863,428.0,9.899999618530272,3.033296111280133,3.630000114440918,4.9833333333333325,3.9801933801527065,1.0361924252146926,8.919491326044835,-13.83308663884931,1.5056504962017403,9.85815541409011,-13.180606332978243,1.5056504962017403,10.214945966669383,-13.657644441968861,1.5601436391849866,False,13.746464995704615,False
2002-11-27 16:16:32.000,67.0,in,8.0,505.0,4.400000095367432,1.8768412266794368,2.240000009536743,13.466666666666669,3.3748407592269896,0.9565166501434907,10.684370071339165,10.435949396442613,-1.0720282063341333,10.051497183068188,11.046818908862917,-1.0720282063341333,9.614424414475117,10.56646621744733,-1.02541282878206,False,10.616104737326516,False
2002-11-28 16:30:08.000,67.0,out,6.099999904632568,507.0,3.200000047683716,1.3758085241811442,1.6399999856948853,-0.1333333333333333,3.3615583677607916,0.9082685528135866,2.3865142002649122,-21.3231286648819,2.113504031755253,3.6327238900076564,-21.146502860429234,2.113504031755253,3.299488870348597,-19.20670355011043,1.9196292482880242,False,19.30239461084317,False
2002-11-28 16:33:38.000,67.0,out,6.099999904632568,507.0,3.200000047683716,1.3758085241811442,1.6399999856948853,-3.633333333333333,3.3615583677607916,0.9082685528135866,2.431428336920829,-21.377779599952863,2.1187240818120903,3.6807652925903054,-21.198426150132114,2.1187240818120903,3.3431233655474744,-19.253863841306188,1.9243704555987624,False,19.349792620850987,False
2002-11-28 16:36:17.000,67.0,out,6.099999904632568,507.0,3.200000047683716,1.3758085241811442,1.6399999856948853,-6.283333333333333,3.3615583677607916,0.9082685528135866,2.465428952400328,-21.41911960999121,2.122672479083641,3.7171314443725265,-21.237701349526997,2.122672479083641,3.376153597598112,-19.28953626982204,1.9279566606745269,False,19.385644853608024,False
2003-08-12 16:44:54.000,68.0,in,7.199999809265137,669.0,2.400000095367432,1.7966173400311565,2.150000095367432,-14.9,2.548793204340391,0.9495777785090357,-34.297991403468494,49.4198764691824,3.8151051868482484,-36.46177080591295,47.84574875826191,3.8151051868482484,-34.62328732238443,45.4332598169718,3.6227391081056592,False,45.57746522396636,False
2003-08-12 16:51:05.000,68.0,in,7.199999809265137,669.0,2.400000095367432,1.7966173400311565,2.150000095367432,-21.08333333333333,2.548793204340391,0.9495777785090357,-34.3538826192277,49.3808422833056,3.8210235995296298,-36.51587087260901,47.804267696925585,3.8210235995296298,-34.674659543534865,45.393870322897854,3.628359101271945,False,45.5386479010944,False
2003-08-12 17:10:00.000,68.0,in,7.699999809265137,662.0,2.5,1.8325172860000003,2.190000057220459,20.0,2.5757080836099338,0.9527141710221916,-34.52470115612923,49.26117763875137,3.8391049023411936,-36.703591351685645,47.65988873429224,3.8391049023411936,-34.96803160815847,45.40625138650112,3.6575696445012222,False,45.55332568186994,False
2003-08-12 17:17:00.000,68.0,in,7.699999809265137,662.0,2.5,1.8325172860000003,2.190000057220459,13.0,2.5757080836099338,0.9527141710221916,-34.58783981616009,49.2167921627218,3.845786470817829,-36.76467156480244,47.61271068390363,3.845786470817829,-35.0262235927639,45.36130418933469,3.663935269473568,False,45.50903579967659,False
2003-08-12 17:21:42.000,68.0,in,7.699999809265137,662.0,2.5,1.8325172860000003,2.190000057220459,8.3,2.5757080836099338,0.9527141710221916,-34.63022109663039,49.18697340569151,3.8502711766758697,-36.80566998956553,47.58101746109371,3.8502711766758697,-35.06528337302528,45.33110960683832,3.6682079122973894,False,45.47928371769976,False
2003-08-12 17:31:16.000,68.0,in,7.699999809265137,662.0,2.5,1.8325172860000003,2.190000057220459,-1.2666666666666666,2.5757080836099338,0.9527141710221916,-34.71642501068498,49.12618884028672,3.859392167524666,-36.889055188172364,47.51642034936974,3.859392167524666,-35.14472563339151,45.26956702309179,3.676897609532801,False,45.41864456904442,False
2003-08-12 17:33:39.000,68.0,in,7.699999809265137,662.0,2.5,1.8325172860000003,2.190000057220459,-3.65,2.5757080836099338,0.9527141710221916,-34.73789604693786,49.11103857812524,3.861663882434273,-36.909823688113356,47.50032049683826,3.861663882434273,-35.164512077596164,45.254228465433684,3.679061904519706,False,45.40353169632244,False
2003-08-12 17:55:51.000,68.0,in,7.699999809265137,662.0,2.5,1.8325172860000003,2.190000057220459,-25.85,2.5757080836099338,0.9527141710221916,-34.93764410261977,48.969565227398085,3.8827865291980452,-37.1030122067879,47.3500135077559,3.8827865291980452,-35.34856551701619,45.111028866931235,3.6991857494210483,False,45.26244470465358,False
2003-08-12 18:12:32.000,68.0,in,9.399999618530272,676.0,2.5,1.9108451440000005,2.2799999713897705,17.466666666666665,2.522434642797143,0.9593833873267212,-35.08752742559113,48.86292395515237,3.898627939195341,-37.204015029681536,47.2713569083842,3.898627939195341,-35.69291396133012,45.35135451429604,3.7402788782318206,False,45.505329823750394,False
2003-08-12 18:29:52.000,68.0,in,9.399999618530272,676.0,2.5,1.9108451440000005,2.2799999713897705,0.1333333333333333,2.522434642797143,0.9593833873267212,-35.24301406567474,48.751793046524575,3.9150567778306486,-37.354460078787,47.15349062271867,3.9150567778306486,-35.837248442147455,45.238275557902625,3.7560404330916066,False,45.39393588561967,False
2003-08-12 18:44:16.000,68.0,in,9.399999618530272,676.0,2.5,1.9108451440000005,2.2799999713897705,-14.266666666666667,2.522434642797143,0.9593833873267212,-35.37202890885286,48.65924622754665,3.9286824809091154,-37.47927687679851,47.05535545879993,3.9286824809091154,-35.95699560461901,45.1441263119264,3.769112706265734,False,45.301195912025314,False
2003-08-12 18:45:57.000,68.0,in,9.399999618530272,676.0,2.5,1.9108451440000005,2.2799999713897705,-15.95,2.522434642797143,0.9593833873267212,-35.38710411025468,48.64841867890904,3.930274422710891,-37.493860944732795,47.043874933145865,3.930274422710891,-35.97098731711481,45.13311208633611,3.7706399887839486,False,45.29034701261181,False
2003-08-12 19:16:07.000,68.0,in,9.699999809265137,673.0,2.400000095367432,1.8181657812074143,2.1700000762939453,13.883333333333333,2.5336641591321123,0.9514665508225398,-35.65683348744589,48.45378254448947,3.958747293746269,-37.76394198738656,46.83015591254654,3.958747293746269,-35.93112762820118,44.55732692059242,3.7666156331588265,False,44.71624733401168,False
2003-08-12 21:26:27.000,68.0,in,8.399999618530273,632.0,2.5999999046325684,1.736999050527252,2.0799999237060547,3.55,2.6977961613754795,0.9442519172216766,-36.8142959146231,47.60214894679388,4.080688738027499,-39.014033453603744,45.81661447251721,4.080688738027499,-36.83907588711596,43.26242605628079,3.85319816446737,False,43.433680990330735,False
2003-08-12 21:32:40.000,68.0,in,8.399999618530273,632.0,2.5999999046325684,1.736999050527252,2.0799999237060547,-2.666666666666667,2.6977961613754795,0.9442519172216766,-36.86917564094704,47.56109040873323,4.086460450630274,-39.06691981150052,45.77301835964597,4.086460450630274,-36.889013931954864,43.22126034311871,3.858648115158193,False,43.39316202956705,False
2003-08-12 21:48:30.000,68.0,in,8.399999618530273,632.0,2.5999999046325684,1.736999050527252,2.0799999237060547,-18.5,2.6977961613754795,0.9442519172216766,-37.00883256797517,47.45636485437366,4.101144286477444,-39.20149272937659,45.66183549775989,4.101144286477444,-37.01608466766546,43.116275712620585,3.872513355309051,False,43.289832420717026,False
2003-08-12 22:05:48.000,68.0,in,10.800000190734863,620.0,3.299999952316284,2.121726521341877,2.539999961853028,24.2,2.749932179575025,0.9762690303217642,-37.16118145138868,47.341621637034656,4.117156721757054,-39.389694677048894,45.50422507126177,4.117156721757054,-38.45493902703288,44.42436568586404,4.019452600432492,False,44.6058321948879,False
2003-08-12 22:20:11.000,68.0,in,10.800000190734863,620.0,3.299999952316284,2.121726521341877,2.539999961853028,9.816666666666668,2.749932179575025,0.9762690303217642,-37.28767880038121,47.24600912874765,4.130445655693179,-39.511459161002925,45.40265370969524,4.130445655693179,-38.57381392171031,44.325204711199014,4.032426175080323,False,44.50824905056558,False
2003-08-12 23:38:29.000,68.0,in,12.100000381469728,616.0,3.400000095367432,2.1579056195676207,2.5799999237060547,-8.483333333333334,2.7677612050060856,0.9790240326175561,-37.97343682119331,46.72187663829028,4.202405129068269,-40.185234303761014,44.8337217345226,4.202405129068269,-39.34231013974946,43.89329104978569,4.114255616153118,False,44.085690404668085,False
2003-08-12 23:47:36.000,68.0,in,12.100000381469728,616.0,3.400000095367432,2.1579056195676207,2.5799999237060547,-17.6,2.7677612050060856,0.9790240326175561,-38.05297063281723,46.66046197936221,4.21073998083569,-40.26170976010867,44.76853820823645,4.21073998083569,-39.41718144941921,43.82947481102079,4.122415636341729,False,44.02291645141949,False
2003-08-13 00:11:30.000,68.0,in,12.600000381469728,643.0,3.400000095367432,2.351218377109898,2.809999942779541,18.5,2.651710574440715,0.9931239141519935,-38.26114356589048,46.499050816177586,4.23255090070384,-40.37143251046078,44.67912567215767,4.23255090070384,-40.09383507471185,44.37190816842204,4.203447517354544,False,44.570564339461,False
2003-08-13 00:14:21.000,68.0,in,12.600000381469728,643.0,3.400000095367432,2.351218377109898,2.809999942779541,15.65,2.651710574440715,0.9931239141519935,-38.28593008817792,46.47975716116715,4.235146610666068,-40.39529987941988,44.65870593881618,4.235146610666068,-40.117538329593025,44.35162884292001,4.206025378992234,False,44.550618744399735,False
2003-08-13 00:15:48.000,68.0,in,12.600000381469728,643.0,3.400000095367432,2.351218377109898,2.809999942779541,14.2,2.651710574440715,0.9931239141519935,-38.29853831356503,46.46993808185944,4.2364668945237085,-40.40744032880994,44.648314059560214,4.2364668945237085,-40.129595300210845,44.34130841911792,4.207336584464726,False,44.540468267119884,False
2003-08-13 00:24:27.000,68.0,in,12.600000381469728,643.0,3.400000095367432,2.351218377109898,2.809999942779541,5.55,2.651710574440715,0.9931239141519935,-38.373748533090975,46.411356882189544,4.244342468291105,-40.47985978144308,44.58631601962167,4.244342468291105,-40.20151679047061,44.2797366830244,4.215158005110796,False,44.47991274413683,False
2003-08-13 00:25:48.000,68.0,in,12.600000381469728,643.0,3.400000095367432,2.351218377109898,2.809999942779541,4.2,2.651710574440715,0.9931239141519935,-38.38547412648061,46.402199042469384,4.245569891042989,-40.49114913589736,44.57662550649362,4.245569891042989,-40.212728518354496,44.27011280269654,4.2163769879984665,False,44.4704477430619,False
2003-08-13 00:43:42.000,68.0,in,12.600000381469728,643.0,3.400000095367432,2.351218377109898,2.809999942779541,-13.7,2.651710574440715,0.9931239141519935,-38.54087165014315,46.280681840548674,4.261835181898898,-40.64075832339502,44.44804902443186,4.261835181898898,-40.36130898023527,44.142420423563465,4.232530437318107,False,44.344871121173156,False
2003-08-13 00:47:01.000,68.0,in,12.600000381469728,643.0,3.400000095367432,2.351218377109898,2.809999942779541,-17.016666666666666,2.651710574440715,0.9931239141519935,-38.569646598467116,46.258143740128574,4.264846642034644,-40.66845974483152,44.42420379698504,4.264846642034644,-40.38881992431987,44.11873915794764,4.235521190395431,False,44.32158373345103,False
2003-08-13 00:53:59.000,68.0,in,12.600000381469728,643.0,3.400000095367432,2.351218377109898,2.809999942779541,-23.98333333333333,2.651710574440715,0.9931239141519935,-38.6300302658638,46.21073226011452,4.271163527844779,-40.72658528344977,44.37404946032573,4.271163527844779,-40.446545786744615,44.068929686812844,4.241794640756444,False,44.27260310299818,False
2003-08-13 01:09:45.000,68.0,in,12.600000381469728,631.0,3.5,2.3308743101,2.789999961853028,20.25,2.702065259721745,0.9916865453389844,-38.76657069651656,46.103291690568916,4.285444469224761,-40.89689151707002,44.224481596901775,4.285444469224761,-40.55689706366638,43.85682337423901,4.249817620927561,False,44.06225035436052,False
2003-08-19 17:43:37.000,68.0,out,5.400000095367432,433.0,9.300000190734863,2.916425202833328,3.490000009536743,-13.616666666666667,3.934377898270412,1.02942904815076,-79.77426966541643,-36.03798924720695,7.391376405453505,-77.11355794913474,-41.4266816201566,7.391376405453505,-79.38293655909625,-42.64582942828239,7.608897577589987,True,43.31930389528912,True
2003-10-13 14:51:17.000,69.0,in,7.0,372.0,13.399999618530272,3.101578362264606,3.7100000381469727,-21.28333333333333,4.5769820757649935,1.0400440604690162,-31.11858973412894,43.56615784993803,6.824344278870846,-34.495865967302514,40.94401016037209,6.824344278870846,-35.87722051002825,42.58357457907804,7.097618733835335,False,43.171020553408184,False
2004-02-20 18:55:11.000,69.0,out,5.099999904632568,375.0,2.799999952316284,0.6585862387843431,0.7900000214576721,-25.183333333333334,4.540519940536337,0.803322726805761,-119.43981404573417,-15.534357732898453,11.769630978407013,-117.83520036911136,-24.940950331224265,11.769630978407013,-94.65969447421776,-20.035632229206126,9.454812051071478,True,22.154458462013682,True
2004-04-16 04:52:00.000,70.0,in,10.199999809265137,433.0,7.699999809265137,2.414674520966672,2.890000104904175,-22.0,3.934377898270412,0.9975416669300198,-78.52649622087571,77.02256202489626,10.819132526915137,-83.62625010295781,71.45303326888053,10.819132526915137,-83.42066892681127,71.27737791424525,10.792535495635724,False,72.0898288578541,False
2004-04-16 05:17:31.000,70.0,in,8.0,436.0,6.400000095367432,2.0349092757625105,2.430000066757202,12.483333333333333,3.9073906376698027,0.9694947322804922,-78.5472272355954,76.8835789303291,10.81802500114134,-83.6037972300861,71.35234196749994,10.81802500114134,-81.05344101321488,69.17571967336748,10.488018252285194,False,69.96626843835955,False
2004-04-16 06:08:58.000,70.0,in,7.599999904632568,422.0,6.599999904632568,1.9658977410335423,2.3499999046325684,21.03333333333333,4.036598040831218,0.9639357757034189,-78.58182597211312,76.58328956251083,10.822137219121176,-83.77786523301488,70.86164625751825,10.822137219121176,-80.75648151016269,68.30607595286212,10.431845235082411,False,69.09807093607519,False
2004-04-16 06:44:24.000,70.0,in,7.599999904632568,422.0,6.599999904632568,1.9658977410335423,2.3499999046325684,-14.4,4.036598040831218,0.9639357757034189,-78.61743145748252,76.37760492799895,10.8148169169444,-83.79890349728937,70.65396546664198,10.8148169169444,-80.77676104575558,68.1058850086101,10.424788933925258,False,68.89911318096128,False
2004-04-16 06:50:59.000,70.0,in,7.599999904632568,422.0,6.599999904632568,1.9658977410335423,2.3499999046325684,-20.98333333333333,4.036598040831218,0.9639357757034189,-78.62344806251977,76.34063449700405,10.809948659002863,-83.80230269292825,70.61666321774018,10.809948659002863,-80.7800376520405,68.06992803637948,10.420096245930058,False,68.86286015445718,False
2004-04-27 04:48:23.000,70.0,out,6.099999904632568,451.0,3.700000047683716,1.2587715128424062,1.5299999713897705,-18.383333333333333,3.777815850332543,0.8949094540444698,-39.449627907758725,-43.6213197454922,1.0798352679454024,-36.48980365886062,-46.125772701786644,1.0798352679454024,-32.655070270540854,-41.27839006593519,0.9663547900949838,False,41.28970002332103,False
