pass_id,sc_direction,time,crossing_direction,x,y,z,rho,azimuth,status,sunward_of_nose,omni_epoch,offset_h,Pdyn,Bz,Ma,r0_mp,alpha,delta,r_bs0,rho_model,d_fixed_x,d_min_signed,d_min,distance
6,in,1996-01-12 15:05:51.000,in,3.3260553533217094,18.56889408706548,1.8137525114343696,18.65726469205467,5.578778615267958,ok,False,1996-01-12 15:30:00,0.4025,2.759999990463257,-1.7000000476837158,14.600000381469727,9.679820335230142,0.6063219612367928,2.465580177260666,12.145400512490808,19.805470448941,1.1482057568863304,-0.7720828917804368,0.7720828917804368,0.7720828917804368
6,in,1996-01-12 15:06:10.000,out,3.319759109449968,18.565920066912668,1.8174308138681543,18.654662760130186,5.590910604893415,ok,False,1996-01-12 15:30:00,0.3972222222222222,2.759999990463257,-1.7000000476837158,14.600000381469727,9.679820335230142,0.6063219612367928,2.465580177260666,12.145400512490808,19.812272428498346,1.1576096683681598,-0.7784936080496138,0.7784936080496138,0.7784936080496138
6,in,1996-01-12 15:06:25.000,in,3.314788390603857,18.56357215626571,1.820334736842195,18.65260919429338,5.6004908819540065,ok,False,1996-01-12 15:30:00,0.39305555555555555,2.759999990463257,-1.7000000476837158,14.600000381469727,9.679820335230142,0.6063219612367928,2.465580177260666,12.145400512490808,19.817640494770497,1.1650313004771178,-0.7835590961441125,0.7835590961441125,0.7835590961441125
6,out,1996-01-14 06:29:35.000,out,1.5389876859322138,-18.52961786712332,-7.236273743209879,19.89247083668302,-158.66812608257752,ok,False,1996-01-14 07:30:00,1.0069444444444444,2.7100000381469727,-3.200000047683716,8.199999809265137,9.586465401019549,0.6168134851290918,2.5413395666456067,12.127804967665156,21.602991491625687,1.7105206549426661,-1.211279209314627,1.211279209314627,1.211279209314627
6,out,1996-01-14 07:25:53.200,in,1.800594528707797,-19.44052496372959,-7.568807833293971,20.86194772505016,-158.72747181300653,ok,False,1996-01-14 07:30:00,0.06855555555555556,2.7100000381469727,-3.200000047683716,8.199999809265137,9.586465401019549,0.6168134851290918,2.5413395666456067,12.127804967665156,21.346488121152458,0.4845403961022967,-0.3436091391549614,0.3436091391549614,0.3436091391549614
6,out,1996-01-14 07:35:54.100,out,1.84712805301774,-19.602553284832755,-7.627957597882074,21.034396411587245,-158.7374549016228,ok,False,1996-01-14 07:30:00,-0.09836111111111112,2.7100000381469727,-3.200000047683716,8.199999809265137,9.586465401019549,0.6168134851290918,2.5413395666456067,12.127804967665156,21.300474852170836,0.2660784405835912,-0.1887558558763687,0.1887558558763687,0.1887558558763687
6,out,1996-01-14 07:42:02.600,in,1.8756645877293634,-19.701916633687,-7.664231001527798,21.14015032788396,-158.74349643243244,ok,False,1996-01-14 07:30:00,-0.20072222222222222,2.7100000381469727,-3.200000047683716,8.199999809265137,9.586465401019549,0.6168134851290918,2.5413395666456067,12.127804967665156,21.272198561969642,0.13204823408568345,-0.09395198439481453,0.09395198439481453,0.09395198439481453
6,out,1996-01-14 07:50:43.400,out,1.9159951909255986,-19.842346571497828,-7.715496099543249,21.28961243248685,-158.75193255299354,ok,False,1996-01-14 07:30:00,-0.3453888888888889,2.7100000381469727,-3.200000047683716,8.199999809265137,9.586465401019549,0.6168134851290918,2.5413395666456067,12.127804967665156,21.232159115239224,0.05745331724762792,0.04102964242191328,0.04102964242191328,0.04102964242191328
5,in,1995-12-20 21:22:00.000,in,5.134199735239766,23.782365231409415,6.252860571532135,24.590631576418946,14.73081701126802,ok,False,1995-12-20 21:30:00,0.13333333333333333,1.2000000476837158,5.900000095367432,4.199999809265137,11.182161446945958,0.5410571987867289,3.467545321088294,14.649706768034253,22.638775308863014,1.9518562675559323,1.3007012102881164,1.3007012102881164,1.3007012102881164
5,in,1995-12-20 21:30:08.200,out,5.006633393556228,23.696918962327864,6.292299394741885,24.518095357922952,14.870725135881589,ok,False,1995-12-20 21:30:00,-0.0022777777777777774,1.2000000476837158,5.900000095367432,4.199999809265137,11.182161446945958,0.5410571987867289,3.467545321088294,14.649706768034253,22.784891166717482,1.7332041912054699,1.1576351429706269,1.1576351429706269,1.1576351429706269
5,in,1995-12-20 21:43:30.100,in,4.796766152839396,23.558654953176266,6.342669138252189,24.397534199179912,15.068384624577085,ok,False,1995-12-20 21:30:00,-0.22502777777777777,1.2000000476837158,5.900000095367432,4.199999809265137,11.182161446945958,0.5410571987867289,3.467545321088294,14.649706768034253,23.022965528643372,1.37456867053654,0.9215348278681891,0.9215348278681891,0.9215348278681891
5,in,1995-12-20 21:45:25.400,out,4.7665627929934065,23.538962149039374,6.348673585129549,24.380081938837492,15.09404205853517,ok,False,1995-12-20 21:30:00,-0.25705555555555554,1.2000000476837158,5.900000095367432,4.199999809265137,11.182161446945958,0.5410571987867289,3.467545321088294,14.649706768034253,23.056996137145997,1.3230858016914944,0.8875285596431041,0.8875285596431041,0.8875285596431041
5,in,1995-12-20 21:49:58.400,in,4.695049200296485,23.492334781048292,6.362890532202568,24.338779126933307,15.154938760475604,ok,False,1995-12-20 21:30:00,-0.3328888888888889,1.2000000476837158,5.900000095367432,4.199999809265137,11.182161446945958,0.5410571987867289,3.467545321088294,14.649706768034253,23.1373422224814,1.2014369044519064,0.8069092568160129,0.8069092568160129,0.8069092568160129
5,in,1995-12-20 21:56:20.400,out,4.5948596822756675,23.427974489413373,6.377200750933507,24.280417584842127,15.227237503963215,ok,False,1995-12-20 21:30:00,-0.439,1.2000000476837158,5.900000095367432,4.199999809265137,11.182161446945958,0.5410571987867289,3.467545321088294,14.649706768034253,23.249368654868313,1.0310489299738137,0.6936860608966996,0.6936860608966996,0.6936860608966996
5,in,1995-12-20 21:58:18.400,in,4.563910928051066,23.408094710005823,6.3816139310696185,24.262396714212397,15.249623685964812,ok,False,1995-12-20 21:30:00,-0.4717777777777778,1.2000000476837158,5.900000095367432,4.199999809265137,11.182161446945958,0.5410571987867289,3.467545321088294,14.649706768034253,23.283848333738664,0.9785483804737325,0.658794626367113,0.658794626367113,0.658794626367113
5,out,1995-12-22 13:25:46.000,out,-1.6347957548615741,-21.719878417149555,1.7852781629838743,21.793125901875253,175.30110285003937,ok,False,1995-12-22 14:30:00,1.0705555555555555,2.890000104904175,-5.5,9.600000381469727,9.197179601947445,0.6342532920563563,2.4001854101731626,11.597365012120608,23.44939314066029,1.6562672387850377,-1.2629676856816618,1.2629676856816618,1.2629676856816618
5,out,1995-12-22 13:40:29.200,in,-1.4185902163184538,-21.926562694925043,1.6238571828896096,21.986611011361,175.7644696887979,ok,False,1995-12-22 14:30:00,0.8252222222222223,2.890000104904175,-5.5,9.600000381469727,9.197179601947445,0.6342532920563563,2.4001854101731626,11.597365012120608,23.268521893595338,1.2819108822343388,-0.9752192281719381,0.9752192281719381,0.9752192281719381
5,out,1995-12-22 13:58:00.100,out,-1.1612117731775213,-22.16854748544593,1.4114319839501666,22.21343372510852,176.35699680640852,ok,False,1995-12-22 14:30:00,0.5333055555555556,2.890000104904175,-5.5,9.600000381469727,9.197179601947445,0.6342532920563563,2.4001854101731626,11.597365012120608,23.050854000509887,0.8374202754013673,-0.6352940283015024,0.6352940283015024,0.6352940283015024
5,out,1995-12-22 14:05:53.400,in,-1.0452664930512379,-22.276038340917328,1.309116457137584,22.314472211198886,176.6367144985273,ok,False,1995-12-22 14:30:00,0.4018333333333333,2.890000104904175,-5.5,9.600000381469727,9.197179601947445,0.6342532920563563,2.4001854101731626,11.597365012120608,22.951944181259567,0.6374719700606803,-0.48299788576149794,0.48299788576149794,0.48299788576149794
5,out,1995-12-22 14:08:10.400,out,-1.011703913164775,-22.307064922661343,1.2791272916275376,22.343708557265387,176.71815062556735,ok,False,1995-12-22 14:30:00,0.36377777777777776,2.890000104904175,-5.5,9.600000381469727,9.197179601947445,0.6342532920563563,2.4001854101731626,11.597365012120608,22.92321239615621,0.5795038388908225,-0.4388747987288056,0.4388747987288056,0.4388747987288056
4,in,1995-11-28 08:24:52.000,in,-1.1647322190461151,25.669016710110203,-6.748454732177687,26.5412897225468,-14.729889337433459,no OMNI within window,False,,,,,,,,,,,,,,
4,in,1995-11-28 08:28:08.700,out,-1.204365873943666,25.61997803493629,-6.775592280254933,26.500791030813932,-14.813591408997757,no OMNI within window,False,,,,,,,,,,,,,,
4,in,1995-11-28 08:53:26.700,in,-1.5103197755184348,25.248498046353397,-6.940553053689372,26.185070752010358,-15.370377796044776,no OMNI within window,False,,,,,,,,,,,,,,
4,out,1995-11-29 22:43:18.000,out,2.053692651751012,-18.669790524684775,-2.5018329048266033,18.836672904716547,-172.36758580822743,ok,False,1995-11-29 22:30:00,-0.22166666666666668,2.799999952316284,-2.799999952316284,13.800000190734863,9.576144785206512,0.6144166346739025,2.4445859456634227,12.020730730869936,20.890360370600703,2.053687465884156,-1.427849851039932,1.427849851039932,1.427849851039932
3,in,1995-09-16 10:06:33.000,in,-2.39349905146849,18.652823637868522,-12.263760449406087,22.323253571687165,-33.32390945420631,ok,False,1995-09-16 10:30:00,0.3908333333333333,5.409999847412109,1.2000000476837158,24.899999618530273,8.849959299092157,0.5947600756212336,2.2267867821254153,11.076746081217573,23.076169898863064,0.7529163271758996,-0.585693797978151,0.585693797978151,0.585693797978151
3,in,1995-09-16 10:17:01.000,out,-2.5560272720118986,18.547577671481044,-12.1958521457549,22.198005474382978,-33.32668788566906,ok,False,1995-09-16 10:30:00,0.21638888888888888,5.409999847412109,1.2000000476837158,24.899999618530273,8.849959299092157,0.5947600756212336,2.2267867821254153,11.076746081217573,23.205898921085687,1.0078934467027096,-0.7854447104249022,0.7854447104249022,0.7854447104249022
3,in,1995-09-16 10:28:42.500,in,-2.737455417455441,18.43443504975066,-12.110886733639456,22.05678972739505,-33.303747900956665,ok,False,1995-09-16 10:30:00,0.021527777777777778,5.409999847412109,1.2000000476837158,24.899999618530273,8.849959299092157,0.5947600756212336,2.2267867821254153,11.076746081217573,23.34960851535762,1.2928187879625703,-1.0094358178751734,1.0094358178751734,1.0094358178751734
3,out,1995-09-18 04:20:26.000,out,-4.681237877701265,-24.04072787792918,10.538350555567265,26.249065303981133,156.32956288342342,ok,False,1995-09-18 04:30:00,0.15944444444444444,1.6699999570846558,0.10000000149011612,9.899999618530273,10.539752649666926,0.586429889075122,2.743584214063793,13.28333686373072,29.077038404279083,2.8279731002979496,-2.241665900888816,2.241665900888816,2.241665900888816
2,in,1995-08-19 18:28:55.000,in,6.644675871910638,15.973633908293776,-4.7475568270377915,16.66422143582309,-16.55258475043614,ok,False,1995-08-19 18:30:00,0.018055555555555554,4.510000228881836,3.4000000953674316,12.899999618530273,9.132338070597756,0.5763072594285795,2.33829483512706,11.470632905724816,14.350285581077252,2.3139358547458393,1.3605324262749823,1.3605324262749823,1.3605324262749823
2,in,1995-08-19 20:33:25.000,out,4.079104072337101,15.127383501081306,-3.1063760811998313,15.443034156105377,-11.6042529243244,ok,False,1995-08-19 20:30:00,-0.05694444444444444,2.369999885559082,-0.800000011920929,8.600000381469727,9.956982976900568,0.597727399992144,2.625717538104953,12.58270051500552,19.820546635226396,4.37751247912102,-2.7795494515492156,2.7795494515492156,2.7795494515492156
2,in,1995-08-19 20:39:25.000,in,3.953112128156994,15.072078052212563,-3.047383318095274,15.377063500531985,-11.43038658460514,ok,False,1995-08-19 20:30:00,-0.15694444444444444,2.369999885559082,-0.800000011920929,8.600000381469727,9.956982976900568,0.597727399992144,2.625717538104953,12.58270051500552,19.96166672705512,4.584603226523136,-2.9198622101489713,2.9198622101489713,2.9198622101489713
2,out,1995-08-20 23:27:14.500,out,4.80306271357869,-20.147702337369882,3.1350941355599447,20.390162449428455,171.15538913205395,ok,False,1995-08-20 23:30:00,0.04597222222222222,0.8799999952316284,2.799999952316284,5.300000190734863,11.688984002537863,0.5586806925464246,3.353733011714639,15.042717014252503,23.778158983487106,3.387996534058651,-2.1946737848638476,2.1946737848638476,2.1946737848638476
2,out,1995-08-20 23:33:22.500,in,4.902956844840449,-20.213889630813064,3.1645899942493045,20.4601066428891,171.1022704453446,ok,False,1995-08-20 23:30:00,-0.05625,0.8799999952316284,2.799999952316284,5.300000190734863,11.688984002537863,0.5586806925464246,3.353733011714639,15.042717014252503,23.66595577667507,3.205849133785968,-2.073010574690569,2.073010574690569,2.073010574690569
2,out,1995-08-20 23:46:15.500,out,5.112402711859306,-20.350061625223503,3.2352002888049083,20.605618871052567,170.9668592547683,ok,False,1995-08-20 23:30:00,-0.2709722222222222,0.8799999952316284,2.799999952316284,5.300000190734863,11.688984002537863,0.5586806925464246,3.353733011714639,15.042717014252503,23.428694651299363,2.8230757802467963,-1.8186451748412868,1.8186451748412868,1.8186451748412868
1,in,1995-08-01 21:16:41.000,in,6.141903449032896,20.461599177112316,-2.5766867560856523,20.623199449255942,-7.17735868280875,ok,False,1995-08-01 21:30:00,0.22194444444444444,1.3899999856948853,0.800000011920929,14.800000190734863,10.861646000183631,0.5789396495106292,2.765226422624063,13.626872422807693,19.415015354515194,1.2081840947407478,0.7605466629104517,0.7605466629104517,0.7605466629104517
1,in,1995-08-01 21:38:06.000,out,5.787729499873161,20.251279470423786,-2.423508579394898,20.395776867371552,-6.824239379021614,ok,False,1995-08-01 21:30:00,-0.135,1.3899999856948853,0.800000011920929,14.800000190734863,10.861646000183631,0.5789396495106292,2.765226422624063,13.626872422807693,19.855767203041154,0.5400096643303982,0.3427832826728403,0.3427832826728403,0.3427832826728403
1,in,1995-08-01 21:59:37.000,in,5.430212629715487,20.029740960470484,-2.3063058766997395,20.162082475291307,-6.568343075699203,ok,False,1995-08-01 21:30:00,-0.4936111111111111,1.3899999856948853,0.800000011920929,14.800000190734863,10.861646000183631,0.5789396495106292,2.765226422624063,13.626872422807693,20.289780375368096,0.1276979000767895,-0.08167806945812213,0.08167806945812213,0.08167806945812213
1,out,1995-08-03 00:52:17.000,out,3.999425231697943,-15.43961245240047,1.938732759588358,15.560858504382741,172.84290054340397,ok,False,1995-08-03 00:30:00,-0.3713888888888889,4.079999923706055,-1.7000000476837158,39.70000076293945,9.123205066084752,0.6118744514580557,2.2865934464697686,11.40979851255452,17.631213821838134,2.070355317455393,-1.327379326158681,1.327379326158681,1.327379326158681
7,in,1996-03-26 16:10:29.000,in,-5.8744636603934985,28.68181066532184,8.053750541248085,29.791091970957083,15.684553239982982,ok,False,1996-03-26 16:30:00,0.3252777777777778,2.450000047683716,0.699999988079071,11.100000381469727,9.964895658761282,0.5874681657040141,2.5727630274326234,12.537658686193906,28.5096379173386,1.2814540536184822,1.0470549474009543,1.0470549474009543,1.0470549474009543
7,in,1996-03-26 16:17:47.000,out,-5.945239519315222,28.548601597803064,8.195969481503083,29.701794035576597,16.018153113857572,ok,False,1996-03-26 16:30:00,0.2036111111111111,2.450000047683716,0.699999988079071,11.100000381469727,9.964895658761282,0.5874681657040141,2.5727630274326234,12.537658686193906,28.56002964159174,1.1417643939848574,0.9333747342884088,0.9333747342884088,0.9333747342884088
7,in,1996-03-26 16:30:22.600,in,-6.0672375858407745,28.316357058184625,8.44020030412584,29.54747126608922,16.59763557727471,ok,False,1996-03-26 16:30:00,-0.006277777777777778,2.450000047683716,0.699999988079071,11.100000381469727,9.964895658761282,0.5874681657040141,2.5727630274326234,12.537658686193906,28.646605001769128,0.9008662643200935,0.7370359525015843,0.7370359525015843,0.7370359525015843
7,in,1996-03-26 16:41:56.500,out,-6.179130252056061,28.099832440160224,8.662148780780505,29.404649371578266,17.132613347357374,ok,False,1996-03-26 16:30:00,-0.19902777777777778,2.450000047683716,0.699999988079071,11.100000381469727,9.964895658761282,0.5874681657040141,2.5727630274326234,12.537658686193906,28.72569316143929,0.6789562101389777,0.5557838910083868,0.5557838910083868,0.5557838910083868
7,in,1996-03-26 16:50:36.200,in,-6.26285654552735,27.936129137374927,8.826737082679438,29.297416246263708,17.5345227332596,ok,False,1996-03-26 16:30:00,-0.3433888888888889,2.450000047683716,0.699999988079071,11.100000381469727,9.964895658761282,0.5874681657040141,2.5727630274326234,12.537658686193906,28.784676529601757,0.512739716661951,0.4199596290189793,0.4199596290189793,0.4199596290189793
7,in,1996-03-26 17:24:48.500,out,-6.592703672289813,27.27716907142699,9.453743592259784,28.868966390562132,19.11533519734549,ok,False,1996-03-26 17:30:00,0.08652777777777777,2.369999885559082,-1.5,11.600000381469727,9.918483718787666,0.602728875760016,2.553883306617839,12.472367025405505,28.888203642177274,0.01923725161514156,-0.01746391859340799,0.01746391859340799,0.01746391859340799
7,in,1996-03-26 17:34:11.000,in,-6.682889134275483,27.093976342969494,9.617828790729083,28.750411905243514,19.54386168688663,ok,False,1996-03-26 17:30:00,-0.06972222222222223,2.369999885559082,-1.5,11.600000381469727,9.918483718787666,0.602728875760016,2.553883306617839,12.472367025405505,28.950781246380792,0.20036934113727867,-0.16519771429678817,0.16519771429678817,0.16519771429678817
7,out,1996-03-28 14:44:53.500,out,1.9900739877520826,-19.790733609899064,-4.211451500749212,20.233869144608782,-167.98670161355508,ok,False,1996-03-28 14:30:00,-0.24819444444444444,2.490000009536743,1.399999976158142,10.5,9.958913117704487,0.5826844066592906,2.580885378901678,12.539798496606165,21.94449871073356,1.7106295661247763,-1.1985014331152868,1.1985014331152868,1.1985014331152868
8,in,1996-04-17 13:58:43.500,in,-1.4802968288769538,26.01770750171644,3.72816103488322,26.283460357169364,8.15458642210387,ok,False,1996-04-17 13:30:00,-0.47875,1.8899999856948853,0.6000000238418579,10.5,10.36137705835613,0.5845969822422674,2.685185244528219,13.046562302884348,26.07875659384428,0.20470376332508522,0.1567441239709296,0.1567441239709296,0.1567441239709296
8,in,1996-04-17 14:13:08.500,out,-1.6702811406828608,25.81914605081296,3.9408297782957837,26.118163069686073,8.678196533768313,ok,False,1996-04-17 13:30:00,-0.7190277777777778,1.8899999856948853,0.6000000238418579,10.5,10.36137705835613,0.5845969822422674,2.685185244528219,13.046562302884348,26.238612295555015,0.12044922586894202,-0.09229452908489262,0.09229452908489262,0.09229452908489262
8,in,1996-04-17 14:15:15.500,in,-1.6981707293383335,25.789509351566593,3.972980714550175,26.09374193849415,8.75780316194962,ok,False,1996-04-17 13:30:00,-0.7543055555555556,1.8899999856948853,0.6000000238418579,10.5,10.36137705835613,0.5845969822422674,2.685185244528219,13.046562302884348,26.261975135772133,0.16823319727798136,-0.129148594584233,0.129148594584233,0.129148594584233
8,in,1996-04-17 14:33:40.500,out,-1.940783491283293,25.52696668271186,4.2604406572587346,25.880057623859816,9.475307389953965,ok,False,1996-04-17 15:30:00,0.93875,2.4800000190734863,-5.699999809265137,8.100000381469727,9.379373789856926,0.6334127063050623,2.4900125063210607,11.869386296177986,24.220907540222008,1.6591500836378081,1.290089530338959,1.290089530338959,1.290089530338959
8,in,1996-04-17 14:43:15.500,in,-2.0669870941408646,25.386686051750715,4.415464082486473,25.76781231990567,9.866657460525763,ok,False,1996-04-17 15:30:00,0.7790277777777778,2.4800000190734863,-5.699999809265137,8.100000381469727,9.379373789856926,0.6334127063050623,2.4900125063210607,11.869386296177986,24.32445851114168,1.443353808763991,1.1236952312526436,1.1236952312526436,1.1236952312526436
8,out,1996-04-19 07:38:55.000,out,-2.4267714184888907,-21.274463068683097,-2.9453582558710867,21.477381453896772,-172.11775023495764,ok,False,1996-04-19 07:30:00,-0.1486111111111111,2.880000114440918,-1.0,15.0,9.65740004122075,0.6019021502237618,2.457463403346352,12.114863444567103,25.085223956110053,3.6078425022132805,-2.76321581673553,2.76321581673553,2.76321581673553
8,out,1996-04-19 07:43:31.000,in,-2.3547358478484925,-21.33781652023852,-2.8970981348965394,21.533592163282577,-172.26806302583262,ok,False,1996-04-19 07:30:00,-0.22527777777777777,2.880000114440918,-1.0,15.0,9.65740004122075,0.6019021502237618,2.457463403346352,12.114863444567103,25.026970781459962,3.4933786181773847,-2.673460286842288,2.673460286842288,2.673460286842288
8,out,1996-04-19 08:23:45.000,out,-1.7239559653214687,-21.87299444995498,-2.506353052327807,22.01612345147697,-173.46317905998802,ok,False,1996-04-19 08:30:00,0.10416666666666667,2.180000066757202,-1.2999999523162842,12.899999618530273,10.056893247176012,0.6001184069310883,2.575023105310493,12.631916352486504,25.49397917517022,3.4778557236932492,-2.62834860081475,2.62834860081475,2.62834860081475
8,out,1996-04-19 08:35:05.000,in,-1.5460684693500952,-22.01742210322902,-2.4088506961370144,22.14880217411401,-173.75629805043323,ok,False,1996-04-19 08:30:00,-0.08472222222222223,2.180000066757202,-1.2999999523162842,12.899999618530273,10.056893247176012,0.6001184069310883,2.575023105310493,12.631916352486504,25.344990657252893,3.196188483138883,-2.410661010318422,2.410661010318422,2.410661010318422
8,out,1996-04-19 08:39:09.000,out,-1.4822259886139901,-22.068779065002975,-2.3749387324551705,22.196201102955193,-173.8577348452968,ok,False,1996-04-19 08:30:00,-0.1525,2.180000066757202,-1.2999999523162842,12.899999618530273,10.056893247176012,0.6001184069310883,2.575023105310493,12.631916352486504,25.291247814348413,3.09504671139322,-2.3326895252544584,2.3326895252544584,2.3326895252544584
8,out,1996-04-19 08:44:40.000,in,-1.3955985984844737,-22.137499767250507,-2.3313111807241316,22.259917065577437,-173.98831124956425,ok,False,1996-04-19 08:30:00,-0.24444444444444444,2.180000066757202,-1.2999999523162842,12.899999618530273,10.056893247176012,0.6001184069310883,2.575023105310493,12.631916352486504,25.21809230481059,2.958175239233153,-2.2273395282031014,2.2273395282031014,2.2273395282031014
8,out,1996-04-19 08:47:57.000,out,-1.3440385869975011,-22.17829723974306,-2.3056031061120694,22.29781769898813,-174.0649858441493,ok,False,1996-04-19 08:30:00,-0.2991666666666667,2.180000066757202,-1.2999999523162842,12.899999618530273,10.056893247176012,0.6001184069310883,2.575023105310493,12.631916352486504,25.174422855132168,2.876605156144038,-2.1646507915880138,2.1646507915880138,2.1646507915880138
9,in,1996-05-09 13:54:08.700,in,1.1822820126469824,21.3364609253148,1.257066569595072,21.3734597381397,3.3717609786347915,ok,False,1996-05-09 16:30:00,2.597583333333333,3.549999952316284,-1.2999999523162842,10.899999618530273,9.340652120511432,0.6070126114633023,2.414448768009658,11.75510088852109,21.237755176309513,0.1357045618301882,0.0985042494529346,0.0985042494529346,0.0985042494529346
9,in,1996-05-09 13:57:01.800,out,1.1328472248997077,21.304839892687934,1.2959114385747257,21.344216764962262,3.4808468626560316,ok,False,1996-05-09 16:30:00,2.5495,3.549999952316284,-1.2999999523162842,10.899999618530273,9.340652120511432,0.6070126114633023,2.414448768009658,11.75510088852109,21.285003861205702,0.059212903756559854,0.043411617084813704,0.043411617084813704,0.043411617084813704
9,in,1996-05-09 14:05:44.000,in,0.9836658142204813,21.208042116200364,1.415870206657577,21.2552520296662,3.819456074578694,ok,False,1996-05-09 16:30:00,2.4044444444444446,3.549999952316284,-1.2999999523162842,10.899999618530273,9.340652120511432,0.6070126114633023,2.414448768009658,11.75510088852109,21.426825202800007,0.17157317313380815,-0.12482584751905418,0.12482584751905418,0.12482584751905418
9,out,1996-05-11 02:43:02.200,out,-5.21711230145637,-21.52931090346645,-5.999926648859986,22.34972813637382,-164.4275681287198,ok,False,1996-05-11 02:30:00,-0.2172777777777778,2.7699999809265137,-2.9000000953674316,15.5,9.582893279752012,0.6149787376962661,2.4357772103444897,12.018670490096502,27.032033176158734,4.682305039784914,-3.7354717916841724,3.7354717916841724,3.7354717916841724
10,in,1996-08-19 11:40:55.200,in,6.992027381526833,15.43708789699206,-8.727912706210658,17.733587988523137,-29.483208132712083,ok,False,1996-08-19 11:30:00,-0.18200000000000002,1.3700000047683716,-2.0,10.300000190734863,10.74134599156638,0.5984879419567785,2.78754741795978,13.52889340952616,18.10911717441435,0.37552918589121376,-0.2223612437196345,0.2223612437196345,0.2223612437196345
10,out,1996-08-20 09:31:14.200,out,6.445484088418429,-11.952919403947917,5.7510018233843,13.26447527231455,154.30603214406122,ok,False,1996-08-20 09:30:00,-0.02061111111111111,2.190000057220459,-0.800000011920929,10.899999618530273,10.076863379767179,0.5966172663098127,2.6047507239085945,12.681614103675773,17.1210679633847,3.8565926910701496,-2.177129694405497,2.177129694405497,2.177129694405497
10,out,1996-08-20 09:31:42.200,in,6.456214452635049,-11.956677106693832,5.754176191769079,13.269237773122406,154.30071550759868,ok,False,1996-08-20 09:30:00,-0.02838888888888889,2.190000057220459,-0.800000011920929,10.899999618530273,10.076863379767179,0.5966172663098127,2.6047507239085945,12.681614103675773,17.106702683586047,3.837464910463641,-2.1654981096076598,2.1654981096076598,2.1654981096076598
10,out,1996-08-20 09:32:33.200,out,6.475759044601033,-11.963521493838176,5.7599580770413565,13.277912621447769,154.29104143416396,ok,False,1996-08-20 09:30:00,-0.042555555555555555,2.190000057220459,-0.800000011920929,10.899999618530273,10.076863379767179,0.5966172663098127,2.6047507239085945,12.681614103675773,17.080503017443814,3.802590395996045,-2.144314883830295,2.144314883830295,2.144314883830295
11,in,1996-09-11 08:14:55.000,in,10.712577626389256,12.838500360887924,-6.915562387033651,14.58259560728041,-28.309486404359138,ok,False,1996-09-11 08:30:00,0.2513888888888889,3.809999942779541,-3.0999999046325684,14.100000381469727,9.11337665362158,0.6210164346886305,2.3244155256116095,11.43779217923319,5.605400505488084,8.977195101792326,3.582322287971549,3.582322287971549,3.582322287971549
11,out,1996-09-12 07:17:52.000,out,2.3303855547128944,-15.105104678528384,6.897378094041396,16.60536093921063,155.45734534070647,ok,False,1996-09-12 07:30:00,0.20222222222222222,2.4600000381469727,-4.099999904632568,8.399999618530273,9.627392344586486,0.6218502766736088,2.5452522441623775,12.172644588748863,20.9011652427051,4.295804303494471,-2.906065336029103,2.906065336029103,2.906065336029103
11,out,1996-09-12 07:30:14.200,in,2.54328253403869,-15.231992648778535,7.08820818507056,16.80048497298053,155.04508496285646,ok,False,1996-09-12 07:30:00,-0.003944444444444444,2.4600000381469727,-4.099999904632568,8.399999618530273,9.627392344586486,0.6218502766736088,2.5452522441623775,12.172644588748863,20.683292065613728,3.882807092633197,-2.6174516532075893,2.6174516532075893,2.6174516532075893
11,out,1996-09-12 08:18:18.000,out,3.365522290521115,-15.709574227550727,7.7822544382697725,17.53152037197275,153.6469717051171,ok,False,1996-09-12 08:30:00,0.195,2.9200000762939453,2.299999952316284,9.600000381469727,9.738979389897978,0.5784023847252666,2.541578750583567,12.280558140481546,20.023220193178897,2.491699821206147,-1.6544362867606266,1.6544362867606266,1.6544362867606266
11,out,1996-09-12 08:19:29.000,in,3.3856808454817195,-15.72117770046081,7.798454874000631,17.549111849643285,153.61639271649875,ok,False,1996-09-12 08:30:00,0.17527777777777778,2.9200000762939453,2.299999952316284,9.600000381469727,9.738979389897978,0.5784023847252666,2.541578750583567,12.280558140481546,20.00142093808212,2.4523090884388346,-1.6276825041405536,1.6276825041405536,1.6276825041405536
11,out,1996-09-12 08:20:52.000,out,3.409214963906157,-15.734724856707222,7.817038152089709,17.569509150443167,153.58173528745084,ok,False,1996-09-12 08:30:00,0.15222222222222223,2.9200000762939453,2.299999952316284,9.600000381469727,9.738979389897978,0.5784023847252666,2.541578750583567,12.280558140481546,19.97593639531887,2.4064272448757045,-1.5965397916401778,1.5965397916401778,1.5965397916401778
12,in,1996-10-04 00:54:55.000,in,11.155171750845321,11.396753990598025,-1.7207454114048526,11.525925832360837,-8.585984085231063,ok,False,1996-10-04 00:30:00,-0.4152777777777778,1.8600000143051147,2.299999952316284,9.600000381469727,10.427752305326484,0.5722986343971198,2.721327627313547,13.149079932640031,9.94350257011031,1.5824232622505274,0.6276414241272565,0.6276414241272565,0.6276414241272565
12,out,1996-10-05 06:24:35.000,out,-1.0076263635687883,-22.38071437701185,9.19930003457233,24.19759279662891,157.65552772706363,ok,False,1996-10-05 06:30:00,0.09027777777777778,1.9700000286102295,3.4000000953674316,10.800000190734863,10.353413171628636,0.5652509336708885,2.677884707666503,13.031297879295138,25.646543027693653,1.4489502310647424,-1.090533713899994,1.090533713899994,1.090533713899994
13,in,1996-11-15 07:22:15.000,in,5.683066160050096,19.33868383146344,-7.639630751235558,20.792995223116115,-21.5561999714464,ok,False,1996-11-15 07:30:00,0.12916666666666668,1.9900000095367432,0.10000000149011612,6.599999904632568,10.263478279146089,0.5888672735653057,2.807022731974534,13.070501011120623,18.88251326028781,1.9104819628283067,1.2227512080129073,1.2227512080129073,1.2227512080129073
13,out,1996-11-16 18:50:55.000,out,-0.3836066827501809,-21.011739672859473,3.1733446291531737,21.25001929917693,171.41168281999262,ok,False,1996-11-16 19:30:00,0.6513888888888889,2.3499999046325684,3.0,15.0,10.0753987279777,0.5704628354980952,2.5638291406014684,12.639227868579168,24.356758346004753,3.1067390468278226,-2.289225176218289,2.289225176218289,2.289225176218289
13,out,1996-11-16 19:04:00.000,in,-0.19018064546514615,-21.200337093777385,3.032749895339113,21.416158965077578,171.85895866671035,ok,False,1996-11-16 19:30:00,0.43333333333333335,2.3499999046325684,3.0,15.0,10.0753987279777,0.5704628354980952,2.5638291406014684,12.639227868579168,24.184947790948808,2.76878882587123,-2.035510166089417,2.035510166089417,2.035510166089417
13,out,1996-11-16 19:05:10.000,out,-0.172933848223002,-21.21697284448017,3.020384715236305,21.43088100175637,171.89798226698764,ok,False,1996-11-16 19:30:00,0.41388888888888886,2.3499999046325684,3.0,15.0,10.0753987279777,0.5704628354980952,2.5638291406014684,12.639227868579168,24.16955474833004,2.738673746573671,-2.012964256416289,2.012964256416289,2.012964256416289
14,in,1996-12-02 16:56:18.000,in,1.9468453747601415,16.580788219572103,-2.8082729471760772,16.816924062626377,-9.612908306518284,ok,False,1996-12-02 16:30:00,-0.43833333333333335,9.229999542236328,-6.699999809265137,15.699999809265137,7.536594784456274,0.6603382277077847,1.9148489078062845,9.451443692262558,16.08821577475774,0.7287082878686384,0.5117595041745379,0.5117595041745379,0.5117595041745379
14,out,1996-12-04 01:14:43.000,out,-5.322193661956789,-22.8875377412457,0.08762486955673177,22.887705476406133,179.78064435180198,ok,False,1996-12-04 01:30:00,0.25472222222222224,4.239999771118164,-0.6000000238418579,11.800000190734863,9.125718348969746,0.6044539321012288,2.347443172686736,11.473161521656483,26.050876668212094,3.1631711918059615,-2.5479370181957375,2.5479370181957375,2.5479370181957375
14,out,1996-12-04 02:23:33.000,in,-4.56785319831048,-23.842420062626083,1.245517976428578,23.8749305647644,177.0096108779536,ok,False,1996-12-04 02:30:00,0.1075,2.140000104904175,-0.4000000059604645,7.599999904632568,10.130900107556656,0.5934415440200075,2.7112116436313802,12.842111751188035,28.142786138842677,4.2678555740782755,-3.3666342836677816,3.3666342836677816,3.3666342836677816
14,out,1996-12-04 02:36:06.700,out,-4.4293918948539455,-24.0034422742585,1.5033690126412718,24.05047524274375,176.41616674767658,ok,False,1996-12-04 02:30:00,-0.10186111111111111,2.140000104904175,-0.4000000059604645,7.599999904632568,10.130900107556656,0.5934415440200075,2.7112116436313802,12.842111751188035,28.038756828545203,3.9882815858014524,-3.143088221022388,3.143088221022388,3.143088221022388
15,in,1996-12-30 00:35:54.000,in,-6.050458902755007,28.463350147490463,4.700437569526283,28.848854656011206,9.377193590333892,ok,False,1996-12-30 00:30:00,-0.09833333333333333,4.659999847412109,-4.5,12.600000381469727,8.691825529699974,0.6340865902363131,2.228051622029883,10.919877151729857,25.484791634699878,3.3640630213113276,2.796891142263838,2.796891142263838,2.796891142263838
15,in,1996-12-30 00:46:43.000,out,-6.195226371364117,28.378813037792582,4.589357863985336,28.74750832746571,9.186214431374545,ok,False,1996-12-30 00:30:00,-0.2786111111111111,4.659999847412109,-4.5,12.600000381469727,8.691825529699974,0.6340865902363131,2.228051622029883,10.919877151729857,25.584062617728495,3.163445709737214,2.6330507745664558,2.6330507745664558,2.6330507745664558
15,in,1996-12-30 02:39:37.000,in,-7.697488006500501,27.50917157428811,2.7706701865149914,27.648347762317805,5.751324271539218,ok,False,1996-12-30 02:30:00,-0.16027777777777777,5.03000020980835,-3.700000047683716,9.5,8.681254786669776,0.6293907921942353,2.2675826578626235,10.9488374445324,26.640776863816782,1.0075708985010223,0.8477464183061815,0.8477464183061815,0.8477464183061815
15,out,1997-01-01 15:24:00.000,out,-15.883262317635825,-29.57774123063097,4.161446977748345,29.86905450888558,171.99132557142624,ok,False,1997-01-01 17:30:00,2.1,1.0700000524520874,1.0,6.900000095367432,11.30717592683457,0.5739304424079438,3.069385176893527,14.376561103728097,38.459687309915665,8.590632801030086,-7.40758038974654,7.40758038974654,7.40758038974654
15,out,1997-01-01 16:43:11.000,in,-15.232641178301083,-30.755461608802637,2.2103899903871898,30.83478948655458,175.88922973521738,ok,False,1997-01-01 17:30:00,0.7802777777777777,1.0700000524520874,1.0,6.900000095367432,11.30717592683457,0.5739304424079438,3.069385176893527,14.376561103728097,38.09205164906533,7.257262162510752,-6.244060678885739,6.244060678885739,6.244060678885739
15,out,1997-01-01 17:56:55.000,out,-14.616670279553356,-31.711069129688475,0.25270806039076055,31.712076039131652,179.54341498997508,ok,False,1997-01-01 17:30:00,-0.4486111111111111,1.0700000524520874,1.0,6.900000095367432,11.30717592683457,0.5739304424079438,3.069385176893527,14.376561103728097,37.738731288179025,6.026655249047373,-5.174006756484426,5.174006756484426,5.174006756484426
16,in,1997-06-11 04:12:59.000,in,2.699400726892431,23.67535584032587,0.0637550401323268,23.675441682705618,0.15429064370237067,ok,False,1997-06-11 04:30:00,0.2836111111111111,1.590000033378601,0.30000001192092896,12.0,10.62594877541073,0.5843318055183202,2.730794527946464,13.356743303357195,22.7890341587935,0.8864075239121192,0.6228495418394874,0.6228495418394874,0.6228495418394874
16,in,1997-06-11 04:23:16.000,out,2.5512916738607063,23.552037594770006,-0.12716909558748762,23.552380916678725,-0.30936523536300886,ok,False,1997-06-11 04:30:00,0.11222222222222222,1.590000033378601,0.30000001192092896,12.0,10.62594877541073,0.5843318055183202,2.730794527946464,13.356743303357195,22.940215057740847,0.6121658589378782,0.4310212932635436,0.4310212932635436,0.4310212932635436
16,in,1997-06-11 05:47:44.000,in,1.3298696878858065,22.44508989111004,-1.6096458653637495,22.502733612427907,-4.10193475076912,ok,False,1997-06-11 05:30:00,-0.29555555555555557,2.619999885559082,0.4000000059604645,21.200000762939453,9.854835024043886,0.5905426605414715,2.48568457064204,12.340519594685926,22.210326367593822,0.2924072448340844,0.21123375460891325,0.21123375460891325,0.21123375460891325
16,in,1997-06-11 06:41:21.000,out,0.5509507013487316,21.66408336630659,-2.4130162835077877,21.79805394265175,-6.355594249000899,ok,False,1997-06-11 06:30:00,-0.18916666666666668,3.069999933242798,0.699999988079071,21.399999618530273,9.630048442745856,0.5905818421617748,2.428586272072191,12.058634714818048,22.40877840901379,0.6107244663620399,-0.4467558326678996,0.4467558326678996,0.4467558326678996
16,in,1997-06-11 06:48:02.000,in,0.4537168162857691,21.563170931027976,-2.50280642680243,21.707933586842703,-6.620614507357621,ok,False,1997-06-11 06:30:00,-0.3005555555555556,3.069999933242798,0.699999988079071,21.399999618530273,9.630048442745856,0.5905818421617748,2.428586272072191,12.058634714818048,22.49848633745456,0.7905527506118553,-0.5790714394103313,0.5790714394103313,0.5790714394103313
16,in,1997-06-11 06:53:06.000,out,0.379986941160433,21.48620152234269,-2.569126158377762,21.63925287703765,-6.818540053873234,ok,False,1997-06-11 06:30:00,-0.385,3.069999933242798,0.699999988079071,21.399999618530273,9.630048442745856,0.5905818421617748,2.428586272072191,12.058634714818048,22.56621868508565,0.9269658080480028,-0.6795929945682101,0.6795929945682101,0.6795929945682101
16,in,1997-06-11 06:55:21.000,in,0.34724043376149655,21.451889401499777,-2.5980841623751196,21.60864642241533,-6.905581312276701,ok,False,1997-06-11 06:30:00,-0.4225,3.069999933242798,0.699999988079071,21.399999618530273,9.630048442745856,0.5905818421617748,2.428586272072191,12.058634714818048,22.596221670389433,0.9875752479741031,-0.7242920988311004,0.7242920988311004,0.7242920988311004
16,out,1997-06-12 13:33:15.500,out,3.787687382455098,-17.787267948072707,3.063214920251095,18.049104872657356,170.22871531403732,ok,False,1997-06-12 15:30:00,1.9456944444444444,3.490000009536743,-0.8999999761581421,18.600000381469727,9.385205826176772,0.6038876171771707,2.373508104967477,11.75871393114425,18.549884077914513,0.5007792052571567,-0.33146319397376295,0.33146319397376295,0.33146319397376295
16,out,1997-06-12 13:42:25.000,in,3.9650485404850997,-17.89766846375256,2.9739379483676913,18.143065985636063,170.5657342384838,ok,False,1997-06-12 15:30:00,1.7930555555555556,3.490000009536743,-0.8999999761581421,18.600000381469727,9.385205826176772,0.6038876171771707,2.373508104967477,11.75871393114425,18.349506778451072,0.20644079281500893,-0.1361987353748705,0.1361987353748705,0.1361987353748705
16,out,1997-06-12 13:56:55.400,out,4.245337555503203,-18.070675295695665,2.8187970207516435,18.289202341454477,171.13403069774446,ok,False,1997-06-12 15:30:00,1.551277777777778,3.490000009536743,-0.8999999761581421,18.600000381469727,9.385205826176772,0.6038876171771707,2.373508104967477,11.75871393114425,18.027628476155645,0.261573865298832,0.17141570547088988,0.17141570547088988,0.17141570547088988
16,out,1997-06-12 14:04:41.000,in,4.394941390972769,-18.162165410008786,2.7290884619782925,18.36606044348713,171.45453785827286,ok,False,1997-06-12 15:30:00,1.4219444444444445,3.490000009536743,-0.8999999761581421,18.600000381469727,9.385205826176772,0.6038876171771707,2.373508104967477,11.75871393114425,17.853109037933596,0.5129514055535331,0.3346402291132997,0.3346402291132997,0.3346402291132997
16,out,1997-06-12 14:23:02.000,out,4.747803749292603,-18.37527426166076,2.499410188986094,18.544480458725715,172.2541478683602,ok,False,1997-06-12 15:30:00,1.116111111111111,3.490000009536743,-0.8999999761581421,18.600000381469727,9.385205826176772,0.6038876171771707,2.373508104967477,11.75871393114425,17.43359537664201,1.1108850820837048,0.7180913471921809,0.7180913471921809,0.7180913471921809
17,in,1997-07-03 11:29:05.500,in,4.794440078061216,18.759585055962525,-6.904172365118322,19.98973805529117,-20.20535032882461,ok,False,1997-07-03 11:30:00,0.01513888888888889,2.430000066757202,-1.2999999523162842,6.699999809265137,9.89281606279722,0.6016533618004647,2.698604258098161,12.59142032089538,19.013536220765495,0.9762018345256749,0.6371316329075235,0.6371316329075235,0.6371316329075235
17,in,1997-07-03 11:32:34.500,out,4.731057175058473,18.731996319893724,-6.8821796919369085,19.956254243735742,-20.173451309860276,ok,False,1997-07-03 11:30:00,-0.042916666666666665,2.430000066757202,-1.2999999523162842,6.699999809265137,9.89281606279722,0.6016533618004647,2.698604258098161,12.59142032089538,19.08818244512998,0.8680717986057616,0.5674175739010328,0.5674175739010328,0.5674175739010328
17,in,1997-07-03 12:09:42.000,in,4.053329191991848,18.446727338235476,-6.596827031571248,19.590811018834142,-19.677813852084146,ok,False,1997-07-03 12:30:00,0.3383333333333333,2.7699999809265137,-5.0,8.100000381469727,9.334061446823124,0.6300381863445075,2.4779830997345687,11.812044546557694,18.35261156182492,1.2381994570092232,0.8253274702664655,0.8253274702664655,0.8253274702664655
17,out,1997-07-04 21:41:45.000,out,0.7729125500028327,-22.305860112152548,-1.3819668598848196,22.3486292139974,-176.45475270369175,ok,False,1997-07-04 21:30:00,-0.19583333333333333,1.9900000095367432,-0.6000000238418579,7.900000095367432,10.233912999278498,0.593848198379637,2.7251272116852965,12.959040210963796,23.914067939652252,1.5654387256548539,-1.1345337470485952,1.1345337470485952,1.1345337470485952
18,in,1997-07-25 15:24:41.000,in,6.743693363323251,15.984974144795366,-5.6623142619911615,16.958219281850464,-19.505535383053655,ok,False,1997-07-25 15:30:00,0.08861111111111111,2.2300000190734863,-0.20000000298023224,19.600000381469727,10.076287791611326,0.5925908094636526,2.545369806234503,12.621657597845829,16.593856974825474,0.3643623070249902,0.21517561293746404,0.21517561293746404,0.21517561293746404
18,in,1997-07-25 15:25:06.000,out,6.7348137317261525,15.98499018805507,-5.655208766286105,16.95586321903123,-19.4828849754922,ok,False,1997-07-25 15:30:00,0.08166666666666667,2.2300000190734863,-0.20000000298023224,19.600000381469727,10.076287791611326,0.5925908094636526,2.545369806234503,12.621657597845829,16.606087079284038,0.3497761397471919,0.20672982351646702,0.20672982351646702,0.20672982351646702
18,in,1997-07-25 15:33:57.500,in,6.54578541082327,15.984463717049463,-5.502970221582143,16.905199247015414,-18.997045304958743,ok,False,1997-07-25 15:30:00,-0.06597222222222222,2.2300000190734863,-0.20000000298023224,19.600000381469727,10.076287791611326,0.5925908094636526,2.545369806234503,12.621657597845829,16.864125100420786,0.04107414659462805,0.024708486884325535,0.024708486884325535,0.024708486884325535
18,in,1997-07-25 15:55:35.000,out,6.082275876173739,15.9753048227151,-5.122473915925532,16.77647469517961,-17.778423500503983,ok,False,1997-07-25 15:30:00,-0.4263888888888889,2.2300000190734863,-0.20000000298023224,19.600000381469727,10.076287791611326,0.5925908094636526,2.545369806234503,12.621657597845829,17.47909359905098,0.7026189038713717,-0.42436017435895035,0.42436017435895035,0.42436017435895035
18,in,1997-07-25 16:42:17.000,in,5.071758677126944,15.909031689460186,-4.274388140925158,16.473241431956552,-15.038890535581197,ok,False,1997-07-25 16:30:00,-0.20472222222222222,3.4600000381469727,-0.30000001192092896,34.79999923706055,9.423607895500114,0.5994410189366963,2.3636898224660166,11.78729771796613,17.094791960303837,0.6215505283472851,-0.3881142390653359,0.3881142390653359,0.3881142390653359
18,in,1997-07-25 16:48:59.500,out,4.92558528356007,15.893596810541702,-4.151415717779103,16.426827814215525,-14.638626533073701,ok,False,1997-07-25 16:30:00,-0.3165277777777778,3.4600000381469727,-0.30000001192092896,34.79999923706055,9.423607895500114,0.5994410189366963,2.3636898224660166,11.78729771796613,17.274321731477702,0.8474939172621774,-0.5315732634889085,0.5315732634889085,0.5315732634889085
18,in,1997-07-25 16:54:12.500,in,4.8116808851108965,15.880033767814899,-4.055903914977268,16.389808694260875,-14.327554160303295,ok,False,1997-07-25 16:30:00,-0.40347222222222223,3.4600000381469727,-0.30000001192092896,34.79999923706055,9.423607895500114,0.5994410189366963,2.3636898224660166,11.78729771796613,17.412774083656046,1.0229653893951713,-0.6438126013336071,0.6438126013336071,0.6438126013336071
18,out,1997-07-27 02:09:58.000,out,-5.250531816258925,-24.026009204498546,3.0701218692227705,24.22137003942033,172.71802192344157,ok,False,1997-07-27 02:30:00,0.3338888888888889,2.5899999141693115,1.600000023841858,13.899999618530273,9.904149169091557,0.5817912713698165,2.527565046893024,12.43171421598458,27.85520857762311,3.633838538202781,-2.9053485744663545,2.9053485744663545,2.9053485744663545
19,in,1997-09-07 22:17:11.000,in,0.31349738790637893,25.407011748896604,-1.7718452347993079,25.468719668343187,-3.989259169043293,ok,False,1997-09-07 22:30:00,0.2136111111111111,1.3600000143051147,0.5,15.899999618530273,10.887700981613824,0.5807543584512462,2.765163010012168,13.652863991625992,25.656378681358778,0.1876590130155904,-0.13854383636152118,0.13854383636152118,0.13854383636152118
19,out,1997-09-09 19:21:28.000,out,1.36092666233997,-24.052710255757653,3.277347912553838,24.274964057385343,172.2408375549364,ok,False,1997-09-09 20:30:00,1.1422222222222222,0.8899999856948853,-2.4000000953674316,5.099999904632568,11.431678270049792,0.5951308632784885,3.315003882373605,14.746682152423396,26.759277353941133,2.48431329655579,-1.7753737805945393,1.7753737805945393,1.7753737805945393
20,in,1997-09-29 09:43:18.000,in,1.1657426589072062,20.943399504374508,-10.079456690641262,23.242664003473166,-25.70017589595093,ok,False,1997-09-29 09:30:00,-0.22166666666666668,1.690000057220459,-0.30000001192092896,8.199999809265137,10.50429993914902,0.589430667998144,2.7846543995697672,13.288954338718787,24.171750760833543,0.9290867573603769,-0.6703167873620882,0.6703167873620882,0.6703167873620882
20,in,1997-09-29 09:51:40.000,out,1.026911770957567,20.858952740592336,-10.079162018141089,23.16647181644634,-25.79009186519583,ok,False,1997-09-29 09:30:00,-0.3611111111111111,1.690000057220459,-0.30000001192092896,8.199999809265137,10.50429993914902,0.589430667998144,2.7846543995697672,13.288954338718787,24.303106584668487,1.136634768222148,-0.821678269709655,0.821678269709655,0.821678269709655
20,in,1997-09-29 10:15:10.000,in,0.6367162271665505,20.63196693847363,-10.047795230858345,22.948556572288563,-25.966143489171994,ok,False,1997-09-29 10:30:00,0.24722222222222223,1.8600000143051147,-0.10000000149011612,8.600000381469727,10.361233957949823,0.5893488505119003,2.732321003552232,13.093554961502054,24.296368288230337,1.3478117159417735,-0.9813835779768973,0.9813835779768973,0.9813835779768973
20,out,1997-10-01 08:24:28.000,out,-5.282262487945386,-24.930069909959624,11.100664706091669,27.28979924133821,155.9979238320725,no OMNI within window,False,,,,,,,,,,,,,,
20,out,1997-10-01 08:48:27.000,in,-5.012464925000268,-25.087771307951257,11.469209404808426,27.585123410479937,155.43185781433993,ok,False,1997-10-01 12:30:00,3.6925,2.75,-9.399999618530273,6.400000095367432,8.515619380456235,0.6614790021151686,2.342008426703649,10.857627807159883,24.635960674210608,2.9491627362693293,2.420365505242982,2.420365505242982,2.420365505242982
20,out,1997-10-01 09:24:15.000,out,-4.608707319492715,-25.349469880364605,11.93527074444474,28.01867789455296,154.78757403886428,ok,False,1997-10-01 12:30:00,3.095833333333333,2.75,-9.399999618530273,6.400000095367432,8.515619380456235,0.6614790021151686,2.342008426703649,10.857627807159883,24.344935204007054,3.6737426905459074,3.0058692376747485,3.0058692376747485,3.0058692376747485
20,out,1997-10-01 09:35:45.000,in,-4.47877735308888,-25.441291149307936,12.062804399870545,28.156181298844317,154.63236891281412,ok,False,1997-10-01 12:30:00,2.904166666666667,2.75,-9.399999618530273,6.400000095367432,8.515619380456235,0.6614790021151686,2.342008426703649,10.857627807159883,24.250268231046928,3.905913067797389,3.1926466186524034,3.1926466186524034,3.1926466186524034
20,out,1997-10-01 09:37:58.000,out,-4.453723969936403,-25.459333606417854,12.086450875021653,28.182618090539233,154.60464547936115,ok,False,1997-10-01 12:30:00,2.8672222222222223,2.75,-9.399999618530273,6.400000095367432,8.515619380456235,0.6614790021151686,2.342008426703649,10.857627807159883,24.23195658218318,3.9506615083560526,3.2286042834937505,3.2286042834937505,3.2286042834937505
20,out,1997-10-01 09:45:28.000,in,-4.368914943756309,-25.52215355243615,12.1617564294237,28.27169328856618,154.5213765794929,ok,False,1997-10-01 12:30:00,2.7422222222222223,2.75,-9.399999618530273,6.400000095367432,8.515619380456235,0.6614790021151686,2.342008426703649,10.857627807159883,24.16982962979949,4.101863658766689,3.3499694668970137,3.3499694668970137,3.3499694668970137
20,out,1997-10-01 11:22:45.000,out,-3.2656076477371925,-26.518206502184967,12.683500474716183,29.395347597615693,154.43848749132644,ok,False,1997-10-01 12:30:00,1.1208333333333333,2.75,-9.399999618530273,6.400000095367432,8.515619380456235,0.6614790021151686,2.342008426703649,10.857627807159883,23.34120543293444,6.054142164681252,4.900350473851335,4.900350473851335,4.900350473851335
20,out,1997-10-01 11:33:12.000,in,-3.146800243207326,-26.64657889206059,12.686681874594642,29.51257466975691,154.54045016372777,ok,False,1997-10-01 12:30:00,0.9466666666666667,2.75,-9.399999618530273,6.400000095367432,8.515619380456235,0.6614790021151686,2.342008426703649,10.857627807159883,23.249622260461283,6.262952409295625,5.064251338388287,5.064251338388287,5.064251338388287
20,out,1997-10-01 11:37:52.000,out,-3.0937311805304692,-26.705137086195855,12.684999930740965,29.56473524379022,154.59217718338707,ok,False,1997-10-01 12:30:00,0.8688888888888889,2.75,-9.399999618530273,6.400000095367432,8.515619380456235,0.6614790021151686,2.342008426703649,10.857627807159883,23.20855965299303,6.356175590797189,5.137300081889673,5.137300081889673,5.137300081889673
20,out,1997-10-01 15:55:10.000,in,-0.16213886783013706,-30.792698156264365,9.580261929722907,32.24859188220324,162.71797335585018,ok,False,1997-10-01 16:30:00,0.5805555555555556,3.7200000286102295,5.800000190734863,7.699999809265137,9.42011967036895,0.5564069398424742,2.516637743035064,11.936757413404013,22.82518819654582,9.423403685657423,7.323194527623548,7.323194527623548,7.323194527623548
20,out,1997-10-01 16:01:10.000,out,-0.09380704589924947,-30.893390819143352,9.452495757239161,32.307139649695934,162.98738475012345,ok,False,1997-10-01 16:30:00,0.48055555555555557,3.7200000286102295,5.800000190734863,7.699999809265137,9.42011967036895,0.5564069398424742,2.516637743035064,11.936757413404013,22.76407214579351,9.543067503902424,7.410932464023809,7.410932464023809,7.410932464023809
21,in,1997-10-20 16:25:00.000,in,3.3448336069644036,20.02798262646857,-5.091533519791271,20.665038148265904,-14.263635036742329,ok,False,1997-10-20 16:30:00,0.08333333333333333,2.890000104904175,0.4000000059604645,28.0,9.70946566068276,0.5919013745326852,2.4397667544563637,12.149232415139124,19.792551599381845,0.8724865488840585,0.5965907208972323,0.5965907208972323,0.5965907208972323
21,out,1997-10-22 15:15:50.000,out,-11.911140057033977,-26.52923764325264,7.541982026693928,27.580463063972424,164.13010896044725,ok,False,1997-10-22 15:30:00,0.2361111111111111,1.559999942779541,-2.299999952316284,12.699999809265137,10.50820904369698,0.6024618523711907,2.692609746489789,13.20081879018677,33.762079298170306,6.181616234197882,-5.239958497611562,5.239958497611562,5.239958497611562
21,out,1997-10-22 15:46:08.000,in,-11.682933248364202,-27.092368344745665,7.050742281528075,27.99481004128988,165.4124599210197,ok,False,1997-10-22 15:30:00,-0.2688888888888889,1.559999942779541,-2.299999952316284,12.699999809265137,10.50820904369698,0.6024618523711907,2.692609746489789,13.20081879018677,33.62436934247512,5.629559301185239,-4.768227354653208,4.768227354653208,4.768227354653208
21,out,1997-10-22 16:05:25.000,out,-11.536735553523696,-27.446065516065882,6.716581405730167,28.255954736868848,166.24887356576076,ok,False,1997-10-22 16:30:00,0.4097222222222222,1.2599999904632568,-1.0,9.399999618530273,10.946051543110947,0.5902559018183023,2.861811105119581,13.807862648230529,34.75315427680169,6.49719953993284,-5.466622279215441,5.466622279215441,5.466622279215441
21,out,1997-10-22 16:25:26.400,in,-11.384168827473914,-27.808066539301088,6.355400690810075,28.52507112339855,167.1264255198713,ok,False,1997-10-22 16:30:00,0.07600000000000001,1.2599999904632568,-1.0,9.399999618530273,10.946051543110947,0.5902559018183023,2.861811105119581,13.807862648230529,34.65893123309741,6.133860109698862,-5.158124756775204,5.158124756775204,5.158124756775204
21,out,1997-10-22 16:35:29.000,out,-11.30736121348138,-27.987271647613415,6.169798047947567,28.659270441338233,167.5679831521992,ok,False,1997-10-22 16:30:00,-0.0913888888888889,1.2599999904632568,-1.0,9.399999618530273,10.946051543110947,0.5902559018183023,2.861811105119581,13.807862648230529,34.611350512907784,5.952080071569551,-5.003911002171234,5.003911002171234,5.003911002171234
21,out,1997-10-22 16:47:46.000,in,-11.21317896420261,-28.204127808410885,5.939654497538392,28.82277434570281,168.10756164962453,ok,False,1997-10-22 16:30:00,-0.2961111111111111,1.2599999904632568,-1.0,9.399999618530273,10.946051543110947,0.5902559018183023,2.861811105119581,13.807862648230529,34.55287286145698,5.730098515754172,-4.815623326546325,4.815623326546325,4.815623326546325
21,out,1997-10-22 17:02:38.000,out,-11.098818713948901,-28.462707738770966,5.657393790300411,29.019507858012037,168.75811525605735,ok,False,1997-10-22 17:30:00,0.45611111111111113,1.5399999618530273,1.100000023841858,13.600000381469727,10.703078967147347,0.5782306173372341,2.7339512940996054,13.437030261246953,33.74072455490487,4.721216696892835,-3.9808557337462025,3.9808557337462025,3.9808557337462025
22,in,1998-07-01 18:18:30.500,in,-5.607460254827009,26.672084232767798,0.09288319014555722,26.672245961052326,0.19952671204359576,ok,False,1998-07-01 21:30:00,3.191527777777778,3.059999942779541,2.5,7.699999809265137,9.673301688094545,0.5775986011130747,2.584276737438736,12.257578425533282,27.775739466650045,1.1034935055977186,-0.8942445715221353,0.8942445715221353,0.8942445715221353
22,out,1998-07-03 13:00:00.500,out,13.770042864132876,-16.519176522592264,4.184997992824521,17.041050471860842,165.78369042388732,ok,False,1998-07-03 13:30:00,0.4998611111111111,1.4500000476837158,4.699999809265137,4.900000095367432,10.858477227384396,0.5519787799002288,3.186521818203939,14.044999045588336,3.8288798873732124,13.21217058448763,4.490151069700498,4.490151069700498,4.490151069700498
23,in,1998-07-24 01:05:12.500,in,0.1390356806601834,22.80956392725625,-1.203727490591506,22.841303956280502,-3.0208638157014263,ok,False,1998-07-24 01:30:00,0.4131944444444444,2.5799999237060547,3.799999952316284,9.0,9.943042143939344,0.5659881596295,2.6100485627840775,12.553090706723422,23.72533284380856,0.8840288875280571,-0.6521463713756135,0.6521463713756135,0.6521463713756135
23,in,1998-07-24 01:10:45.000,out,0.0624041585110457,22.73225414716792,-1.2587034240329407,22.76707519469959,-3.1692776892603924,ok,False,1998-07-24 01:30:00,0.32083333333333336,2.5799999237060547,3.799999952316284,9.0,9.943042143939344,0.5659881596295,2.6100485627840775,12.553090706723422,23.794626769196576,1.0275515744969859,-0.7586043691215685,0.7586043691215685,0.7586043691215685
23,in,1998-07-24 01:12:58.500,in,0.03162964048796365,22.70086531306601,-1.2816724309473606,22.73701761846118,-3.2314425638411035,ok,False,1998-07-24 01:30:00,0.28375,2.5799999237060547,3.799999952316284,9.0,9.943042143939344,0.5659881596295,2.6100485627840775,12.553090706723422,23.82238466856936,1.0853670501081787,-0.8015566582631878,0.8015566582631878,0.8015566582631878
23,in,1998-07-24 01:13:35.500,out,0.02310037332051769,22.69216578601155,-1.288038372938623,22.728691799353424,-3.248700872971135,ok,False,1998-07-24 01:30:00,0.2734722222222222,2.5799999237060547,3.799999952316284,9.0,9.943042143939344,0.5659881596295,2.6100485627840775,12.553090706723422,23.830070810278762,1.1013790109253385,-0.8134587725224602,0.8134587725224602,0.8134587725224602
23,in,1998-07-24 01:15:43.000,in,-0.006291020297032587,22.66218768602658,-1.309975064935541,22.700017299276396,-3.3082690193811106,ok,False,1998-07-24 01:30:00,0.23805555555555555,2.5799999237060547,3.799999952316284,9.0,9.943042143939344,0.5659881596295,2.6100485627840775,12.553090706723422,23.856533431563903,1.156516132287507,-0.8544648555637171,0.8544648555637171,0.8544648555637171
23,out,1998-07-25 09:02:06.000,out,3.587024661240765,-16.652324375656878,6.6522974733597895,17.931898080966366,158.22419952151108,ok,False,1998-07-25 09:30:00,0.465,1.809999942779541,-0.20000000298023224,12.899999618530273,10.399963651940602,0.5896790450483037,2.6628647674724246,13.062828419413027,21.29100213673096,3.3591040557645933,-2.2149797681751284,2.2149797681751284,2.2149797681751284
23,out,1998-07-25 09:07:44.000,in,3.6978056384997577,-16.691196145526902,6.709288743847329,17.989179642684338,158.1015635372566,ok,False,1998-07-25 09:30:00,0.3711111111111111,1.809999942779541,-0.20000000298023224,12.899999618530273,10.399963651940602,0.5896790450483037,2.6628647674724246,13.062828419413027,21.170836354691552,3.1816567120072143,-2.093133856777132,2.093133856777132,2.093133856777132
23,out,1998-07-25 10:03:57.000,out,4.796888686510084,-17.083866303738716,7.188035206999405,18.53446352126444,157.18108019061623,ok,False,1998-07-25 10:30:00,0.43416666666666665,1.7100000381469727,-0.10000000149011612,12.5,10.494079087421646,0.588177001127657,2.691114484173747,13.185193571595393,20.17216683154233,1.6377033102778924,-1.0508190905646477,1.0508190905646477,1.0508190905646477
23,out,1998-07-25 10:29:15.500,in,5.287673513530011,-17.26791150030295,7.345146466800809,18.765179034612252,156.95684941919097,ok,False,1998-07-25 10:30:00,0.012361111111111111,1.7100000381469727,-0.10000000149011612,12.5,10.494079087421646,0.588177001127657,2.691114484173747,13.185193571595393,19.591957540826133,0.8267785062138806,-0.5242928884049456,0.5242928884049456,0.5242928884049456
23,out,1998-07-25 10:33:06.000,out,5.36190518057298,-17.29657349784956,7.364964806400869,18.79931278972812,156.93546012441985,ok,False,1998-07-25 10:30:00,-0.051666666666666666,1.7100000381469727,-0.10000000149011612,12.5,10.494079087421646,0.588177001127657,2.691114484173747,13.185193571595393,19.502493251131842,0.703180461403722,-0.4451302541632472,0.4451302541632472,0.4451302541632472
24,in,1998-08-15 06:53:48.000,in,9.871190559854188,19.28383671277767,-8.456703442832112,21.05664245517505,-23.67929761509097,ok,False,1998-08-15 06:30:00,-0.39666666666666667,0.7099999785423279,-0.20000000298023224,4.699999809265137,11.98424402144288,0.5766210268240636,3.564304013433272,15.548548034876152,18.147164375268517,2.9094780799065347,1.6284146415913707,1.6284146415913707,1.6284146415913707
24,in,1998-08-15 07:07:05.500,out,9.637440475756664,19.12113211596559,-8.588281966853417,20.9613043615704,-24.187295828245137,ok,False,1998-08-15 07:30:00,0.38180555555555556,0.8199999928474426,0.20000000298023224,5.099999904632568,11.743295657835187,0.575844230742617,3.4053679414313316,15.148663599266518,17.64885682389196,3.3124475376784375,1.8631918797859415,1.8631918797859415,1.8631918797859415
24,in,1998-08-15 07:14:42.000,in,9.503265701900723,19.028247593658723,-8.659393555703774,20.90596334154786,-24.469378982834357,ok,False,1998-08-15 07:30:00,0.255,0.8199999928474426,0.20000000298023224,5.099999904632568,11.743295657835187,0.575844230742617,3.4053679414313316,15.148663599266518,17.85837309188166,3.0475902496662,1.7220679262786611,1.7220679262786611,1.7220679262786611
24,out,1998-08-16 22:38:08.000,out,6.745397864618008,-23.59581960729205,2.617476578123767,23.74055362827275,173.6700772606386,ok,False,1998-08-16 22:30:00,-0.13555555555555557,0.3199999928474426,2.4000000953674316,3.0999999046325684,13.616829165601738,0.5477984937295591,4.985720659660121,18.60254982526186,28.48624051204751,4.745686883774759,-2.990561126646162,2.990561126646162,2.990561126646162
25,in,1998-10-25 21:33:54.000,in,9.503563853579154,17.238398753783336,-1.6501328773427733,17.31719752463794,-5.467935281191506,ok,False,1998-10-25 21:30:00,-0.065,1.2000000476837158,2.9000000953674316,7.0,11.153951486182331,0.5621490888713803,3.0208618608410482,14.17481334702338,15.73110396910233,1.5860935555356104,0.84291818041148,0.84291818041148,0.84291818041148
25,in,1998-10-25 21:44:54.000,out,9.312304872162283,17.114647539923855,-1.6127364049086665,17.190464773459134,-5.38316306403314,ok,False,1998-10-25 21:30:00,-0.24833333333333332,1.2000000476837158,2.9000000953674316,7.0,11.153951486182331,0.5621490888713803,3.0208618608410482,14.17481334702338,16.044413740148563,1.1460510333105702,0.613486050834682,0.613486050834682,0.613486050834682
25,in,1998-10-25 21:47:27.000,in,9.267866547844216,17.085702363065764,-1.604923619246168,17.160915041538,-5.366259658789215,ok,False,1998-10-25 21:30:00,-0.29083333333333333,1.2000000476837158,2.9000000953674316,7.0,11.153951486182331,0.5621490888713803,3.0208618608410482,14.17481334702338,16.116276394472482,1.0446386470655185,0.5601222184294395,0.5601222184294395,0.5601222184294395
25,in,1998-10-25 21:47:42.000,out,9.26350984938166,17.082864600628696,-1.6041576598674916,17.158018089544157,-5.364599328377574,ok,False,1998-10-25 21:30:00,-0.295,1.2000000476837158,2.9000000953674316,7.0,11.153951486182331,0.5621490888713803,3.0208618608410482,14.17481334702338,16.123303260062954,1.034714829481203,0.5548905385990974,0.5548905385990974,0.5548905385990974
25,in,1998-10-25 21:48:42.000,in,9.246083055531436,17.07151355088043,-1.6010938223527862,17.14643042577289,-5.357952396395248,ok,False,1998-10-25 21:30:00,-0.31166666666666665,1.2000000476837158,2.9000000953674316,7.0,11.153951486182331,0.5621490888713803,3.0208618608410482,14.17481334702338,16.151377918324446,0.9950525074484453,0.5339639480425038,0.5339639480425038,0.5339639480425038
25,in,1998-10-25 21:49:09.000,out,9.238240998298837,17.066405578493704,-1.5997150954711687,17.141216052436867,-5.354958345075439,ok,False,1998-10-25 21:30:00,-0.31916666666666665,1.2000000476837158,2.9000000953674316,7.0,11.153951486182331,0.5621490888713803,3.0208618608410482,14.17481334702338,16.1639944413577,0.977221611079166,0.524547051286088,0.524547051286088,0.524547051286088
25,in,1998-10-25 21:50:47.000,in,9.209720730182552,17.047722688457757,-1.595182698131773,17.122191936284803,-5.34569239588838,ok,False,1998-10-25 21:30:00,-0.3463888888888889,1.2000000476837158,2.9000000953674316,7.0,11.153951486182331,0.5621490888713803,3.0208618608410482,14.17481334702338,16.209789778615463,0.9124021576693409,0.4902666974627117,0.4902666974627117,0.4902666974627117
25,in,1998-10-25 21:54:07.000,out,9.151390971273639,17.009278017181504,-1.5869778664215763,17.08315068757183,-5.330306342457193,ok,False,1998-10-25 21:30:00,-0.40194444444444444,1.2000000476837158,2.9000000953674316,7.0,11.153951486182331,0.5621490888713803,3.0208618608410482,14.17481334702338,16.303020471702954,0.7801302158688763,0.42008556636219213,0.42008556636219213,0.42008556636219213
25,in,1998-10-25 22:10:12.000,in,8.869192212075882,16.821875899298746,-1.5536061977291309,16.893466221857206,-5.276657365383341,ok,False,1998-10-25 22:30:00,0.33,1.2300000190734863,2.9000000953674316,8.0,11.112299158894858,0.5624807794719181,2.9544604906585534,14.066759649553411,16.51352012320644,0.3799460986507661,0.20646537661146613,0.20646537661146613,0.20646537661146613
25,out,1998-10-26 19:15:14.000,out,12.126417734100945,-9.255222796417012,3.474479951271685,9.885907138098458,159.42348856364057,ok,False,1998-10-26 19:30:00,0.2461111111111111,1.440000057220459,0.5,8.0,10.79381658452651,0.5815452026693956,2.8697845681082383,13.66360115263475,8.908658431407009,0.9772487066914497,0.3344861973228958,0.3344861973228958,0.3344861973228958
26,in,1998-11-13 05:45:55.000,in,13.940259788266472,12.46306698676943,-3.518085114241818,12.950095041649382,-15.763356813249251,ok,True,1998-11-13 05:30:00,-0.2652777777777778,3.940000057220459,-7.199999809265137,4.0,8.482269399546809,0.6511454147120338,2.6860519765231556,11.168321376069965,,,5.925915648302824,5.925915648302824,5.925915648302824
26,in,1998-11-13 06:00:34.000,out,13.639230055403813,12.330906969925987,-3.668844363935484,12.865134498626528,-16.56944715002544,ok,True,1998-11-13 06:30:00,0.4905555555555556,2.490000009536743,-13.800000190734863,2.799999952316284,8.026060762710303,0.6914140129923736,3.179915932788994,11.205976695499297,,,5.57702123995912,5.57702123995912,5.57702123995912
26,in,1998-11-13 06:16:18.000,in,13.312938946625943,12.186102049466163,-3.8208319700822986,12.77105477647036,-17.408301337984007,ok,True,1998-11-13 06:30:00,0.22833333333333333,2.490000009536743,-13.800000190734863,2.799999952316284,8.026060762710303,0.6914140129923736,3.179915932788994,11.205976695499297,,,5.243095065076923,5.243095065076923,5.243095065076923
26,in,1998-11-13 07:52:40.000,out,11.247847111713767,11.265624762361119,-4.508321177908148,12.134218603993384,-21.81049018286403,ok,True,1998-11-13 07:30:00,-0.37777777777777777,2.640000104904175,-16.399999618530273,2.9000000953674316,7.810239920693575,0.7109879305295074,3.006573386068936,10.81681330676251,,,3.5463282787336836,3.5463282787336836,3.5463282787336836
26,in,1998-11-13 08:01:37.000,in,11.049826790890519,11.178994666226565,-4.548835959912548,12.069044300926048,-22.14186067666246,ok,True,1998-11-13 08:30:00,0.47305555555555556,5.429999828338623,-15.600000381469727,4.599999904632568,7.031139182789876,0.7171860290825778,2.106551635419247,9.137690818209123,,,5.224581105432531,5.224581105432531,5.224581105432531
26,in,1998-11-13 08:20:54.000,out,10.619247628518163,10.992464786618628,-4.621772166547079,11.924557016699605,-22.80427640371561,ok,True,1998-11-13 08:30:00,0.15166666666666667,5.429999828338623,-15.600000381469727,4.599999904632568,7.031139182789876,0.7171860290825778,2.106551635419247,9.137690818209123,,,4.778665660361681,4.778665660361681,4.778665660361681
26,in,1998-11-13 08:40:10.000,in,10.183608082774578,10.806448083683534,-4.675335455369584,11.774467368232987,-23.39539023823816,ok,True,1998-11-13 08:30:00,-0.16944444444444445,5.429999828338623,-15.600000381469727,4.599999904632568,7.031139182789876,0.7171860290825778,2.106551635419247,9.137690818209123,,,4.325838236730048,4.325838236730048,4.325838236730048
26,out,1998-11-14 03:16:55.000,out,9.86942768371327,-12.513799349701406,4.413016281190881,13.269132860237821,160.5747001645608,ok,True,1998-11-14 03:30:00,0.21805555555555556,4.28000020980835,-13.5,4.199999809265137,7.417152662994437,0.698036592112849,2.3000305562023815,9.71718321919682,,,4.158692391873933,4.158692391873933,4.158692391873933
26,out,1998-11-14 04:12:13.000,in,11.023029695425638,-12.719144047908225,5.288355649483304,13.774735234728151,157.42347445376208,ok,True,1998-11-14 04:30:00,0.29638888888888887,4.900000095367432,-8.800000190734863,4.400000095367432,7.9104305430367825,0.6660716810682309,2.408458952831743,10.318889495868525,,,4.714768298908208,4.714768298908208,4.714768298908208
26,out,1998-11-14 04:25:54.000,out,11.302967434038644,-12.753259948192278,5.511438907941173,13.893221301848362,156.62796794292328,ok,True,1998-11-14 04:30:00,0.06833333333333333,4.900000095367432,-8.800000190734863,4.400000095367432,7.9104305430367825,0.6660716810682309,2.408458952831743,10.318889495868525,,,5.015846984958917,5.015846984958917,5.015846984958917
27,in,1998-11-27 08:05:43.000,in,6.784341490703251,3.306203994095047,-19.87249345317292,20.145644216479415,-80.5541685181026,ok,False,1998-11-27 08:30:00,0.4047222222222222,1.7400000095367432,2.5,7.800000190734863,10.537122542955025,0.5699774491025489,2.8103689047730267,13.347491447728052,18.019483788493414,2.126160427986001,1.3052636363144126,1.3052636363144126,1.3052636363144126
27,out,1998-11-28 23:34:00.000,out,3.9965344299918475,-17.03538572857239,17.44755300827181,24.384861551743587,134.31518826695222,ok,False,1998-11-28 23:30:00,-0.06666666666666667,1.690000057220459,-3.200000047683716,8.800000190734863,10.297495883175143,0.609986316007429,2.7090874118057044,13.006583294980848,20.733967968096216,3.6508935836473704,2.5142313183768334,2.5142313183768334,2.5142313183768334
28,in,1998-12-14 03:23:00.000,in,5.322674307228471,11.211569754602772,-14.337172276282935,18.20037926094233,-51.97483793029917,ok,False,1998-12-14 03:30:00,0.11666666666666667,3.369999885559082,5.199999809265137,7.400000095367432,9.559116302214557,0.5594502385591088,2.5675900140068655,12.126706316221423,17.456914686420927,0.7434645745214041,0.4694689615923392,0.4694689615923392,0.4694689615923392
28,out,1998-12-15 15:46:55.000,out,-3.54509873647493,-15.28297450815852,19.14417070121085,24.496297304983116,128.60070159620696,ok,False,1998-12-15 15:30:00,-0.28194444444444444,1.809999942779541,2.200000047683716,8.600000381469727,10.469078688928718,0.5726398153173367,2.760760321182927,13.229839010111645,28.104576781961903,3.6082794769787867,-2.80701573662555,2.80701573662555,2.80701573662555
29,in,1999-01-01 15:46:59.000,in,7.373653566187208,10.472757073010591,-12.49058509611255,16.300102967574233,-50.02177921058498,ok,False,1999-01-01 15:30:00,-0.28305555555555556,1.940000057220459,3.200000047683716,9.0,10.375037258142807,0.5664683555865023,2.7234472802624867,13.098484538405295,16.6949728022517,0.3948698346774684,-0.22547217232788186,0.22547217232788186,0.22547217232788186
29,out,1999-01-03 11:05:05.000,out,-7.170723706875318,-21.590146587274543,20.351298060262238,29.670014533155122,136.69188640543172,ok,False,1999-01-03 11:30:00,0.4152777777777778,1.1699999570846558,1.399999976158142,8.399999618530273,11.166342873779225,0.5723485645672769,2.9521139516615267,14.118456825440752,32.496982630223314,2.8269680970681925,-2.299041730596199,2.299041730596199,2.299041730596199
30,in,1999-01-18 01:27:30.000,in,11.151536231520277,7.631025873295017,-9.751111334103648,12.382113233571344,-51.95397287187864,ok,False,1999-01-18 01:30:00,0.041666666666666664,2.2200000286102295,3.299999952316284,9.899999618530273,10.166489581836293,0.5675591626897334,2.6464207706099745,12.812910352446268,8.964725986012974,3.41738724755837,1.3615212543858892,1.3615212543858892,1.3615212543858892
30,in,1999-01-18 01:41:10.000,out,10.976681250793998,7.688525786528868,-9.5723981253081,12.277794371935107,-51.22865821460092,ok,False,1999-01-18 01:30:00,-0.18611111111111112,2.2200000286102295,3.299999952316284,9.899999618530273,10.166489581836293,0.5675591626897334,2.6464207706099745,12.812910352446268,9.421445621627065,2.856348750308042,1.15853645655197,1.15853645655197,1.15853645655197
30,in,1999-01-18 01:46:12.000,in,10.911553682173741,7.708250758296838,-9.507772144736377,12.239888108516709,-50.96722753054018,ok,False,1999-01-18 01:30:00,-0.27,2.2200000286102295,3.299999952316284,9.899999618530273,10.166489581836293,0.5675591626897334,2.6464207706099745,12.812910352446268,9.585843096901955,2.6540450116147536,1.0833617993248876,1.0833617993248876,1.0833617993248876
30,out,1999-01-19 10:00:57.000,out,-13.896292021193355,-13.745855044373217,14.626146033048311,20.07168848604859,133.2228682755171,ok,False,1999-01-19 10:30:00,0.4841666666666667,1.5199999809265137,-1.100000023841858,8.699999809265137,10.63361072669194,0.5936058255226858,2.800772626768545,13.434383353460484,35.402336391646756,15.330647905598166,-12.943709233852765,12.943709233852765,12.943709233852765
31,in,1999-02-04 11:27:45.000,in,10.766460505092137,4.015859465368111,-9.139828114622459,9.983165089811436,-66.28026445893913,ok,False,1999-02-04 11:30:00,0.0375,1.6799999475479126,5.599999904632568,4.099999904632568,10.62480663237039,0.5475335286741482,3.328232471369459,13.95303910373985,12.923931995180702,2.9407669053692658,-1.205441196600009,1.205441196600009,1.205441196600009
31,out,1999-02-07 07:02:02.000,out,-28.2740866850212,-37.70894511137373,7.2328053814507784,38.39632814604204,169.1421901729572,ok,False,1999-02-07 07:30:00,0.4661111111111111,1.9600000381469727,-2.5,8.199999809265137,10.134490254804549,0.607150024025392,2.6866191025505577,12.821109357355105,41.00356000893225,2.6072318628902096,-2.4144917178964342,2.4144917178964342,2.4144917178964342
31,out,1999-02-07 07:10:54.000,in,-28.295014697760365,-37.744443318850166,7.444839041494847,38.47166008640203,168.8420193973106,ok,False,1999-02-07 07:30:00,0.31833333333333336,1.9600000381469727,-2.5,8.199999809265137,10.134490254804549,0.607150024025392,2.6866191025505577,12.821109357355105,41.01200619309718,2.5403461066951465,-2.3527266924294885,2.3527266924294885,2.3527266924294885
31,out,1999-02-07 07:12:20.000,out,-28.298382052696635,-37.75020289653994,7.478056359117335,38.483751709521094,168.79515866679859,ok,False,1999-02-07 07:30:00,0.29444444444444445,1.9600000381469727,-2.5,8.199999809265137,10.134490254804549,0.607150024025392,2.6866191025505577,12.821109357355105,41.01336484738747,2.5296131378663773,-2.342907266141355,2.342907266141355,2.342907266141355
31,out,1999-02-07 07:18:07.000,in,-28.31196893831159,-37.77344212279986,7.612084373245284,38.532801070126155,168.60638076187425,ok,False,1999-02-07 07:30:00,0.19805555555555557,1.9600000381469727,-2.5,8.199999809265137,10.134490254804549,0.607150024025392,2.6866191025505577,12.821109357355105,41.018845868846384,2.486044798720229,-2.302548115418231,2.302548115418231,2.302548115418231
31,out,1999-02-07 07:21:31.000,out,-28.319938158566544,-37.787170006659075,7.689545642253236,38.56163027280422,168.4975844810733,ok,False,1999-02-07 07:30:00,0.1413888888888889,1.9600000381469727,-2.5,8.199999809265137,10.134490254804549,0.607150024025392,2.6866191025505577,12.821109357355105,41.02205995584754,2.4604296830433157,-2.278917522815832,2.278917522815832,2.278917522815832
31,out,1999-02-07 07:49:03.000,in,-28.383947622027797,-37.90120789363447,8.276754151873437,38.79440963704763,167.68130668924965,ok,False,1999-02-07 07:30:00,-0.3175,1.9600000381469727,-2.5,8.199999809265137,10.134490254804549,0.607150024025392,2.6866191025505577,12.821109357355105,41.047855987676456,2.2534463506288276,-2.087931563829721,2.087931563829721,2.087931563829721
31,out,1999-02-07 07:52:58.000,out,-28.392971124174508,-37.91813215931176,8.353517841436654,38.827387328768765,167.57596634031907,ok,False,1999-02-07 07:30:00,-0.3827777777777778,1.9600000381469727,-2.5,8.199999809265137,10.134490254804549,0.607150024025392,2.6866191025505577,12.821109357355105,41.05148966108998,2.224102332321216,-2.0609009881724214,2.0609009881724214,2.0609009881724214
31,out,1999-02-07 08:06:29.000,in,-28.42399492868619,-37.97789930685435,8.608091217658464,38.9412386830863,167.2290912381378,ok,False,1999-02-07 08:30:00,0.39194444444444443,2.609999895095825,3.0,8.300000190734863,9.916474418139464,0.5718706420301934,2.62518538838614,12.541659806525603,40.41656387888821,1.475325195801915,-1.370262222210281,1.370262222210281,1.370262222210281
31,out,1999-02-07 08:24:45.000,out,-28.46557558137128,-38.063542833968896,8.919997016937376,39.09475207563742,166.8110242736798,ok,False,1999-02-07 08:30:00,0.0875,2.609999895095825,3.0,8.300000190734863,9.916474418139464,0.5718706420301934,2.62518538838614,12.541659806525603,40.43306427796643,1.338312202329007,-1.2432286586457655,1.2432286586457655,1.2432286586457655
32,in,1999-02-22 05:23:00.000,in,10.60930188895362,2.76806054461997,-9.419957356127885,9.81823587870803,-73.62454077560315,ok,False,1999-02-22 05:30:00,0.11666666666666667,2.990000009536743,7.5,7.699999809265137,9.743088824529652,0.5413661611248964,2.6029207618966597,12.346009586426312,8.994681115074709,0.8235547636333216,0.30894020567047137,0.30894020567047137,0.30894020567047137
32,in,1999-02-22 06:04:26.500,out,10.426836670125255,3.0176181433336304,-8.638597047301946,9.150485134933023,-70.74476837639288,ok,False,1999-02-22 06:30:00,0.4259722222222222,4.050000190734863,5.5,11.5,9.298163614233978,0.5596777251990622,2.3953840549050387,11.693547669139017,7.482115137212755,1.6683699977202675,0.5850426745265109,0.5850426745265109,0.5850426745265109
32,in,1999-02-22 06:40:12.000,in,10.240563500309031,3.2832114295603696,-7.957814904085827,8.608501341051552,-67.58008219479566,ok,False,1999-02-22 06:30:00,-0.17,4.050000190734863,5.5,11.5,9.298163614233978,0.5596777251990622,2.3953840549050387,11.693547669139017,8.010176631367258,0.5983247096842934,0.21122845260336962,0.21122845260336962,0.21122845260336962
32,out,1999-02-23 18:52:05.000,out,-24.24755986585324,-14.872636182190671,10.158277578656564,18.01071654246004,145.66622235357522,ok,False,1999-02-23 18:30:00,-0.3680555555555556,1.809999942779541,3.4000000953674316,9.0,10.48714892300207,0.5641202002931628,2.752876592288043,13.240025515290114,40.23764915420146,22.22693261174142,-19.889252500538735,19.889252500538735,19.889252500538735
33,in,1999-03-11 01:01:37.000,in,2.738225344164194,-6.269026358566629,-23.83067056375951,24.641460001445477,-104.73860971676831,ok,False,1999-03-11 01:30:00,0.47305555555555556,1.2799999713897705,-0.699999988079071,6.199999809265137,10.936405865632402,0.5883653226322659,3.026206342382813,13.962612208015216,23.90826611260308,0.733193888842397,0.5155875464729489,0.5155875464729489,0.5155875464729489
33,in,1999-03-11 01:17:43.000,out,2.8674615824974907,-6.293076619741979,-23.57068152397366,24.39630793473751,-104.94857617551598,ok,False,1999-03-11 01:30:00,0.20472222222222222,1.2799999713897705,-0.699999988079071,6.199999809265137,10.936405865632402,0.5883653226322659,3.026206342382813,13.962612208015216,23.775959189340927,0.6203487453965835,0.43448773202167296,0.43448773202167296,0.43448773202167296
33,in,1999-03-11 02:26:29.000,in,3.4171299197803937,-6.536931741430382,-22.390913060350655,23.32561819691606,-106.27493987096891,ok,False,1999-03-11 02:30:00,0.058611111111111114,1.7999999523162842,-1.2000000476837158,8.600000381469727,10.35893788293996,0.5967004881314817,2.7317155144762544,13.090653397416215,21.527303188851715,1.7983150080643462,1.2442653099163963,1.2442653099163963,1.2442653099163963
33,in,1999-03-11 02:34:39.000,out,3.4820877704918156,-6.577547227145555,-22.24367891818139,23.195805210004618,-106.4731648002918,ok,False,1999-03-11 02:30:00,-0.0775,1.7999999523162842,-1.2000000476837158,8.600000381469727,10.35893788293996,0.5967004881314817,2.7317155144762544,13.090653397416215,21.45766686461009,1.7381383453945283,1.1998346248900893,1.1998346248900893,1.1998346248900893
33,in,1999-03-11 03:02:38.000,in,3.7040383461114357,-6.728306358240964,-21.728767603302845,22.74663597125274,-107.20512332749381,ok,False,1999-03-11 03:30:00,0.45611111111111113,3.069999933242798,0.699999988079071,11.699999809265137,9.630048442745856,0.5905818421617748,2.4783786112312938,12.10842705397715,19.320520502157844,3.4261154690948956,2.3611722223722476,2.3611722223722476,2.3611722223722476
33,in,1999-03-11 03:07:21.000,out,3.741343746217309,-6.755091665668682,-21.64043006307337,22.670233274634743,-107.33582922064116,ok,False,1999-03-11 03:30:00,0.3775,3.069999933242798,0.699999988079071,11.699999809265137,9.630048442745856,0.5905818421617748,2.4783786112312938,12.10842705397715,19.279131001783217,3.3911022728515263,2.3336008205387193,2.3336008205387193,2.3336008205387193
33,in,1999-03-11 04:14:05.000,in,4.265400026240361,-7.141971601320957,-20.350271466212416,21.56713488395281,-109.33863257915952,ok,False,1999-03-11 04:30:00,0.2652777777777778,3.130000114440918,2.799999952316284,9.300000190734863,9.64456334305689,0.5757464383327023,2.5239559362768706,12.16851927933376,18.803614502177453,2.7635203817753577,1.859810813118393,1.859810813118393,1.859810813118393
33,in,1999-03-11 04:46:18.000,out,4.515877285616458,-7.311099907439062,-19.707160653198443,21.019618523358798,-110.35419778681546,ok,False,1999-03-11 04:30:00,-0.27166666666666667,3.130000114440918,2.799999952316284,9.300000190734863,9.64456334305689,0.5757464383327023,2.5239559362768706,12.16851927933376,18.513078231993557,2.5065402913652406,1.6677389563958054,1.6677389563958054,1.6677389563958054
33,in,1999-03-11 05:05:54.000,in,4.667224415665681,-7.400360667406676,-19.31212321318559,20.681475793786127,-110.96671615984992,ok,False,1999-03-11 05:30:00,0.40166666666666667,3.240000009536743,0.699999988079071,9.100000381469727,9.551729398731556,0.5913257334537173,2.5046873745958664,12.056416773327422,18.115111456732805,2.5663643370533222,1.6961069492703746,1.6961069492703746,1.6961069492703746
33,in,1999-03-11 05:13:55.000,out,4.728871416424903,-7.433103020708305,-19.15005666342057,20.54204689724667,-111.21374475024183,ok,False,1999-03-11 05:30:00,0.26805555555555555,3.240000009536743,0.699999988079071,9.100000381469727,9.551729398731556,0.5913257334537173,2.5046873745958664,12.056416773327422,18.041765985111724,2.500280912134947,1.6474136835035518,1.6474136835035518,1.6474136835035518
33,in,1999-03-11 05:36:58.000,in,4.905215969794676,-7.513071656589785,-18.683402129886773,20.13742190212318,-111.90631509269996,ok,False,1999-03-11 05:30:00,-0.11611111111111111,3.240000009536743,0.699999988079071,9.100000381469727,9.551729398731556,0.5913257334537173,2.5046873745958664,12.056416773327422,17.83006786156421,2.3073540405589696,1.5066965761507927,1.5066965761507927,1.5066965761507927
33,in,1999-03-11 05:40:45.000,out,4.934042832079114,-7.524306800746091,-18.60679961432164,20.070580079292025,-112.01765916411092,ok,False,1999-03-11 05:30:00,-0.17916666666666667,3.240000009536743,0.699999988079071,9.100000381469727,9.551729398731556,0.5913257334537173,2.5046873745958664,12.056416773327422,17.79519072300898,2.2753893562830463,1.4835791582004465,1.4835791582004465,1.4835791582004465
33,in,1999-03-11 07:56:59.000,in,5.939726438406585,-7.381382277874902,-15.924329952601125,17.55189701346937,-114.86907145084237,ok,False,1999-03-11 07:30:00,-0.44972222222222225,3.3299999237060547,-3.0,8.699999809265137,9.310357172996756,0.618351672182316,2.4522426281895364,11.762599801186292,15.93197973033436,1.6199172831350115,0.9934106030357692,0.9934106030357692,0.9934106030357692
33,out,1999-03-12 22:55:30.000,out,-25.880394180089294,-10.231553141912533,8.86961749045471,13.54085647670635,139.07835371726344,ok,False,1999-03-12 22:30:00,-0.425,4.130000114440918,5.0,6.900000095367432,9.267909320158386,0.5635510688456484,2.5158168292558933,11.78372614941428,37.6430425194939,24.10218604278755,-21.936416383449778,21.936416383449778,21.936416383449778
33,out,1999-03-12 22:58:20.000,in,-25.91763056582038,-10.253137134722675,8.856322573095477,13.548478535324533,139.18062576287375,ok,False,1999-03-12 22:30:00,-0.4722222222222222,4.130000114440918,5.0,6.900000095367432,9.267909320158386,0.5635510688456484,2.5158168292558933,11.78372614941428,37.6581043432075,24.109625807882963,-21.946819147887,21.946819147887,21.946819147887
33,out,1999-03-12 23:11:29.000,out,-26.08973762679703,-10.349046874874007,8.798985398856393,13.583994819920518,139.62808602821625,ok,False,1999-03-12 23:30:00,0.3086111111111111,4.139999866485596,5.900000095367432,6.900000095367432,9.269109684197732,0.5570678905945039,2.516142673623495,11.785252357821227,37.73107701175966,24.14708219183914,-21.997278838008015,21.997278838008015,21.997278838008015
34,in,1999-03-27 22:35:08.000,in,-13.451713576745783,-8.864140869337882,-30.72914036418042,31.9820740552105,-106.09075741849716,ok,False,1999-03-27 22:30:00,-0.08555555555555555,1.4800000190734863,-2.200000047683716,9.800000190734863,10.600606350443128,0.6010021251385679,2.7616899497053495,13.362296300148477,34.99884736684606,3.016773311635557,-2.5981933097992926,2.5981933097992926,2.5981933097992926
34,in,1999-03-27 23:33:58.000,out,-12.813841451119115,-8.692182711500177,-30.266836403011773,31.490243348325862,-106.02327391516351,ok,False,1999-03-27 23:30:00,-0.0661111111111111,1.2599999904632568,-1.2000000476837158,8.399999618530273,10.934154886200627,0.5916636675075098,2.8907290017914535,13.82488388799208,35.561574224719564,4.071330876393702,-3.4745035333094543,3.4745035333094543,3.4745035333094543
34,in,1999-03-28 00:11:52.000,in,-12.399272878417852,-8.763095552721987,-29.90861304303808,31.165958637980694,-106.33035855851827,ok,False,1999-03-28 00:30:00,0.3022222222222222,1.3799999952316284,-1.899999976158142,8.5,10.737141328820467,0.5978862111439844,2.8349820526096146,13.572123381430082,34.80363527450817,3.6376766365274733,-3.1022262896553894,3.1022262896553894,3.1022262896553894
34,in,1999-03-28 06:48:25.000,out,-7.883750571161517,-13.509638854104978,-23.79955192181576,27.36656744364457,-119.58108893836408,ok,False,1999-03-28 06:30:00,-0.30694444444444446,1.6100000143051147,-0.10000000149011612,9.800000190734863,10.59033067401108,0.5873371806402173,2.7590129111105126,13.349343585121591,31.487163870392166,4.120596426747596,-3.378220785881848,3.378220785881848,3.378220785881848
34,in,1999-03-28 06:59:09.000,in,-7.756930493652356,-13.606042488701439,-23.612353890468253,27.25192926111948,-119.95164682037142,ok,False,1999-03-28 06:30:00,-0.48583333333333334,1.6100000143051147,-0.10000000149011612,9.800000190734863,10.59033067401108,0.5873371806402173,2.7590129111105126,13.349343585121591,31.401089534896,4.14916027377652,-3.3968488114485442,3.3968488114485442,3.3968488114485442
34,in,1999-03-28 07:00:44.000,out,-7.7382020025886655,-13.61963877395208,-23.584921791626822,27.234960918828076,-120.00524313999449,ok,False,1999-03-28 07:30:00,0.48777777777777775,1.7100000381469727,0.10000000149011612,9.800000190734863,10.502021295068824,0.5867589749285279,2.7360063852357586,13.238027680304583,31.170473763216247,3.935512844388171,-3.225000018331477,3.225000018331477,3.225000018331477
34,in,1999-03-28 07:15:12.000,in,-7.566807070327455,-13.735313621091645,-23.33692279991322,27.07897350415734,-120.47960960807718,ok,False,1999-03-28 07:30:00,0.24666666666666667,1.7100000381469727,0.10000000149011612,9.800000190734863,10.502021295068824,0.5867589749285279,2.7360063852357586,13.238027680304583,31.053777536385205,3.9748040322278655,-3.2509291789726404,3.2509291789726404,3.2509291789726404
34,in,1999-03-28 07:18:22.000,out,-7.529246630619662,-13.75927171213388,-23.2830791847606,27.044765378389954,-120.58121231300436,ok,False,1999-03-28 07:30:00,0.1938888888888889,1.7100000381469727,0.10000000149011612,9.800000190734863,10.502021295068824,0.5867589749285279,2.7360063852357586,13.238027680304583,31.028121416184575,3.9833560377946213,-3.2565447483612955,3.2565447483612955,3.2565447483612955
34,in,1999-03-28 07:24:42.000,in,-7.4540258977959795,-13.803944839052393,-23.176521533526966,26.975915990261395,-120.77804366933977,ok,False,1999-03-28 07:30:00,0.08833333333333333,1.7100000381469727,0.10000000149011612,9.800000190734863,10.502021295068824,0.5867589749285279,2.7360063852357586,13.238027680304583,30.97665106282646,4.000735072565064,-3.2679558662663974,3.2679558662663974,3.2679558662663974
34,in,1999-03-28 07:25:27.000,out,-7.445114070126492,-13.809101614969844,-23.16394935033875,26.967755503890604,-120.8011250046619,ok,False,1999-03-28 07:30:00,0.07583333333333334,1.7100000381469727,0.10000000149011612,9.800000190734863,10.502021295068824,0.5867589749285279,2.7360063852357586,13.238027680304583,30.97054511019954,4.002789606308937,-3.2692845405607573,3.2692845405607573,3.2692845405607573
34,in,1999-03-28 07:45:24.000,in,-7.207617907779051,-13.931496656260492,-22.835088276294186,26.749352434583262,-121.3870179448399,ok,False,1999-03-28 07:30:00,-0.25666666666666665,1.7100000381469727,0.10000000149011612,9.800000190734863,10.502021295068824,0.5867589749285279,2.7360063852357586,13.238027680304583,30.80719792568085,4.057845491097588,-3.3051695477708405,3.3051695477708405,3.3051695477708405
34,in,1999-03-28 08:11:34.000,out,-6.894848223626632,-14.048407381264056,-22.421448000808972,26.45900754758075,-122.0696581572393,ok,False,1999-03-28 08:30:00,0.30722222222222223,1.7000000476837158,-0.6000000238418579,9.399999618530273,10.481078772166043,0.5916398331447837,2.7402454214365157,13.221324193602559,30.55767966029343,4.098672112712681,-3.3266067529589227,3.3266067529589227,3.3266067529589227
34,in,1999-03-28 08:18:51.000,in,-6.807532686045599,-14.071806321640832,-22.310310318984865,26.377370598358993,-122.24090445707608,ok,False,1999-03-28 08:30:00,0.18583333333333332,1.7000000476837158,-0.6000000238418579,9.399999618530273,10.481078772166043,0.5916398331447837,2.7402454214365157,13.221324193602559,30.496736999615717,4.119366401256723,-3.3398932767374876,3.3398932767374876,3.3398932767374876
34,in,1999-03-28 08:37:12.000,out,-6.587030462965407,-14.112077651313937,-22.039014891677105,26.17000024899273,-122.63235074888978,ok,False,1999-03-28 08:30:00,-0.12,1.7000000476837158,-0.6000000238418579,9.399999618530273,10.481078772166043,0.5916398331447837,2.7402454214365157,13.221324193602559,30.342078129159635,4.172077880166906,-3.3734774417797344,3.3734774417797344,3.3734774417797344
34,in,1999-03-28 08:46:21.000,in,-6.476816793508313,-14.122510744013349,-21.908390801603364,26.065741831579462,-122.80649703914976,ok,False,1999-03-28 08:30:00,-0.2725,1.7000000476837158,-0.6000000238418579,9.399999618530273,10.481078772166043,0.5916398331447837,2.7402454214365157,13.221324193602559,30.26436429732198,4.198622465742517,-3.3902775542706434,3.3902775542706434,3.3902775542706434
34,in,1999-03-28 09:01:34.000,out,-6.293155078422994,-14.126000810940566,-21.698077399557643,25.891127085314146,-123.06515189851272,ok,False,1999-03-28 09:30:00,0.4738888888888889,1.5299999713897705,-2.5999999046325684,9.300000190734863,10.513085440307737,0.6043054828808027,2.751245801579276,13.264331241887014,30.217716829050453,4.326589743736307,-3.4839381126715536,3.4839381126715536,3.4839381126715536
34,in,1999-03-28 09:09:39.000,in,-6.195398391150604,-14.120666113098192,-21.590018233296178,25.79771499167438,-123.18616230242259,ok,False,1999-03-28 09:30:00,0.33916666666666667,1.5299999713897705,-2.5999999046325684,9.300000190734863,10.513085440307737,0.6043054828808027,2.751245801579276,13.264331241887014,30.148096693993654,4.350381702319275,-3.4987179046815076,3.4987179046815076,3.4987179046815076
34,in,1999-03-28 10:09:02.000,out,-5.472990931560094,-13.92137983732893,-20.88123028518183,25.09642593673416,-123.69113062734446,ok,False,1999-03-28 10:30:00,0.34944444444444445,1.5499999523162842,-2.200000047683716,9.800000190734863,10.5266408013713,0.6016624875587298,2.7424203054281087,13.269061106799409,29.63578226615312,4.539356329418961,-3.615519094711653,3.615519094711653,3.615519094711653
34,in,1999-03-28 10:49:24.000,in,-4.977795891819695,-13.630070245137716,-20.483963409295026,24.604299864875774,-123.63987363016705,ok,False,1999-03-28 10:30:00,-0.3233333333333333,1.5499999523162842,-2.200000047683716,9.800000190734863,10.5266408013713,0.6016624875587298,2.7424203054281087,13.269061106799409,29.27098955997486,4.6666896950990875,-3.690963528956306,3.690963528956306,3.690963528956306
34,in,1999-03-28 11:09:07.000,out,-4.734724582363447,-13.442901890758467,-20.313936300397604,24.35913831113837,-123.49490184224904,ok,False,1999-03-28 11:30:00,0.34805555555555556,1.7799999713897705,-1.399999976158142,11.0,10.364465937694462,0.5979620770976743,2.6774870339044026,13.041952971598864,28.65239783591017,4.293259524771798,-3.3917374586468587,3.3917374586468587,3.3917374586468587
34,in,1999-03-28 11:11:37.000,in,-4.703843586726639,-13.416927512089227,-20.29354107682295,24.32779795422013,-123.47039507625949,ok,False,1999-03-28 11:30:00,0.3063888888888889,1.7799999713897705,-1.399999976158142,11.0,10.364465937694462,0.5979620770976743,2.6774870339044026,13.041952971598864,28.629318567764052,4.3015206135439215,-3.396671073216665,3.396671073216665,3.396671073216665
34,in,1999-03-28 11:12:32.000,out,-4.692514126902022,-13.40716579090106,-20.286185119383923,24.316278523709613,-123.46076713740908,ok,False,1999-03-28 11:30:00,0.2911111111111111,1.7799999713897705,-1.399999976158142,11.0,10.364465937694462,0.5979620770976743,2.6774870339044026,13.041952971598864,28.620845111634573,4.30456658792496,-3.398515462192743,3.398515462192743,3.398515462192743
34,in,1999-03-28 16:01:22.000,in,-1.050063508572963,-7.962021379435897,-18.666360450564557,20.29351612996119,-113.10037378463274,ok,False,1999-03-28 16:30:00,0.4772222222222222,2.640000104904175,3.4000000953674316,10.800000190734863,9.904219483617384,0.5691587334566697,2.5617018713433164,12.4659213549607,24.607913881674897,4.314397751713706,-3.202733001895704,3.202733001895704,3.202733001895704
34,in,1999-03-28 16:26:29.000,out,-0.7277012955569547,-7.359190179745702,-18.488725322226657,19.899513665977135,-111.70436800903138,ok,False,1999-03-28 16:30:00,0.058611111111111114,2.640000104904175,3.4000000953674316,10.800000190734863,9.904219483617384,0.5691587334566697,2.5617018713433164,12.4659213549607,24.329301222629486,4.42978755665235,-3.2632031178045358,3.2632031178045358,3.2632031178045358
34,in,1999-03-28 17:00:59.000,in,-0.28408816834838196,-6.536589982048216,-18.207303820187715,19.345100697438493,-109.74860607768476,ok,False,1999-03-28 17:30:00,0.4836111111111111,3.7799999713897705,2.0999999046325684,17.200000762939453,9.362112796223776,0.5833406321696609,2.372281393883164,11.73439419010694,22.5492388313565,3.2041381339180077,-2.352261042834891,2.352261042834891,2.352261042834891
34,in,1999-03-28 17:03:38.000,out,-0.24997771082356507,-6.4741806893438785,-18.183401397715123,19.301582888164933,-109.5982178223808,ok,False,1999-03-28 17:30:00,0.43944444444444447,3.7799999713897705,2.0999999046325684,17.200000762939453,9.362112796223776,0.5833406321696609,2.372281393883164,11.73439419010694,22.518941470477753,3.2173585823128192,-2.359809844814284,2.359809844814284,2.359809844814284
34,in,1999-03-28 17:38:49.000,in,0.20312460095398166,-5.658338090239781,-17.841858310457784,18.71760395760926,-107.59581955023897,ok,False,1999-03-28 17:30:00,-0.14694444444444443,3.7799999713897705,2.0999999046325684,17.200000762939453,9.362112796223776,0.5833406321696609,2.372281393883164,11.73439419010694,22.111603854709024,3.3939998970997642,-2.458518105561538,2.458518105561538,2.458518105561538
34,in,1999-03-28 17:45:11.000,out,0.2851536218490202,-5.514535185956741,-17.77388174377856,18.6097009798379,-107.23705729192196,ok,False,1999-03-28 17:30:00,-0.25305555555555553,3.7799999713897705,2.0999999046325684,17.200000762939453,9.362112796223776,0.5833406321696609,2.372281393883164,11.73439419010694,22.036865856969747,3.4271648771318475,-2.4766811871655805,2.4766811871655805,2.4766811871655805
34,in,1999-03-28 19:15:29.000,in,1.4474040687780865,-3.647153590670915,-16.617526087123313,17.013050948321045,-102.37879629974316,ok,False,1999-03-28 19:30:00,0.24194444444444443,4.090000152587891,4.099999904632568,11.699999809265137,9.275208106354453,0.5699367413915509,2.3870572949011533,11.662265401255606,20.805354270434776,3.7923033221137317,-2.642289678039333,2.642289678039333,2.642289678039333
34,in,1999-03-28 19:21:29.000,out,1.5244138118685422,-3.536747392339232,-16.52806685102482,16.90223582693023,-102.07824638837901,ok,False,1999-03-28 19:30:00,0.14194444444444446,4.090000152587891,4.099999904632568,11.699999809265137,9.275208106354453,0.5699367413915509,2.3870572949011533,11.662265401255606,20.730358259033874,3.828122432103644,-2.6598994013349295,2.6598994013349295,2.6598994013349295
34,in,1999-03-28 19:48:59.000,in,1.8766518856367715,-3.0578091088931716,-16.097189112741734,16.385044823795905,-100.75571065664154,ok,False,1999-03-28 19:30:00,-0.3163888888888889,4.090000152587891,4.099999904632568,11.699999809265137,9.275208106354453,0.5699367413915509,2.3870572949011533,11.662265401255606,20.383109166409064,3.9980643426131586,-2.7417199261667586,2.7417199261667586,2.7417199261667586
34,out,1999-04-02 21:18:07.000,out,-59.24658728691266,-21.792726212134134,7.121676448796992,22.926866144294294,161.90305103959355,ok,False,1999-04-02 21:30:00,0.19805555555555557,1.75,7.0,6.400000095367432,10.565309972485942,0.538131743601449,2.905724631503255,13.471034603989196,52.13173795038091,29.204871806086615,-28.382678113626373,28.382678113626373,28.382678113626373
35,in,1999-04-21 12:37:25.000,in,-6.4536348969640365,14.641110230241013,-22.581193818234578,26.9123098791379,-57.04158192513179,ok,False,1999-04-21 12:30:00,-0.12361111111111112,2.5299999713897705,-1.7999999523162842,9.699999809265137,9.80173106370171,0.6058015057092269,2.555725831274155,12.357456894975865,28.56754643883773,1.65523655969983,-1.352071664386625,1.352071664386625,1.352071664386625
35,in,1999-04-21 12:41:19.000,out,-6.500508641498134,14.665190494027039,-22.520586550244253,26.874609407266618,-56.92821001457813,ok,False,1999-04-21 12:30:00,-0.18861111111111112,2.5299999713897705,-1.7999999523162842,9.699999809265137,9.80173106370171,0.6058015057092269,2.555725831274155,12.357456894975865,28.600180795471694,1.7255713882050756,-1.4100456772410335,1.4100456772410335,1.4100456772410335
35,in,1999-04-21 12:49:41.000,in,-6.600970606223127,14.720336522916952,-22.387410608440536,26.79336599046187,-56.67398305431313,ok,False,1999-04-21 12:30:00,-0.32805555555555554,2.5299999713897705,-1.7999999523162842,9.699999809265137,9.80173106370171,0.6058015057092269,2.555725831274155,12.357456894975865,28.669950078634358,1.8765840881724891,-1.5345853719379552,1.5345853719379552,1.5345853719379552
35,out,1999-04-23 20:24:31.000,out,-3.8456878505258203,-18.353028353198997,18.19945498868636,25.846736962691192,135.24072383197662,ok,False,1999-04-23 20:30:00,0.0913888888888889,1.9199999570846558,1.600000023841858,9.800000190734863,10.363678211326127,0.5777050211050311,2.6999649842674565,13.063643195593583,28.01936001833364,2.172623055642447,-1.707726224839481,1.707726224839481,1.707726224839481
36,in,1999-05-05 19:46:51.000,in,-5.33414075143934,21.481523276811206,-16.224765072903963,26.920231127594466,-37.06336132461874,ok,False,1999-05-05 19:30:00,-0.2808333333333333,3.990000009536743,5.400000095367432,6.699999809265137,9.318703648401646,0.5602069978708385,2.5419954425414666,11.860699090943113,26.81057333634168,0.1096577912527863,0.08934474570698486,0.08934474570698486,0.08934474570698486
36,in,1999-05-05 19:57:58.000,out,-5.458102726013751,21.54893357090732,-15.967591648814599,26.820151399771593,-36.53815718773536,ok,False,1999-05-05 19:30:00,-0.4661111111111111,3.990000009536743,5.400000095367432,6.699999809265137,9.318703648401646,0.5602069978708385,2.5419954425414666,11.860699090943113,26.89946092697474,0.07930952720314721,-0.06461672644945922,0.06461672644945922,0.06461672644945922
36,in,1999-05-05 20:36:44.000,in,-5.888859130349105,21.71132348508284,-15.134682227522704,26.465830302524072,-34.87985321568577,ok,False,1999-05-05 20:30:00,-0.11222222222222222,4.110000133514404,4.199999809265137,7.0,9.269169876928922,0.5692775390776261,2.5104001750015836,11.779570051930506,27.04750918537126,0.5816788828471893,-0.47501484594518234,0.47501484594518234,0.47501484594518234
36,in,1999-05-05 20:40:29.000,out,-5.930431176451197,21.72189226834149,-15.058965599430639,26.431289197507358,-34.732104781760974,ok,False,1999-05-05 20:30:00,-0.17472222222222222,4.110000133514404,4.199999809265137,7.0,9.269169876928922,0.5692775390776261,2.5104001750015836,11.779570051930506,27.076727517802574,0.6454383202952165,-0.5273873717622185,0.5273873717622185,0.5273873717622185
36,in,1999-05-05 21:18:44.000,in,-6.352952482913959,21.767641728785126,-14.351917042522262,26.073123119952246,-33.39780194253783,ok,False,1999-05-05 21:30:00,0.18777777777777777,5.53000020980835,0.20000000298023224,20.799999237060547,8.794220974595305,0.6023483525867671,2.2189292164530845,11.013150191048389,25.874126059329235,0.19899706062301092,0.16458016185444976,0.16458016185444976,0.16458016185444976
36,in,1999-05-05 21:29:47.000,out,-6.474535259559292,21.763078700076537,-14.167605609750545,25.968300737999016,-33.06383407326927,ok,False,1999-05-05 21:30:00,0.003611111111111111,5.53000020980835,0.20000000298023224,20.799999237060547,8.794220974595305,0.6023483525867671,2.2189292164530845,11.013150191048389,25.956761876502632,0.01153886149638339,0.016424794126226817,0.016424794126226817,0.016424794126226817
36,in,1999-05-05 22:10:17.000,in,-6.918083044531096,21.68054799337116,-13.572409781324419,25.57843757083417,-32.04730043613476,ok,False,1999-05-05 22:30:00,0.32861111111111113,5.260000228881836,0.4000000059604645,17.600000381469727,8.867232009554009,0.6001974636467575,2.2455268507624013,11.11275886031641,26.45078398761136,0.8723464167771908,-0.7236047293652236,0.7236047293652236,0.7236047293652236
36,out,1999-05-08 06:39:20.000,out,-1.5579318618371485,-14.30415181227137,23.554480358828368,27.557617894929482,121.26944953258526,ok,False,1999-05-08 06:30:00,-0.15555555555555556,0.7699999809265137,-0.10000000149011612,6.699999809265137,11.842547952207969,0.5770574112203518,3.2304603792990942,15.073008331507063,30.000429792513053,2.442811897583571,-1.8443995067979968,1.8443995067979968,1.8443995067979968
37,in,1999-08-17 19:14:15.000,in,-1.0832752094323266,26.89212065610333,-3.364922819549577,27.101823904747533,-7.132164991112696,ok,False,1999-08-17 19:30:00,0.2625,1.850000023841858,3.0999999046325684,6.099999904632568,10.448663574788544,0.5665429962654083,2.9007233063047053,13.349386881093249,26.316496579793583,0.7853273249539505,0.5975300807014704,0.5975300807014704,0.5975300807014704
37,out,1999-08-19 13:42:08.500,out,2.810192809525509,-19.356034113975056,7.849481313609675,20.88708724341605,157.92589641449945,ok,False,1999-08-19 13:30:00,-0.2023611111111111,2.0,-0.5,5.900000095367432,10.23079103076167,0.5932068331165613,2.8602943471680553,13.091085377929726,22.166465170201757,1.2793779267857062,-0.8811622025207922,0.8811622025207922,0.8811622025207922
37,out,1999-08-19 13:52:31.000,in,2.9962411395237916,-19.491254218953355,7.7646698653003705,20.98092202799893,158.27930113915266,ok,False,1999-08-19 13:30:00,-0.37527777777777777,2.0,-0.5,5.900000095367432,10.23079103076167,0.5932068331165613,2.8602943471680553,13.091085377929726,21.973103112886964,0.9921810848880348,-0.6810271230199356,0.6810271230199356,0.6810271230199356
37,out,1999-08-19 15:53:30.000,out,5.148356027699879,-21.080322275292456,6.244332423204988,21.985715240621133,163.4998588540628,ok,False,1999-08-19 15:30:00,-0.39166666666666666,1.3799999952316284,-1.600000023841858,5.300000190734863,10.758681644430094,0.5957699784721666,3.086816252432173,13.845497896862268,21.052556456868086,0.9331587837530471,0.6110022169877946,0.6110022169877946,0.6110022169877946
37,out,1999-08-19 16:02:51.000,in,5.313180594385808,-21.198587873855253,6.093241439701532,22.05691998190271,163.9634334020258,ok,False,1999-08-19 16:30:00,0.4525,1.4299999475479126,-0.800000011920929,5.699999809265137,10.749098758733773,0.5906268992782243,3.0286243086404663,13.77772306737424,20.725608624593864,1.331311357308845,0.8687850414866272,0.8687850414866272,0.8687850414866272
37,out,1999-08-19 16:06:25.000,out,5.375988315088513,-21.243306010936443,6.034597246333705,22.08380434163794,164.14171405367478,ok,False,1999-08-19 16:30:00,0.39305555555555555,1.4299999475479126,-0.800000011920929,5.699999809265137,10.749098758733773,0.5906268992782243,3.0286243086404663,13.77772306737424,20.65100012029748,1.4328042213404615,0.933716125736324,0.933716125736324,0.933716125736324
38,in,1999-09-08 09:40:11.000,in,3.178288114685109,22.067232117908183,-11.112081649318622,24.707106101823463,-26.72780289308769,ok,False,1999-09-08 09:30:00,-0.16972222222222222,1.659999966621399,3.4000000953674316,6.099999904632568,10.625513624589095,0.5629654058663917,2.9498198302291048,13.5753334548182,22.71136353058395,1.9957425712395143,1.3959694551956545,1.3959694551956545,1.3959694551956545
38,in,1999-09-08 09:51:54.000,out,2.996583269987712,21.941499090151435,-11.11731162346939,24.59723561818368,-26.870406148883156,ok,False,1999-09-08 09:30:00,-0.365,1.659999966621399,3.4000000953674316,6.099999904632568,10.625513624589095,0.5629654058663917,2.9498198302291048,13.5753334548182,22.900989965030675,1.6962456531530066,1.189904245243887,1.189904245243887,1.189904245243887
38,in,1999-09-08 10:21:58.000,in,2.529512813410962,21.637256024818104,-11.081785861558755,24.310014935515174,-27.119811655702627,ok,False,1999-09-08 10:30:00,0.1338888888888889,1.5399999618530273,-0.20000000298023224,6.099999904632568,10.657658468136788,0.5874249188012718,2.958743775017728,13.616402243154516,23.458619799760456,0.8513951357547178,0.6013553097984374,0.6013553097984374,0.6013553097984374
38,in,1999-09-08 11:26:28.000,out,1.5240588616478354,21.076125033723205,-10.765508679404224,23.666415519961227,-27.057565769943597,ok,False,1999-09-08 11:30:00,0.058888888888888886,1.590000033378601,1.100000023841858,6.5,10.651388887175678,0.5786694795793419,2.921062709967875,13.572451597143553,24.36839238915293,0.7019768691917037,-0.5032777375731954,0.5032777375731954,0.5032777375731954
38,in,1999-09-08 11:34:42.000,in,1.3954215316188106,21.01302471172947,-10.702258892678483,23.581466301773286,-26.99044864152013,ok,False,1999-09-08 11:30:00,-0.07833333333333334,1.590000033378601,1.100000023841858,6.5,10.651388887175678,0.5786694795793419,2.921062709967875,13.572451597143553,24.492059178063293,0.9105928762900071,-0.653962964115154,0.653962964115154,0.653962964115154
38,out,1999-09-10 02:09:20.000,out,-3.5053277172534534,-21.502246961792803,3.8411263503128064,21.842638944161376,169.87161144665356,ok,False,1999-09-10 02:30:00,0.34444444444444444,4.320000171661377,-2.0,9.199999809265137,9.025858585319776,0.6148601695810443,2.364377833370157,11.390236418689934,24.547227971741837,2.704589027580461,-2.124047095034976,2.124047095034976,2.124047095034976
38,out,1999-09-10 02:22:41.000,in,-3.3174805121339075,-21.646087540242238,4.059275500660204,22.02341534344958,169.37872334774985,ok,False,1999-09-10 02:30:00,0.12194444444444444,4.320000171661377,-2.0,9.199999809265137,9.025858585319776,0.6148601695810443,2.364377833370157,11.390236418689934,24.40271295144215,2.3792976079925694,-1.865296620288549,1.865296620288549,1.865296620288549
38,out,1999-09-10 02:27:11.000,out,-3.2541087094315126,-21.693383001530858,4.135026128218994,22.08396040415219,169.2081755792984,ok,False,1999-09-10 02:30:00,0.04694444444444444,4.320000171661377,-2.0,9.199999809265137,9.025858585319776,0.6148601695810443,2.364377833370157,11.390236418689934,24.353704066928778,2.2697436627765875,-1.7783753456427125,1.7783753456427125,1.7783753456427125
39,in,1999-09-29 22:44:23.000,in,4.647755397167375,20.12715774474335,-2.3096937669367956,20.259248855246554,-6.5463467730494544,ok,False,1999-09-29 22:30:00,-0.23972222222222223,2.130000114440918,-3.9000000953674316,7.0,9.86469103299733,0.6183206305416189,2.6716871547701104,12.53637818776744,19.07816324457213,1.1810856106744225,0.7762268025505915,0.7762268025505915,0.7762268025505915
39,in,1999-09-29 22:48:16.000,out,4.574202857628292,20.098842237456214,-2.3106665488960276,20.231229304872727,-6.558226080623333,ok,False,1999-09-29 22:30:00,-0.30444444444444446,2.130000114440918,-3.9000000953674316,7.0,9.86469103299733,0.6183206305416189,2.6716871547701104,12.53637818776744,19.163995185734674,1.0672341191380532,0.7025949262086644,0.7025949262086644,0.7025949262086644
39,in,1999-09-29 22:58:22.000,in,4.382652557390143,20.023522267774776,-2.3188012386315373,20.157338197102103,-6.605649061043432,ok,False,1999-09-29 22:30:00,-0.4727777777777778,2.130000114440918,-3.9000000953674316,7.0,9.86469103299733,0.6183206305416189,2.6716871547701104,12.53637818776744,19.385491972708067,0.7718462243940358,0.5105118939561274,0.5105118939561274,0.5105118939561274
39,in,1999-09-29 23:00:14.000,out,4.347234104892537,20.009490315861683,-2.3206734666792106,20.143615068788208,-6.615530285942052,ok,False,1999-09-29 23:30:00,0.4961111111111111,2.190000057220459,-3.700000047683716,7.300000190734863,9.846870842309349,0.6172991834097448,2.650030395945659,12.496901238255008,19.3492630342864,0.7943520345018094,0.5258746233707544,0.5258746233707544,0.5258746233707544
39,in,1999-09-29 23:05:32.000,in,4.246535391338967,19.968709865309528,-2.3290538069331452,20.104075838508464,-6.652644468589044,ok,False,1999-09-29 23:30:00,0.4077777777777778,2.190000057220459,-3.700000047683716,7.300000190734863,9.846870842309349,0.6172991834097448,2.650030395945659,12.496901238255008,19.464382992644257,0.6396928458642073,0.4244733037567242,0.4244733037567242,0.4244733037567242
39,in,1999-09-29 23:07:02.000,out,4.21803575542758,19.957168228360803,-2.331425601344636,20.092887025753644,-6.663175001107532,ok,False,1999-09-29 23:30:00,0.3827777777777778,2.190000057220459,-3.700000047683716,7.300000190734863,9.846870842309349,0.6172991834097448,2.650030395945659,12.496901238255008,19.49682276049894,0.5960642652547037,0.3958728770371383,0.3958728770371383,0.3958728770371383
39,in,1999-09-29 23:10:25.000,in,4.153741366928043,19.931049767109258,-2.3370463092848675,20.067599016093776,-6.687767253597322,ok,False,1999-09-29 23:30:00,0.3263888888888889,2.190000057220459,-3.700000047683716,7.300000190734863,9.846870842309349,0.6172991834097448,2.650030395945659,12.496901238255008,19.569779522546334,0.4978194935474427,0.33106493720896873,0.33106493720896873,0.33106493720896873
39,in,1999-09-29 23:14:08.000,out,4.083019665008449,19.901688086986617,-2.3453403541696334,20.03940643054583,-6.72109652053552,ok,False,1999-09-29 23:30:00,0.2644444444444444,2.190000057220459,-3.700000047683716,7.300000190734863,9.846870842309349,0.6172991834097448,2.650030395945659,12.496901238255008,19.64967053668481,0.3897358938610225,0.2595900347852786,0.2595900347852786,0.2595900347852786
39,in,1999-09-29 23:15:58.000,in,4.048134520563806,19.887204747015808,-2.3494315870724325,20.025502276648687,-6.73757152579756,ok,False,1999-09-29 23:30:00,0.2338888888888889,2.190000057220459,-3.700000047683716,7.300000190734863,9.846870842309349,0.6172991834097448,2.650030395945659,12.496901238255008,19.688941493982586,0.33656078266610123,0.22439478737252155,0.22439478737252155,0.22439478737252155
39,in,1999-09-29 23:22:24.000,out,3.925652819088476,19.83587969685634,-2.3653206772329494,19.976407716461516,-6.800100320479917,ok,False,1999-09-29 23:30:00,0.12666666666666668,2.190000057220459,-3.700000047683716,7.300000190734863,9.846870842309349,0.6172991834097448,2.650030395945659,12.496901238255008,19.82611343750804,0.15029427895347425,0.1004606194167741,0.1004606194167741,0.1004606194167741
39,in,1999-09-29 23:25:37.000,in,3.8643560409388673,19.809795609848198,-2.3745530168888607,19.951604049147953,-6.8352960498014355,ok,False,1999-09-29 23:30:00,0.07305555555555555,2.190000057220459,-3.700000047683716,7.300000190734863,9.846870842309349,0.6172991834097448,2.650030395945659,12.496901238255008,19.894353147526537,0.05725090162141555,0.038475241517618254,0.038475241517618254,0.038475241517618254
39,out,1999-10-01 14:44:44.000,out,-5.886951850239841,-23.15963817172998,9.351004802310781,24.976191284066743,158.01296688721905,ok,False,1999-10-01 14:30:00,-0.24555555555555555,1.7899999618530273,-1.2000000476837158,11.800000190734863,10.367685522220082,0.5966218161348138,2.6669191032447603,13.034604625464842,29.481998267196737,4.505806983129993,-3.612005294039093,3.612005294039093,3.612005294039093
39,out,1999-10-01 14:46:17.000,in,-5.870513264384554,-23.189773200374592,9.334527540028597,24.997979627969215,158.07384584519485,ok,False,1999-10-01 14:30:00,-0.2713888888888889,1.7899999618530273,-1.2000000476837158,11.800000190734863,10.367685522220082,0.5966218161348138,2.6669191032447603,13.034604625464842,29.470190689712695,4.472211061743479,-3.5847151284011898,3.5847151284011898,3.5847151284011898
39,out,1999-10-01 14:47:37.000,out,-5.856372545369254,-23.21569580566028,9.320353550968655,25.01674483333126,158.1261299456356,ok,False,1999-10-01 14:30:00,-0.2936111111111111,1.7899999618530273,-1.2000000476837158,11.800000190734863,10.367685522220082,0.5966218161348138,2.6669191032447603,13.034604625464842,29.46002845298716,4.443283619655901,-3.5612219975102852,3.5612219975102852,3.5612219975102852
39,out,1999-10-01 14:52:24.000,in,-5.8056051450934,-23.308786733435415,9.267980955708712,25.08375988523559,158.31636689678888,ok,False,1999-10-01 14:30:00,-0.37333333333333335,1.7899999618530273,-1.2000000476837158,11.800000190734863,10.367685522220082,0.5966218161348138,2.6669191032447603,13.034604625464842,29.423504869380107,4.339744984144517,-3.477158021391019,3.477158021391019,3.477158021391019
39,out,1999-10-01 15:18:57.000,out,-5.523196624020629,-23.826344163670456,8.952116637412471,25.452604355851495,159.40762228841604,ok,False,1999-10-01 15:30:00,0.18416666666666667,1.9199999570846558,-1.399999976158142,11.699999809265137,10.24624945527484,0.5990337929875298,2.6369634219672453,12.883212877242086,28.926403271429905,3.47379891557841,-2.782966312444395,2.782966312444395,2.782966312444395
39,out,1999-10-01 15:24:54.000,in,-5.459755854154716,-23.94224856817091,8.875278494965263,25.53432659897799,159.6604946315949,ok,False,1999-10-01 15:30:00,0.085,1.9199999570846558,-1.399999976158142,11.699999809265137,10.24624945527484,0.5990337929875298,2.6369634219672453,12.883212877242086,28.880338542300617,3.346011943322626,-2.6795097777600465,2.6795097777600465,2.6795097777600465
39,out,1999-10-01 15:30:26.000,out,-5.40073823879376,-24.049996611335825,8.803053781826067,25.610468423888438,159.89578798226543,ok,False,1999-10-01 15:30:00,-0.007222222222222222,1.9199999570846558,-1.399999976158142,11.699999809265137,10.24624945527484,0.5990337929875298,2.6369634219672453,12.883212877242086,28.837395616947344,3.2269271930589056,-2.583173619791548,2.583173619791548,2.583173619791548
39,out,1999-10-01 15:48:06.000,in,-5.211984889778824,-24.392822630910764,8.559973117406823,25.851168942115553,160.66291608822692,ok,False,1999-10-01 15:30:00,-0.3016666666666667,1.9199999570846558,-1.399999976158142,11.699999809265137,10.24624945527484,0.5990337929875298,2.6369634219672453,12.883212877242086,28.699467032549492,2.8482980904339392,-2.277295236067412,2.277295236067412,2.277295236067412
39,out,1999-10-01 15:50:46.000,out,-5.183465640340773,-24.44441809899638,8.522224950028061,25.887408025861195,160.77956256287962,ok,False,1999-10-01 15:30:00,-0.3461111111111111,1.9199999570846558,-1.399999976158142,11.699999809265137,10.24624945527484,0.5990337929875298,2.6369634219672453,12.883212877242086,28.678548820269153,2.7911407944079585,-2.231181367951021,2.231181367951021,2.231181367951021
40,in,1999-10-13 19:48:13.000,in,6.869127482576153,14.83371087469767,3.621909869039154,15.269486219698656,13.721293446315494,ok,False,1999-10-13 19:30:00,-0.3036111111111111,3.0899999141693115,-2.299999952316284,8.399999618530273,9.474447044573456,0.6122400661547784,2.5048171653623377,11.979264209935794,15.088340263986113,0.18114595571254277,0.10351654074849656,0.10351654074849656,0.10351654074849656
40,in,1999-10-13 19:48:31.000,out,6.863148989423281,14.833407631172975,3.621009741403061,15.268978141967343,13.718282084037968,ok,False,1999-10-13 19:30:00,-0.3086111111111111,3.0899999141693115,-2.299999952316284,8.399999618530273,9.474447044573456,0.6122400661547784,2.5048171653623377,11.979264209935794,15.096971351518098,0.17200679044924527,0.09824703873617911,0.09824703873617911,0.09824703873617911
40,in,1999-10-13 19:49:57.000,in,6.834585077692889,14.831958800999429,3.616709131586173,15.26655124175212,13.70389169811858,ok,False,1999-10-13 19:30:00,-0.3325,3.0899999141693115,-2.299999952316284,8.399999618530273,9.474447044573456,0.6122400661547784,2.5048171653623377,11.979264209935794,15.138134655261121,0.1284165864909994,0.0734662788818614,0.0734662788818614,0.0734662788818614
40,in,1999-10-13 19:52:55.000,out,6.775230952865032,14.82895110166958,3.606570625401993,15.261230043863435,13.66958699036765,ok,False,1999-10-13 19:30:00,-0.3819444444444444,3.0899999141693115,-2.299999952316284,8.399999618530273,9.474447044573456,0.6122400661547784,2.5048171653623377,11.979264209935794,15.223281075362562,0.03794896850087248,0.02194336833996986,0.02194336833996986,0.02194336833996986
40,in,1999-10-13 19:54:59.000,in,6.733880347416489,14.826855743474963,3.5994930703789887,15.257522787186748,13.645621369526229,ok,False,1999-10-13 19:30:00,-0.41638888888888886,3.0899999141693115,-2.299999952316284,8.399999618530273,9.474447044573456,0.6122400661547784,2.5048171653623377,11.979264209935794,15.282294297581586,0.024771510394838714,-0.014470522073962946,0.014470522073962946,0.014470522073962946
40,in,1999-10-13 20:01:50.000,out,6.5966780816061625,14.81990150133862,3.5752307791365663,15.245056760585188,13.56317573077023,ok,False,1999-10-13 20:30:00,0.46944444444444444,3.1500000953674316,-2.700000047683716,8.5,9.415249025370997,0.6153923046742494,2.4859561023128682,11.901205127683866,15.314985591310203,0.06992883072501499,-0.04085371311383909,0.04085371311383909,0.04085371311383909
40,in,1999-10-13 20:05:20.000,in,6.526371979604804,14.8163354548761,3.5617104117649707,15.238424372903308,13.516901928471889,ok,False,1999-10-13 20:30:00,0.4111111111111111,3.1500000953674316,-2.700000047683716,8.5,9.415249025370997,0.6153923046742494,2.4859561023128682,11.901205127683866,15.413814938708107,0.17539056580479873,-0.10171973173387973,0.10171973173387973,0.10171973173387973
40,in,1999-10-13 20:06:31.000,out,6.502601821309106,14.815129791548296,3.557139239939336,15.2361842438564,13.501247867217904,ok,False,1999-10-13 20:30:00,0.3913888888888889,3.1500000953674316,-2.700000047683716,8.5,9.415249025370997,0.6153923046742494,2.4859561023128682,11.901205127683866,15.447071890260549,0.21088764640414936,-0.12255377009874413,0.12255377009874413,0.12255377009874413
40,in,1999-10-13 20:17:17.000,in,6.285758151740736,14.804104525436927,3.5122582520511587,15.21504087504084,13.346601594267447,ok,False,1999-10-13 20:30:00,0.21194444444444444,3.1500000953674316,-2.700000047683716,8.5,9.415249025370997,0.6153923046742494,2.4859561023128682,11.901205127683866,15.746901651052793,0.5318607760119534,-0.31137067255070583,0.31137067255070583,0.31137067255070583
40,in,1999-10-13 20:18:38.000,out,6.258534671098075,14.802718776543058,3.506433480287574,15.212348895851095,13.3264605285427,ok,False,1999-10-13 20:30:00,0.18944444444444444,3.1500000953674316,-2.700000047683716,8.5,9.415249025370997,0.6153923046742494,2.4859561023128682,11.901205127683866,15.784101174762451,0.5717522789113563,-0.33512450687575635,0.33512450687575635,0.33512450687575635
40,in,1999-10-13 20:24:58.000,in,6.1304371701264335,14.796163244494657,3.4768017697548954,15.199164362026796,13.223462786420455,ok,False,1999-10-13 20:30:00,0.08388888888888889,3.1500000953674316,-2.700000047683716,8.5,9.415249025370997,0.6153923046742494,2.4859561023128682,11.901205127683866,15.957857602178281,0.7586932401514854,-0.44694134583190204,0.44694134583190204,0.44694134583190204
40,in,1999-10-13 20:33:48.500,out,5.951170627323488,14.786932943103485,3.4327361428467875,15.18015359903337,13.06952114372186,ok,False,1999-10-13 20:30:00,-0.06347222222222222,3.1500000953674316,-2.700000047683716,8.5,9.415249025370997,0.6153923046742494,2.4859561023128682,11.901205127683866,16.19756942246834,1.0174158234349715,-0.6036566234339226,0.6036566234339226,0.6036566234339226
40,in,1999-10-13 20:38:42.000,in,5.851779951171439,14.781784217333115,3.4070314412057296,15.169344346054077,12.979345059730056,ok,False,1999-10-13 20:30:00,-0.145,3.1500000953674316,-2.700000047683716,8.5,9.415249025370997,0.6153923046742494,2.4859561023128682,11.901205127683866,16.328795307412182,1.1594509613581057,-0.6905701064341131,0.6905701064341131,0.6905701064341131
40,out,1999-10-15 21:52:32.000,out,-12.501591965056523,-31.26612987628465,-7.595428968531394,32.17547853034521,-166.3457289324155,ok,False,1999-10-15 21:30:00,-0.37555555555555553,1.4600000381469727,3.0999999046325684,8.5,10.830271956119732,0.563370746513233,2.859571805957929,13.689843762077661,35.10237842937193,2.926899899026722,-2.499059000779608,2.499059000779608,2.499059000779608
41,in,1999-10-29 17:37:19.000,in,7.178369717923243,14.687264352614669,0.9329802295169302,14.716867406899304,3.6347205645205327,ok,False,1999-10-29 17:30:00,-0.12194444444444444,3.75,2.0999999046325684,9.199999809265137,9.373422475282268,0.583232526520957,2.4554242805684106,11.828846755850678,14.315308130776636,0.4015592761226685,0.22354891136183186,0.22354891136183186,0.22354891136183186
41,in,1999-10-29 17:47:33.000,out,6.977607083302429,14.7016668507923,0.9223366410672031,14.730570697401385,3.5898533256310574,ok,False,1999-10-29 17:30:00,-0.2925,3.75,2.0999999046325684,9.199999809265137,9.373422475282268,0.583232526520957,2.4554242805684106,11.828846755850678,14.614712056996346,0.11585864040503857,0.06517945329305752,0.06517945329305752,0.06517945329305752
41,in,1999-10-29 18:27:55.000,in,6.176809943897969,14.750910187628945,0.863347131811686,14.776153749657007,3.349608856979762,ok,False,1999-10-29 18:30:00,0.034722222222222224,4.190000057220459,-1.5,11.0,9.098095289940645,0.6108042349948521,2.350341283234666,11.44843657317531,14.96853522559604,0.1923814759390332,-0.11225636377617351,0.11225636377617351,0.11225636377617351
41,in,1999-10-29 18:30:00.000,out,6.135175723854204,14.753173858763393,0.8595927470421957,14.778194700221915,3.334565002899352,ok,False,1999-10-29 18:30:00,0.0,4.190000057220459,-1.5,11.0,9.098095289940645,0.6108042349948521,2.350341283234666,11.44843657317531,15.02612966111563,0.24793496089371558,-0.14488082284706041,0.14488082284706041,0.14488082284706041
41,in,1999-10-29 18:52:39.000,in,5.679449209205763,14.774648911960679,0.8095584888414292,14.796811663955046,3.1363146220736993,ok,False,1999-10-29 18:30:00,-0.3775,4.190000057220459,-1.5,11.0,9.098095289940645,0.6108042349948521,2.350341283234666,11.44843657317531,15.641321415941112,0.8445097519860667,-0.5035011694022606,0.5035011694022606,0.5035011694022606
41,in,1999-10-29 19:11:38.000,out,5.294492603757082,14.789284054684922,0.7570364190302198,14.808647034415257,2.9303086544960624,ok,False,1999-10-29 19:30:00,0.3061111111111111,5.25,-3.0999999046325684,10.5,8.681268901852954,0.6256461393144765,2.24977964104084,10.931048542893794,15.10280530504905,0.2941582706337922,-0.1782725407591011,0.1782725407591011,0.1782725407591011
41,in,1999-10-29 19:49:46.000,in,4.513215273111187,14.808140462447794,0.6163807140968358,14.820963165067717,2.3835294270897065,ok,False,1999-10-29 19:30:00,-0.32944444444444443,5.25,-3.0999999046325684,10.5,8.681268901852954,0.6256461393144765,2.24977964104084,10.931048542893794,16.085957469463015,1.264994304395298,-0.7905973524053674,0.7905973524053674,0.7905973524053674
41,out,1999-11-01 05:39:54.000,out,-21.583757061587036,-33.93108318648395,-0.9684804897592644,33.94490183616883,-178.36507479397693,ok,False,1999-11-01 05:30:00,-0.165,3.119999885559082,4.5,5.800000190734863,9.666780051418723,0.5634784331531242,2.7128585972955372,12.37963864871426,37.12896476228183,3.1840629261130005,-2.885668807015934,2.885668807015934,2.885668807015934
41,out,1999-11-01 05:55:19.000,in,-21.560545473542536,-34.10017316432736,-0.46234319168077365,34.10330733321924,-179.22320950144456,ok,False,1999-11-01 05:30:00,-0.42194444444444446,3.119999885559082,4.5,5.800000190734863,9.666780051418723,0.5634784331531242,2.7128585972955372,12.37963864871426,37.118291430622016,3.014984097402774,-2.732508793982112,2.732508793982112,2.732508793982112
41,out,1999-11-01 06:10:19.000,out,-21.53764179925298,-34.257718544476404,0.022009150148272018,34.257725614454515,179.96318986510937,ok,False,1999-11-01 06:30:00,0.32805555555555554,3.4200000762939453,2.799999952316284,6.400000095367432,9.515946675659476,0.5769381741994043,2.6171234653354185,12.133070140994896,36.565070992032766,2.307345377578251,-2.0960744901643342,2.0960744901643342,2.0960744901643342
41,out,1999-11-01 06:36:31.000,in,-21.496764921538343,-34.515243185000074,0.8385669405129985,34.525428406225686,178.60824111486158,ok,False,1999-11-01 06:30:00,-0.10861111111111112,3.4200000762939453,2.799999952316284,6.400000095367432,9.515946675659476,0.5769381741994043,2.6171234653354185,12.133070140994896,36.546442478621,2.0210140723953174,-1.8359791470175002,1.8359791470175002,1.8359791470175002
41,out,1999-11-01 07:40:02.000,out,-21.393460135714598,-35.07244451139366,2.613012149190902,35.169648796890286,175.73914849247132,ok,False,1999-11-01 07:30:00,-0.16722222222222222,2.509999990463257,1.2999999523162842,8.5,9.944481964909619,0.5835093464595726,2.62569216792789,12.570174132837508,37.45876429292047,2.2891154960301847,-2.0716315318578333,2.0716315318578333,2.0716315318578333
42,in,1999-11-14 07:29:38.000,in,13.452140964249466,11.267488052001738,2.6021446492983373,11.564058274579642,13.004055540785311,ok,False,1999-11-14 07:30:00,0.006111111111111111,1.3200000524520874,-1.7000000476837158,5.800000190734863,10.824377319519057,0.5958439262979104,3.0377235144931642,13.862100834012221,4.643609205313713,6.920449069265929,1.9760024852044413,1.9760024852044413,1.9760024852044413
42,in,1999-11-14 07:52:00.000,out,13.115026431261798,11.465555203155963,2.140272772857722,11.663606803165685,10.573696302514339,ok,False,1999-11-14 07:30:00,-0.36666666666666664,1.3200000524520874,-1.7000000476837158,5.800000190734863,10.824377319519057,0.5958439262979104,3.0377235144931642,13.862100834012221,6.26472951007779,5.398877293087895,1.7038904576598333,1.7038904576598333,1.7038904576598333
42,in,1999-11-14 09:44:20.000,in,11.322202491503244,12.221719631240875,0.06900832080750012,12.221914452858817,0.32350959072040825,ok,False,1999-11-14 09:30:00,-0.2388888888888889,1.7000000476837158,-2.700000047683716,8.100000381469727,10.337532958410874,0.6065270389706726,2.744382186664285,13.081915145075158,9.321438316795634,2.900476136063183,1.1486769543185744,1.1486769543185744,1.1486769543185744
42,in,1999-11-14 09:56:52.000,out,11.111790963607445,12.287676251049138,-0.13092851901710403,12.288373770669942,-0.6104789485138498,ok,False,1999-11-14 09:30:00,-0.4477777777777778,1.7000000476837158,-2.700000047683716,8.100000381469727,10.337532958410874,0.6065270389706726,2.744382186664285,13.081915145075158,9.8590022837133,2.429371486956642,0.9883317593963562,0.9883317593963562,0.9883317593963562
42,in,1999-11-14 10:11:13.000,in,10.868368381480188,12.36011747798726,-0.35148598295400757,12.365114090288825,-1.6288872290178305,ok,False,1999-11-14 10:30:00,0.31305555555555553,1.600000023841858,-2.200000047683716,8.600000381469727,10.476124881319603,0.6021161644109526,2.7626184453738114,13.238743326693413,10.871036572052402,1.4940775182364234,0.6309024811016793,0.6309024811016793,0.6309024811016793
42,out,1999-11-18 04:40:08.000,out,-30.45507770106506,-42.64868325588773,-1.074874945524081,42.66222614455971,-178.55627985298926,ok,False,1999-11-18 02:30:00,-2.168888888888889,1.840000033378601,2.5999999046325684,8.600000381469727,10.449913601208918,0.5700215920772129,2.7557063698944746,13.205619971103392,42.7640534709855,0.1018273264257914,-0.09721408604596037,0.09721408604596037,0.09721408604596037
42,out,1999-11-18 08:16:15.000,in,-30.27600905780371,-43.71902770190334,6.80405450604309,44.24532224903552,171.15394128701502,ok,False,1999-11-18 09:30:00,1.2291666666666667,1.4800000190734863,-0.5,6.599999904632568,10.708350775503753,0.5889901575776918,2.9286936875845377,13.63704446308829,43.69462792623581,0.550694322799707,0.5120309211301699,0.5120309211301699,0.5120309211301699
42,out,1999-11-18 08:56:37.000,out,-30.237855747252446,-43.87145216388625,7.658247709003065,44.53485233994394,170.09815775265886,ok,False,1999-11-18 09:30:00,0.5563888888888889,1.4800000190734863,-0.5,6.599999904632568,10.708350775503753,0.5889901575776918,2.9286936875845377,13.63704446308829,43.67928298315713,0.855569356786809,0.7945232110632849,0.7945232110632849,0.7945232110632849
43,in,1999-11-30 12:17:23.000,in,12.272932804564311,10.351939747710231,0.4853404538554298,10.363310855917213,2.684290302194137,ok,False,1999-11-30 12:30:00,0.21027777777777779,2.9600000381469727,-2.5,4.599999904632568,9.520840678937232,0.6130616142927443,2.8524741128539675,12.373314791791199,2.1720740274724064,8.191236828444806,2.0248148989252677,2.0248148989252677,2.0248148989252677
43,in,1999-11-30 12:17:46.000,out,12.267211154212958,10.355473329534169,0.48095472679103,10.366636162609167,2.6591626113032754,ok,False,1999-11-30 12:30:00,0.2038888888888889,2.9600000381469727,-2.5,4.599999904632568,9.520840678937232,0.6130616142927443,2.8524741128539675,12.373314791791199,2.2330931630844084,8.133542999524758,2.020796689072059,2.020796689072059,2.020796689072059
43,in,1999-11-30 12:32:03.000,in,12.051750726701068,10.486608540087111,0.3228234305302037,10.491576318186283,1.7632564879454218,ok,False,1999-11-30 12:30:00,-0.034166666666666665,2.9600000381469727,-2.5,4.599999904632568,9.520840678937232,0.6130616142927443,2.8524741128539675,12.373314791791199,3.8858518083714046,6.605724509814879,1.8702713144654302,1.8702713144654302,1.8702713144654302
43,in,1999-11-30 12:34:52.000,out,12.008803874844777,10.512374880599982,0.29270955947825467,10.516449235197184,1.5949478944675353,ok,False,1999-11-30 12:30:00,-0.0811111111111111,2.9600000381469727,-2.5,4.599999904632568,9.520840678937232,0.6130616142927443,2.8524741128539675,12.373314791791199,4.13685226446107,6.379596970736114,1.8404075948931449,1.8404075948931449,1.8404075948931449
43,in,1999-11-30 13:00:08.000,in,11.618685303804472,10.74278349130489,0.033944203675162404,10.742837118285653,0.18103810234500822,ok,False,1999-11-30 13:30:00,0.49777777777777776,4.300000190734863,6.699999809265137,5.699999809265137,9.218986795663032,0.5517621059958302,2.5975059060364956,11.816492701699527,2.979034488537646,7.763802629748007,2.1747657650983427,2.1747657650983427,2.1747657650983427
43,in,1999-11-30 13:13:39.000,out,11.405530224624108,10.86554844613715,-0.09409941637023012,10.865955905281167,-0.49618890892447737,ok,False,1999-11-30 13:30:00,0.2725,4.300000190734863,6.699999809265137,5.699999809265137,9.218986795663032,0.5517621059958302,2.5975059060364956,11.816492701699527,4.291995374181133,6.573960531100034,2.0311080941016395,2.0311080941016395,2.0311080941016395
43,in,1999-11-30 13:54:20.000,in,10.747060238033306,11.234113579497482,-0.4405903447692641,11.242750009181634,-2.245930325453412,ok,False,1999-11-30 13:30:00,-0.40555555555555556,4.300000190734863,6.699999809265137,5.699999809265137,9.218986795663032,0.5517621059958302,2.5975059060364956,11.816492701699527,6.913976795317589,4.328773213864046,1.5942571412666686,1.5942571412666686,1.5942571412666686
43,out,1999-12-05 17:41:56.000,out,-43.59021786599327,-45.027599294342934,-4.240279786872911,45.22681362734805,-174.62028252301,ok,False,1999-12-05 17:30:00,-0.1988888888888889,1.899999976158142,-1.0,10.100000381469727,10.285602901932819,0.5960424373716156,2.673228288271853,12.958831190204672,46.659354541890735,1.4325409145426846,-1.3731682051180651,1.3731682051180651,1.3731682051180651
43,out,1999-12-05 18:03:54.000,in,-43.583720493170674,-45.071989269368345,-4.952265653804425,45.34323711209761,-173.72980202989984,ok,False,1999-12-05 18:30:00,0.435,1.9199999570846558,-0.699999988079071,10.0,10.284759139882967,0.5940570796330331,2.675076240929155,12.959835380812121,46.660032829281874,1.316795717184263,-1.2618439650342592,1.2618439650342592,1.2618439650342592
43,out,1999-12-05 18:04:48.000,out,-43.583445701325054,-45.073604357685845,-4.980997676725445,45.34798945541843,-173.69394003960778,ok,False,1999-12-05 18:30:00,0.42,1.9199999570846558,-0.699999988079071,10.0,10.284759139882967,0.5940570796330331,2.675076240929155,12.959835380812121,46.65995108406639,1.311961628647964,-1.2572007416254705,1.2572007416254705,1.2572007416254705
43,out,1999-12-05 18:11:10.000,in,-43.58149246999029,-45.08483231728423,-5.183681580507816,45.38185386038931,-173.44115084484676,ok,False,1999-12-05 18:30:00,0.3138888888888889,1.9199999570846558,-0.699999988079071,10.0,10.284759139882967,0.5940570796330331,2.675076240929155,12.959835380812121,46.65937002284597,1.2775161624566564,-1.2241413225591682,1.2241413225591682,1.2241413225591682
43,out,1999-12-05 18:14:42.000,out,-43.58038539049722,-45.09057551300109,-5.294759465802179,45.40037971090501,-173.30271456492525,ok,False,1999-12-05 18:30:00,0.255,1.9199999570846558,-0.699999988079071,10.0,10.284759139882967,0.5940570796330331,2.675076240929155,12.959835380812121,46.65904067081306,1.258660959908056,-1.206065065971818,1.206065065971818,1.206065065971818
43,out,1999-12-05 18:49:09.000,in,-43.569133186003654,-45.13860192899702,-6.344287846698947,45.58227037331758,-171.99941365877987,ok,False,1999-12-05 18:30:00,-0.31916666666666665,1.9199999570846558,-0.699999988079071,10.0,10.284759139882967,0.5940570796330331,2.675076240929155,12.959835380812121,46.655692766737545,1.0734223934199676,-1.029377061108468,1.029377061108468,1.029377061108468
43,out,1999-12-05 19:11:02.000,out,-43.56149073887115,-45.16279535977417,-6.9683098228092675,45.6972146470165,-171.22882075686113,ok,False,1999-12-05 19:30:00,0.3161111111111111,1.809999942779541,-0.800000011920929,9.300000190734863,10.372074024968763,0.5939388524545972,2.7143434985751873,13.08641752354395,46.981930936922026,1.2847162899055249,-1.23029601947451,1.23029601947451,1.23029601947451
43,out,1999-12-05 19:42:17.000,in,-43.54991840971161,-45.19438737248117,-7.789085772812635,45.86068585564457,-170.22134804030966,ok,False,1999-12-05 19:30:00,-0.20472222222222222,1.809999942779541,-0.800000011920929,9.300000190734863,10.372074024968763,0.5939388524545972,2.7143434985751873,13.08641752354395,46.97845723510283,1.1177713794582615,-1.071091433079438,1.071091433079438,1.071091433079438
43,out,1999-12-05 20:26:32.000,out,-43.532222164018734,-45.24629426383032,-8.783477808375165,46.090960361217725,-169.01404627448846,ok,False,1999-12-05 20:30:00,0.057777777777777775,2.0199999809265137,0.5,9.899999618530273,10.254252214792787,0.5862280570372679,2.6692661050658755,12.923518319858662,46.55027611042317,0.4593157492054445,-0.44038995410281767,0.44038995410281767,0.44038995410281767
43,out,1999-12-05 20:31:07.000,in,-43.530306886315756,-45.252791400388794,-8.87459848924485,46.11478751845669,-168.9044455192196,ok,False,1999-12-05 20:30:00,-0.01861111111111111,2.0199999809265137,0.5,9.899999618530273,10.254252214792787,0.5862280570372679,2.6692661050658755,12.923518319858662,46.54970715245145,0.43491963399475964,-0.41717460174491,0.41717460174491,0.41717460174491
43,out,1999-12-05 20:32:11.000,out,-43.5298548598547,-45.25442356420772,-8.894831999222646,46.12028716761328,-168.88016926156035,ok,False,1999-12-05 20:30:00,-0.03638888888888889,2.0199999809265137,0.5,9.899999618530273,10.254252214792787,0.5862280570372679,2.6692661050658755,12.923518319858662,46.54957286895646,0.4292857013431828,-0.4118241251940497,0.4118241251940497,0.4118241251940497
43,out,1999-12-05 21:03:40.000,in,-43.516194295327395,-45.31014948585506,-9.439998658975922,46.2830770488739,-168.23124546871935,ok,False,1999-12-05 21:30:00,0.4388888888888889,1.9500000476837158,-0.20000000298023224,9.300000190734863,10.283226173799159,0.5907186242955776,2.691092258118936,12.974318431918094,46.67755988230053,0.39448283342662904,-0.3792967460037865,0.3792967460037865,0.3792967460037865
43,out,1999-12-05 21:04:56.000,out,-43.51562799985513,-45.31282943433383,-9.45912754055689,46.289605800584994,-168.2087426523288,ok,False,1999-12-05 21:30:00,0.4177777777777778,1.9500000476837158,-0.20000000298023224,9.300000190734863,10.283226173799159,0.5907186242955776,2.691092258118936,12.974318431918094,46.67739102708553,0.38778522650053304,-0.3730153526972189,0.3730153526972189,0.3730153526972189
43,out,1999-12-05 21:09:56.500,in,-43.513388897362795,-45.32342580956897,-9.534762131544799,46.31549002246055,-168.11982993462786,ok,False,1999-12-05 21:30:00,0.3343055555555556,1.9500000476837158,-0.20000000298023224,9.300000190734863,10.283226173799159,0.5907186242955776,2.691092258118936,12.974318431918094,46.676723363685305,0.3612333412247537,-0.3482128137033735,0.3482128137033735,0.3482128137033735
43,out,1999-12-05 21:10:15.000,out,-43.51324911447461,-45.32413788609015,-9.539076411943848,46.317075187345495,-168.11478867896847,ok,False,1999-12-05 21:30:00,0.32916666666666666,1.9500000476837158,-0.20000000298023224,9.300000190734863,10.283226173799159,0.5907186242955776,2.691092258118936,12.974318431918094,46.67668168174206,0.3596064943965658,-0.3466984627438132,0.3466984627438132,0.3466984627438132
43,out,1999-12-05 21:17:13.000,in,-43.51008057717982,-45.340541817932724,-9.63475229436844,46.352919909295295,-168.00323712697656,ok,False,1999-12-05 21:30:00,0.21305555555555555,1.9500000476837158,-0.20000000298023224,9.300000190734863,10.283226173799159,0.5907186242955776,2.691092258118936,12.974318431918094,46.67573682238667,0.3228169130913727,-0.3126559489338789,0.3126559489338789,0.3126559489338789
43,out,1999-12-05 21:19:50.000,out,-43.50889048063608,-45.34670310333771,-9.67068797269538,46.36642846076774,-167.96138319784507,ok,False,1999-12-05 21:30:00,0.16944444444444445,1.9500000476837158,-0.20000000298023224,9.300000190734863,10.283226173799159,0.5907186242955776,2.691092258118936,12.974318431918094,46.67538191952227,0.3089534587545302,-0.2999459849355994,0.2999459849355994,0.2999459849355994
43,out,1999-12-05 21:41:23.000,in,-43.49882563464378,-45.40655736716509,-9.918113534426944,46.4771387675644,-167.67846039097867,ok,False,1999-12-05 21:30:00,-0.1897222222222222,1.9500000476837158,-0.20000000298023224,9.300000190734863,10.283226173799159,0.5907186242955776,2.691092258118936,12.974318431918094,46.67238010799859,0.19524134043419394,-0.18918227043362765,0.18918227043362765,0.18918227043362765
43,out,1999-12-05 21:59:48.000,out,-43.48994815409318,-45.46830708914283,-10.076552441538846,46.57149190931808,-167.50423819997445,ok,False,1999-12-05 21:30:00,-0.49666666666666665,1.9500000476837158,-0.20000000298023224,9.300000190734863,10.283226173799159,0.5907186242955776,2.691092258118936,12.974318431918094,46.669731922263054,0.0982400129449772,-0.09462488101685178,0.09462488101685178,0.09462488101685178
43,out,1999-12-05 22:14:08.000,in,-43.48284742047312,-45.52446109848431,-10.161390231881704,46.64472542262407,-167.4174209370408,ok,False,1999-12-05 22:30:00,0.2644444444444444,1.7799999713897705,1.2000000476837158,8.699999809265137,10.473439846425586,0.5795102122179646,2.758585431037431,13.232025277463018,47.334663847777826,0.6899384251537555,-0.6601047875389175,0.6601047875389175,0.6601047875389175
43,out,1999-12-05 22:19:33.000,out,-43.48013391400023,-45.54701173587395,-10.187261642076614,46.67237488956358,-167.39245430909503,ok,False,1999-12-05 22:30:00,0.17416666666666666,1.7799999713897705,1.2000000476837158,8.699999809265137,10.473439846425586,0.5795102122179646,2.758585431037431,13.232025277463018,47.33384033671478,0.6614654471512011,-0.6329087173583409,0.6329087173583409,0.6329087173583409
43,out,1999-12-05 22:48:13.000,in,-43.46535602721623,-45.68572504600421,-10.23548147151258,46.81827158207331,-167.3719191506182,ok,False,1999-12-05 22:30:00,-0.3036111111111111,1.7799999713897705,1.2000000476837158,8.699999809265137,10.473439846425586,0.5795102122179646,2.758585431037431,13.232025277463018,47.32935468550621,0.5110831034329024,-0.4903275565073428,0.4903275565073428,0.4903275565073428
43,out,1999-12-05 23:22:33.000,out,-43.44683792932968,-45.891375873731576,-10.111666729441783,46.992171514321534,-167.57404803926102,ok,False,1999-12-05 23:30:00,0.12416666666666666,1.7699999809265137,1.2000000476837158,8.699999809265137,10.48238387466839,0.5794329253256926,2.760941186774531,13.24332506144292,47.3528732354486,0.36070172112706445,-0.34579067515653167,0.34579067515653167,0.34579067515653167
43,out,1999-12-05 23:26:33.000,in,-43.444621261397145,-45.918215659477745,-10.083674522513837,47.012370938150966,-167.61440267546342,ok,False,1999-12-05 23:30:00,0.0575,1.7699999809265137,1.2000000476837158,8.699999809265137,10.48238387466839,0.5794329253256926,2.760941186774531,13.24332506144292,47.35219954505776,0.3398286069067922,-0.3261413307551697,0.3261413307551697,0.3261413307551697
43,out,1999-12-05 23:29:11.000,out,-43.44316195500823,-45.93588518509397,-10.065246319619606,47.02568161348384,-167.64095054510864,ok,False,1999-12-05 23:30:00,0.01361111111111111,1.7699999809265137,1.2000000476837158,8.699999809265137,10.48238387466839,0.5794329253256926,2.760941186774531,13.24332506144292,47.35175601622273,0.32607440273888955,-0.31324049083590566,0.31324049083590566,0.31324049083590566
43,out,1999-12-05 23:31:00.000,in,-43.44214767011569,-45.94843548442306,-10.050766379018235,47.03484483095263,-167.66145285023356,ok,False,1999-12-05 23:30:00,-0.016666666666666666,1.7699999809265137,1.2000000476837158,8.699999809265137,10.48238387466839,0.5794329253256926,2.760941186774531,13.24332506144292,47.35144773585269,0.3166029049000585,-0.3043802659087186,0.3043802659087186,0.3043802659087186
43,out,1999-12-06 00:09:44.000,out,-43.41994500276194,-46.2426729788914,-9.605307581713078,47.22972303509737,-168.2656566558342,ok,False,1999-12-06 00:30:00,0.3377777777777778,1.9199999570846558,2.5999999046325684,8.899999618530273,10.382744964844239,0.5705954313250607,2.728440951174876,13.111185916019116,47.00347403767429,0.22624899742308457,0.2183411222076041,0.2183411222076041,0.2183411222076041
43,out,1999-12-06 00:17:17.000,in,-43.41547908564982,-46.305997967248885,-9.48536963203752,47.26751193789702,-168.42361345974277,ok,False,1999-12-06 00:30:00,0.21194444444444444,1.9199999570846558,2.5999999046325684,8.899999618530273,10.382744964844239,0.5705954313250607,2.728440951174876,13.111185916019116,47.00212761894609,0.26538431895092884,0.2563530871526738,0.2563530871526738,0.2563530871526738
43,out,1999-12-06 00:52:07.000,out,-43.394353880084765,-46.6171063487403,-8.805980412865566,47.441541873779094,-169.3028638686417,ok,False,1999-12-06 00:30:00,-0.3686111111111111,1.9199999570846558,2.5999999046325684,8.899999618530273,10.382744964844239,0.5705954313250607,2.728440951174876,13.111185916019116,46.99575701532285,0.4457848584562427,0.4282699459465447,0.4282699459465447,0.4282699459465447
43,out,1999-12-06 00:59:43.000,in,-43.389629486042175,-46.68861475969417,-8.629910797763277,47.479491452167885,-169.5276612003202,ok,False,1999-12-06 00:30:00,-0.49527777777777776,1.9199999570846558,2.5999999046325684,8.899999618530273,10.382744964844239,0.5705954313250607,2.728440951174876,13.111185916019116,46.9943319426418,0.4851595095260848,0.46541821467602834,0.46541821467602834,0.46541821467602834
43,out,1999-12-06 01:25:02.000,out,-43.373557032578475,-46.93422864880675,-7.963629042080601,47.60505442049554,-170.36997804784357,ok,False,1999-12-06 01:30:00,0.08277777777777778,1.9700000286102295,2.200000047683716,8.899999618530273,10.335573375432064,0.5737876255752524,2.716044913641451,13.051618289073515,46.83534298812724,0.7697114323683039,0.7386477823938594,0.7386477823938594,0.7386477823938594
43,out,1999-12-06 01:35:15.000,in,-43.366939841301566,-47.0353407646739,-7.664060668964846,47.65565136252539,-170.74540884414756,ok,False,1999-12-06 01:30:00,-0.0875,1.9700000286102295,2.200000047683716,8.899999618530273,10.335573375432064,0.5737876255752524,2.716044913641451,13.051618289073515,46.83335392896533,0.8222974335600597,0.788953123224901,0.788953123224901,0.788953123224901
43,out,1999-12-06 01:44:08.000,out,-43.36112379656553,-47.12375656160165,-7.389306881982876,47.69958373689664,-171.0882235679954,ok,False,1999-12-06 01:30:00,-0.23555555555555555,1.9700000286102295,2.200000047683716,8.899999618530273,10.335573375432064,0.5737876255752524,2.716044913641451,13.051618289073515,46.83160546970982,0.867978267186821,0.8322850321326356,0.8322850321326356,0.8322850321326356
43,out,1999-12-06 02:19:40.000,in,-43.33728514340866,-47.476520272653545,-6.1642407888101545,47.87502315093032,-172.60223429340306,ok,False,1999-12-06 02:30:00,0.17222222222222222,2.0799999237060547,-1.7000000476837158,9.800000190734863,10.103696465982253,0.6023037251695272,2.632234049876801,12.735930515859053,46.00380799815347,1.8712151527768484,1.7962943236417335,1.7962943236417335,1.7962943236417335
43,out,1999-12-06 02:23:08.000,out,-43.33490231605318,-47.51026743417486,-6.0328728535417335,47.8917640783237,-172.7632880183219,ok,False,1999-12-06 02:30:00,0.11444444444444445,2.0799999237060547,-1.7000000476837158,9.800000190734863,10.103696465982253,0.6023037251695272,2.632234049876801,12.735930515859053,46.00310643340738,1.8886576449163215,1.8130874270661843,1.8130874270661843,1.8130874270661843
43,out,1999-12-06 02:38:54.000,in,-43.32398878396539,-47.66207203573427,-5.420681025757281,47.96933284425089,-173.51154247540458,ok,False,1999-12-06 02:30:00,-0.14833333333333334,2.0799999237060547,-1.7000000476837158,9.800000190734863,10.103696465982253,0.6023037251695272,2.632234049876801,12.735930515859053,45.99989277663521,1.969440067615686,1.8905011121236004,1.8905011121236004,1.8905011121236004
43,out,1999-12-06 02:40:18.000,out,-43.323013063391784,-47.67538682908361,-5.365066362978874,47.97631130445447,-173.57933183804064,ok,False,1999-12-06 02:30:00,-0.17166666666666666,2.0799999237060547,-1.7000000476837158,9.800000190734863,10.103696465982253,0.6023037251695272,2.632234049876801,12.735930515859053,45.99960542586792,1.9767058785865501,1.8974500340963423,1.8974500340963423,1.8974500340963423
43,out,1999-12-06 03:34:47.000,in,-43.283826439334796,-48.14822450445037,-3.001696736273018,48.24170090520759,-176.4326356596947,ok,False,1999-12-06 03:30:00,-0.07972222222222222,2.2699999809265137,-0.20000000298023224,10.199999809265137,10.0491821099732,0.5928388797607531,2.6098225314669983,12.659004641440198,45.78713853466792,2.4545623705396693,2.3568478502119805,2.3568478502119805,2.3568478502119805
43,out,1999-12-06 03:40:39.000,out,-43.27948607715374,-48.19332962127011,-2.7305951084925586,48.270624292947716,-176.75713462249857,ok,False,1999-12-06 03:30:00,-0.1775,2.2699999809265137,-0.20000000298023224,10.199999809265137,10.0491821099732,0.5928388797607531,2.6098225314669983,12.659004641440198,45.78586605605371,2.4847582368940024,2.385884508946362,2.385884508946362,2.385884508946362
43,out,1999-12-06 04:52:08.000,in,-43.22452073476267,-48.61006786774569,0.7240261842483829,48.615459599003266,179.14666695295273,ok,False,1999-12-06 04:30:00,-0.3688888888888889,2.1700000762939453,1.600000023841858,9.699999809265137,10.173247188825867,0.5793759558196504,2.6525957975631607,12.825842986389027,46.20478116888453,2.410678430118736,2.3126030308097714,2.3126030308097714,2.3126030308097714
43,out,1999-12-06 05:12:16.000,out,-43.20837939189707,-48.68198628124718,1.708241761129692,48.71194800253841,177.9903264141263,ok,False,1999-12-06 05:30:00,0.29555555555555557,2.2699999809265137,-3.5999999046325684,9.699999809265137,9.804802949373407,0.6171071372937242,2.556526801787512,12.36132975116092,44.984000563408166,3.727947439130247,3.5857352565074665,3.5857352565074665,3.5857352565074665
43,out,1999-12-06 05:14:36.000,in,-43.20648743794895,-48.68887243322045,1.8215084041236427,48.722932913410574,177.85749617893012,ok,False,1999-12-06 05:30:00,0.25666666666666665,2.2699999809265137,-3.5999999046325684,9.699999809265137,9.804802949373407,0.6171071372937242,2.556526801787512,12.36132975116092,44.983456810043556,3.739476103367018,3.596816742732141,3.596816742732141,3.596816742732141
43,out,1999-12-06 05:22:13.000,out,-43.200295785756985,-48.71031803004987,2.1903014272850108,48.75953755862506,177.4253801964059,ok,False,1999-12-06 05:30:00,0.1297222222222222,2.2699999809265137,-3.5999999046325684,9.699999809265137,9.804802949373407,0.6171071372937242,2.556526801787512,12.36132975116092,44.981677158562,3.7778604000630622,3.633715171518283,3.633715171518283,3.633715171518283
43,out,1999-12-06 05:26:02.000,in,-43.19717393000296,-48.71980357798446,2.373951936359893,48.77760662920572,177.21037603188256,ok,False,1999-12-06 05:30:00,0.0661111111111111,2.2699999809265137,-3.5999999046325684,9.699999809265137,9.804802949373407,0.6171071372937242,2.556526801787512,12.36132975116092,44.980779763071546,3.7968268661341753,3.6519488535673528,3.6519488535673528,3.6519488535673528
43,out,1999-12-06 05:32:22.000,out,-43.191976743534674,-48.73448987489562,2.6774161704885127,48.80798152675746,176.85539775446313,ok,False,1999-12-06 05:30:00,-0.03944444444444444,2.2699999809265137,-3.5999999046325684,9.699999809265137,9.804802949373407,0.6171071372937242,2.556526801787512,12.36132975116092,44.97928567073444,3.8286958560230175,3.6825889358089894,3.6825889358089894,3.6825889358089894
43,out,1999-12-06 09:00:34.000,in,-43.005369463563724,-48.76455573041787,10.027704022086203,49.784904775841376,168.37995745396472,ok,False,1999-12-06 09:30:00,0.4905555555555556,1.9299999475479126,-0.4000000059604645,9.100000381469727,10.290689445257634,0.5919968634470458,2.698460022626539,12.989149467884173,46.562829589766174,3.2220751860752017,3.0871886961973747,3.0871886961973747,3.0871886961973747
43,out,1999-12-06 09:25:07.000,out,-42.981375827767486,-48.797110741580276,10.422847882486893,49.89783336686585,167.9430532661876,ok,False,1999-12-06 09:30:00,0.08138888888888889,1.9299999475479126,-0.4000000059604645,9.100000381469727,10.290689445257634,0.5919968634470458,2.698460022626539,12.989149467884173,46.55559287902023,3.342240487845615,3.2022355192465817,3.2022355192465817,3.2022355192465817
43,out,1999-12-06 13:09:45.000,in,-42.74292961682552,-50.090002534559005,9.10129013530843,50.910134904939994,169.70177842470483,ok,False,1999-12-06 13:30:00,0.3375,1.8200000524520874,-4.199999809265137,7.300000190734863,10.063928550655694,0.6181583421974974,2.7084458594978575,12.772374410153551,45.92239364372906,4.987741261210935,4.7844505073249834,4.7844505073249834,4.7844505073249834
43,out,1999-12-06 13:23:25.000,out,-42.72732589291877,-50.21108445159129,8.764770481380388,50.97032669501059,170.0983019683433,ok,False,1999-12-06 13:30:00,0.10972222222222222,1.8200000524520874,-4.199999809265137,7.300000190734863,10.063928550655694,0.6181583421974974,2.7084458594978575,12.772374410153551,45.91773119281175,5.052595502198841,4.8465899584748575,4.8465899584748575,4.8465899584748575
43,out,1999-12-06 13:37:11.000,in,-42.711490620836386,-50.33431756596478,8.403363739245265,51.03097144838076,170.52182873398908,ok,False,1999-12-06 13:30:00,-0.11972222222222222,1.8200000524520874,-4.199999809265137,7.300000190734863,10.063928550655694,0.6181583421974974,2.7084458594978575,12.772374410153551,45.912998040267645,5.117973408113116,4.9092307055284685,4.9092307055284685,4.9092307055284685
43,out,1999-12-06 13:44:42.000,out,-42.70278976208156,-50.40192490263781,8.196017817419067,51.06396715840429,170.76379537739007,ok,False,1999-12-06 13:30:00,-0.245,1.8200000524520874,-4.199999809265137,7.300000190734863,10.063928550655694,0.6181583421974974,2.7084458594978575,12.772374410153551,45.91039670976133,5.153570448642959,4.943337110503241,4.943337110503241,4.943337110503241
43,out,1999-12-06 13:48:11.000,in,-42.69874905069752,-50.43329008664548,8.09838149786395,51.07935524112142,170.87754127574303,ok,False,1999-12-06 13:30:00,-0.3030555555555556,1.8200000524520874,-4.199999809265137,7.300000190734863,10.063928550655694,0.6181583421974974,2.7084458594978575,12.772374410153551,45.909188485475276,5.170166755646143,4.959238392273625,4.959238392273625,4.959238392273625
43,out,1999-12-06 13:56:15.000,out,-42.689350462077535,-50.50592070014121,7.865167940809118,51.11466416309594,171.14855880778507,ok,False,1999-12-06 13:30:00,-0.4375,1.8200000524520874,-4.199999809265137,7.300000190734863,10.063928550655694,0.6181583421974974,2.7084458594978575,12.772374410153551,45.906377803105435,5.2082863599905025,4.995761277103549,4.995761277103549,4.995761277103549
43,out,1999-12-06 15:38:40.000,in,-42.56635792384664,-51.37305717616771,4.384597087647935,51.55982636944007,175.12173134516914,ok,False,1999-12-06 15:30:00,-0.14444444444444443,1.2799999713897705,2.0999999046325684,5.800000190734863,11.031350736704914,0.5686492004175893,3.095807965700046,14.127158702404959,49.323423933613554,2.2364024358265127,2.127828860345911,2.127828860345911,2.127828860345911
43,out,1999-12-06 16:21:38.000,out,-42.51272608254799,-51.672009617350554,2.731140247722739,51.74413691374414,176.97442903414478,ok,False,1999-12-06 16:30:00,0.13944444444444445,1.690000057220459,-2.5999999046325684,6.800000190734863,10.355842865632596,0.6057334223543309,2.817869696776054,13.17371256240865,46.88798377796557,4.85615313577857,4.6460457446986725,4.6460457446986725,4.6460457446986725
43,out,1999-12-06 16:33:44.000,in,-42.497404662088805,-51.74647373141951,2.256474707313085,51.79564867574528,177.50312215122918,ok,False,1999-12-06 16:30:00,-0.06222222222222222,1.690000057220459,-2.5999999046325684,6.800000190734863,10.355842865632596,0.6057334223543309,2.817869696776054,13.17371256240865,46.88326140992647,4.912387265818808,4.699787429639968,4.699787429639968,4.699787429639968
43,out,1999-12-06 16:43:18.000,out,-42.485227232591406,-51.80233127450618,1.880046796276753,51.83643604097287,177.92149335537388,ok,False,1999-12-06 16:30:00,-0.22166666666666668,1.690000057220459,-2.5999999046325684,6.800000190734863,10.355842865632596,0.6057334223543309,2.817869696776054,13.17371256240865,46.87950706485462,4.956928976118249,4.742353691814658,4.742353691814658,4.742353691814658
43,out,1999-12-06 17:13:25.000,in,-42.446506621298596,-51.95966977107505,0.6952768783120764,51.964321343174355,179.2333659252687,ok,False,1999-12-06 17:30:00,0.2763888888888889,1.5700000524520874,0.699999988079071,6.800000190734863,10.659959321379679,0.5813259266741312,2.900621101568473,13.560580422948153,47.85463288967958,4.109688453494776,3.9225850165399745,3.9225850165399745,3.9225850165399745
43,out,1999-12-06 17:14:01.000,out,-42.44572881343145,-51.96249652265968,0.6717766981346474,51.96683874163961,179.2593153136102,ok,False,1999-12-06 17:30:00,0.2663888888888889,1.5700000524520874,0.699999988079071,6.800000190734863,10.659959321379679,0.5813259266741312,2.900621101568473,13.560580422948153,47.854387073055754,4.112451668583859,3.925219831408585,3.925219831408585,3.925219831408585
43,out,1999-12-06 17:55:59.000,in,-42.39078950330019,-52.13527399309723,-0.9482595413875492,52.14389696304979,-178.95799378518257,ok,False,1999-12-06 17:30:00,-0.4330555555555556,1.5700000524520874,0.699999988079071,6.800000190734863,10.659959321379679,0.5813259266741312,2.900621101568473,13.560580422948153,47.837014904211074,4.306882058838717,4.110604791015327,4.110604791015327,4.110604791015327
43,out,1999-12-06 18:00:05.000,out,-42.38536931217224,-52.14977402376063,-1.1034872969182268,52.161447592486915,-178.78780431273114,ok,False,1999-12-06 18:30:00,0.4986111111111111,1.5800000429153442,1.899999976158142,7.400000095367432,10.680915128840164,0.572921344397751,2.868906513765452,13.549821642605616,47.807984795166014,4.353462797320901,4.155579708872298,4.155579708872298,4.155579708872298
43,out,1999-12-06 18:17:23.000,in,-42.36234408606654,-52.204552811876916,-1.7458165185914758,52.23373631671999,-178.0846372784938,ok,False,1999-12-06 18:30:00,0.21027777777777779,1.5800000429153442,1.899999976158142,7.400000095367432,10.680915128840164,0.572921344397751,2.868906513765452,13.549821642605616,47.80070256718826,4.433033749531731,4.231446570940263,4.231446570940263,4.231446570940263
43,out,1999-12-06 18:18:45.000,out,-42.36052016255837,-52.208681473467024,-1.7961143042728365,52.23956783695624,-178.0296533866291,ok,False,1999-12-06 18:30:00,0.1875,1.5800000429153442,1.899999976158142,7.400000095367432,10.680915128840164,0.572921344397751,2.868906513765452,13.549821642605616,47.80012557425541,4.43944226270083,4.237556483835725,4.237556483835725,4.237556483835725
43,out,1999-12-06 18:49:05.000,in,-42.3196752026929,-52.28730811488046,-2.873595193486047,52.36621180910903,-176.85431474543196,ok,False,1999-12-06 18:30:00,-0.31805555555555554,1.5800000429153442,1.899999976158142,7.400000095367432,10.680915128840164,0.572921344397751,2.868906513765452,13.549821642605616,47.78719909963933,4.579012709469701,4.370620935649419,4.370620935649419,4.370620935649419
43,out,1999-12-06 18:50:23.000,out,-42.31791312943283,-52.290302610933466,-2.9183807378647098,52.37167835074732,-176.80557195820575,ok,False,1999-12-06 18:30:00,-0.3397222222222222,1.5800000429153442,1.899999976158142,7.400000095367432,10.680915128840164,0.572921344397751,2.868906513765452,13.549821642605616,47.78664121672903,4.585037134018286,4.376362853800187,4.376362853800187,4.376362853800187
44,in,1999-12-16 17:45:04.000,in,13.435477416081854,3.67620242296137,4.439699847491611,5.764147724547323,50.37424081936857,ok,False,1999-12-16 17:30:00,-0.2511111111111111,1.5099999904632568,3.4000000953674316,6.400000095367432,10.779085645081272,0.5617011685484751,2.9645182910451036,13.743603936126377,4.009249639664017,1.7548980848833056,0.3218251729753427,0.3218251729753427,0.3218251729753427
44,out,1999-12-20 09:22:42.000,out,-48.12930551908793,-21.24355555863792,-6.925739350298672,22.3440040798692,-161.943202070451,ok,False,1999-12-20 09:30:00,0.12166666666666667,1.690000057220459,0.10000000149011612,12.100000381469727,10.520758368098697,0.5865954061436648,2.7025419591257878,13.223300327224486,48.65893462537464,26.31493054550544,-25.21794022154392,25.21794022154392,25.21794022154392
44,out,1999-12-20 10:16:44.000,in,-48.33932267660845,-21.63927759364424,-6.587982291394456,22.619899324411694,-163.0673613106916,ok,False,1999-12-20 10:30:00,0.22111111111111112,1.6299999952316284,-1.399999976158142,12.5,10.503637264333978,0.5967159476155018,2.6935655947587533,13.197202859092732,48.647062455555684,26.02716313114399,-24.956699103382377,24.956699103382377,24.956699103382377
44,out,1999-12-20 13:07:04.000,out,-48.97131223872399,-22.420076540371806,-7.021421002869161,23.49383291367465,-162.61071679809925,ok,False,1999-12-20 13:30:00,0.38222222222222224,1.6200000047683716,2.5999999046325684,10.699999809265137,10.653490284697384,0.5683046489704789,2.7572441957038696,13.410734480401253,49.392810140273546,25.898977226598895,-24.830954346881818,24.830954346881818,24.830954346881818
44,out,1999-12-20 15:40:44.000,in,-49.50348390597043,-22.577207343739193,-8.948203983067682,24.285811618407553,-158.37969813010545,ok,False,1999-12-20 15:30:00,-0.17888888888888888,1.4800000190734863,-2.0,10.699999809265137,10.61638630721751,0.599588952187059,2.747641265226629,13.36402757244414,49.41334269172036,25.127531073312806,-24.12329395512967,24.12329395512967,24.12329395512967
44,out,1999-12-20 17:59:10.000,out,-49.95314091630138,-22.36447955265008,-11.173541785456237,25.00035963125811,-153.45277837054508,ok,False,1999-12-20 17:30:00,-0.4861111111111111,1.409999966621399,1.100000023841858,11.0,10.847059028621107,0.5770192728143192,2.802156915727119,13.649215944348226,50.301743420147254,25.301383788889144,-24.26861728953172,24.26861728953172,24.26861728953172
44,out,1999-12-20 20:37:19.000,in,-50.433481294844306,-22.15293037872907,-13.256029731829859,25.816170293364088,-149.10423834463558,ok,False,1999-12-20 20:30:00,-0.12194444444444444,1.3899999856948853,-1.100000023841858,8.899999618530273,10.778638515857136,0.59234476351575,2.8324762694406207,13.611114785297756,50.33095240735452,24.514782113990435,-23.541479914977014,23.541479914977014,23.541479914977014
44,out,1999-12-20 23:31:57.000,out,-50.92396312684549,-22.829502485479804,-13.873402914312386,26.714368646056002,-148.7131070959037,ok,False,1999-12-20 23:30:00,-0.0325,1.159999966621399,-0.20000000298023224,9.5,11.12519591241833,0.5834709930028442,2.9059510331456844,14.031146945564014,51.591261243046,24.876892596989997,-23.851677665894197,23.851677665894197,23.851677665894197
45,in,1999-12-29 00:33:49.000,in,-16.97754756437458,-42.28013003235532,2.9262054830122275,42.38127032170798,176.04087560847884,ok,False,1999-12-29 00:30:00,-0.0636111111111111,1.3200000524520874,-6.400000095367432,4.099999904632568,10.182004061119802,0.6289631446845144,3.1895240744041855,13.371528135523988,36.974163402333296,5.407106919374684,4.801924831741519,4.801924831741519,4.801924831741519
45,in,1999-12-29 04:36:44.000,out,-14.793674498943801,-39.85334140994254,10.101689285597677,41.113658897745886,165.77670368801793,ok,False,1999-12-29 04:30:00,-0.11222222222222222,2.5899999141693115,-1.100000023841858,10.199999809265137,9.808704283390552,0.6011229437086169,2.5473692448944774,12.35607352828503,33.68551023224452,7.428148665501368,6.582004892090404,6.582004892090404,6.582004892090404
45,in,1999-12-31 06:18:04.000,in,11.404247879439021,-0.9158164502604057,1.6406678296424597,1.8789653263940955,119.17013947403632,ok,False,1999-12-31 06:30:00,0.1988888888888889,4.269999980926514,-2.200000047683716,6.900000095367432,9.028353664219875,0.6161429812273213,2.45078833901779,11.479142003237666,1.80717219380282,0.07179313259127551,0.006232052138030709,0.006232052138030709,0.006232052138030709
45,in,1999-12-31 06:25:01.000,out,11.37555105769817,-0.7242770368571403,1.5696840104540168,1.728723551871023,114.76934749925218,ok,False,1999-12-31 06:30:00,0.08305555555555555,4.269999980926514,-2.200000047683716,6.900000095367432,9.028353664219875,0.6161429812273213,2.45078833901779,11.479142003237666,2.125246986966693,0.3965234350956701,-0.035195364625161686,0.035195364625161686,0.035195364625161686
45,in,1999-12-31 06:35:18.000,in,11.329755710487238,-0.44241162894226316,1.4603877553695395,1.5259293710577264,106.85372315058422,ok,False,1999-12-31 06:30:00,-0.08833333333333333,4.269999980926514,-2.200000047683716,6.900000095367432,9.028353664219875,0.6161429812273213,2.45078833901779,11.479142003237666,2.551881754209218,1.0259523831514916,-0.09585376457408382,0.09585376457408382,0.09585376457408382
45,in,1999-12-31 06:46:05.000,out,11.277049719756725,-0.1490900793886064,1.340090045387282,1.3483579574868791,96.3482661014214,ok,False,1999-12-31 06:30:00,-0.26805555555555555,4.269999980926514,-2.200000047683716,6.900000095367432,9.028353664219875,0.6161429812273213,2.45078833901779,11.479142003237666,2.9677693694220486,1.6194114119351695,-0.1601005464959633,0.1601005464959633,0.1601005464959633
45,in,1999-12-31 06:50:10.000,in,11.256278907221176,-0.03841625763239454,1.2935834282318561,1.2941537368668996,91.70104427876387,ok,False,1999-12-31 06:30:00,-0.33611111111111114,4.269999980926514,-2.200000047683716,6.900000095367432,9.028353664219875,0.6161429812273213,2.45078833901779,11.479142003237666,3.116410782969631,1.8222570461027314,-0.18414331107109738,0.18414331107109738,0.18414331107109738
45,in,1999-12-31 07:00:11.000,out,11.201186786073665,0.23098218114315908,1.1749399191524983,1.1974291551585547,78.87801931635256,ok,False,1999-12-31 07:30:00,0.49694444444444447,4.139999866485596,0.0,6.699999809265137,9.181823151766716,0.5997760849177761,2.5046566010301277,11.686479752796844,4.637504250468002,3.4400750953094468,-0.45234604807616213,0.45234604807616213,0.45234604807616213
45,in,1999-12-31 07:09:13.000,in,11.147706510492716,0.47196941124000774,1.0640558779938158,1.1640318022457248,66.07998570596793,ok,False,1999-12-31 07:30:00,0.3463888888888889,4.139999866485596,0.0,6.699999809265137,9.181823151766716,0.5997760849177761,2.5046566010301277,11.686479752796844,4.885798325491752,3.7217665232460275,-0.5075470079731152,0.5075470079731152,0.5075470079731152
45,in,1999-12-31 07:10:22.000,out,11.14073933271127,0.5025649293609394,1.0497897824734381,1.1638857742962556,64.41820473057311,ok,False,1999-12-31 07:30:00,0.32722222222222225,4.139999866485596,0.0,6.699999809265137,9.181823151766716,0.5997760849177761,2.5046566010301277,11.686479752796844,4.9172138868842294,3.753328112587974,-0.5145127626549142,0.5145127626549142,0.5145127626549142
45,in,1999-12-31 07:22:53.000,in,11.059953731720656,0.8329497214710838,0.8899439966333732,1.218936239367153,46.89468508037233,ok,False,1999-12-31 07:30:00,0.11861111111111111,4.139999866485596,0.0,6.699999809265137,9.181823151766716,0.5997760849177761,2.5046566010301277,11.686479752796844,5.267691741662682,4.048755502295529,-0.5921486135270276,0.5921486135270276,0.5921486135270276
45,in,1999-12-31 07:24:58.000,out,11.045805656265896,0.8875662074744021,0.8627333877147586,1.2377732712125744,44.18715612243646,ok,False,1999-12-31 07:30:00,0.08388888888888889,4.139999866485596,0.0,6.699999809265137,9.181823151766716,0.5997760849177761,2.5046566010301277,11.686479752796844,5.326674988295953,4.088901717083379,-0.6052030598934234,0.6052030598934234,0.6052030598934234
45,in,1999-12-31 07:28:31.000,in,11.021697335690986,0.9806326996240564,0.8163665101174394,1.2759681698276382,39.77702886023673,ok,False,1999-12-31 07:30:00,0.024722222222222222,4.139999866485596,0.0,6.699999809265137,9.181823151766716,0.5997760849177761,2.5046566010301277,11.686479752796844,5.425689265226077,4.149721095398439,-0.6270650458229092,0.6270650458229092,0.6270650458229092
45,in,1999-12-31 07:55:31.000,out,10.817683057131847,1.6773499324898629,0.4485803333796143,1.7362969537261514,14.972453274545718,ok,False,1999-12-31 07:30:00,-0.42527777777777775,4.139999866485596,0.0,6.699999809265137,9.181823151766716,0.5997760849177761,2.5046566010301277,11.686479752796844,6.199891249966427,4.4635942962402755,-0.7983650433503974,0.7983650433503974,0.7983650433503974
45,in,1999-12-31 08:02:34.000,in,10.75923378330891,1.856484716772895,0.349319324369026,1.889063125993668,10.656276021311921,ok,False,1999-12-31 08:30:00,0.4572222222222222,4.420000076293945,-1.100000023841858,6.900000095367432,9.045687112966341,0.6086617036017142,2.455493583810222,11.501180696776563,5.6852279444829925,3.7961648184893244,-0.6577336877503341,0.6577336877503341,0.6577336877503341
45,in,1999-12-31 08:15:22.000,out,10.647012883723264,2.178462838324496,0.16605426906156884,2.1847824510084273,4.358966212371495,ok,False,1999-12-31 08:30:00,0.24388888888888888,4.420000076293945,-1.100000023841858,6.900000095367432,9.045687112966341,0.6086617036017142,2.455493583810222,11.501180696776563,6.098552391878244,3.913769940869817,-0.7410723196746792,0.7410723196746792,0.7410723196746792
45,in,1999-12-31 08:19:36.000,in,10.608784982749745,2.284358294506217,0.10494252715672722,2.2867675333722475,2.630296388054044,ok,False,1999-12-31 08:30:00,0.17333333333333334,4.420000076293945,-1.100000023841858,6.900000095367432,9.045687112966341,0.6086617036017142,2.455493583810222,11.501180696776563,6.233007800991163,3.9462402676189154,-0.7683304134006825,0.7683304134006825,0.7683304134006825
45,out,2000-01-24 23:06:43.000,out,-34.37749532330949,-40.48521200418836,27.092646600656,48.71410361334913,146.20961793354275,ok,False,2000-01-24 23:30:00,0.38805555555555554,1.159999966621399,-3.799999952316284,5.300000190734863,10.82928156370842,0.6087607570486259,3.1070723567999012,13.93635392050832,45.99030879835012,2.7237948149990103,2.5520694318526047,2.5520694318526047,2.5520694318526047
45,out,2000-01-25 00:02:42.000,in,-33.98884789705976,-40.71847415832937,27.28144525495105,49.01297168078496,146.17784916207938,ok,False,2000-01-25 00:30:00,0.455,0.8399999737739563,-4.099999904632568,4.300000190734863,11.3295875933109,0.6061529051169924,3.4801720001431926,14.809759593454093,47.89358699200625,1.119384688778709,1.041990289377968,1.041990289377968,1.041990289377968
45,out,2000-01-25 01:11:37.000,out,-33.50718932621762,-40.558548494304986,28.1608200771258,49.376387508414794,145.22678034175505,ok,False,2000-01-25 01:30:00,0.3063888888888889,0.9100000262260437,-3.4000000953674316,4.400000095367432,11.286315081896772,0.6024333261653412,3.4363017860515725,14.722616867948345,47.50052991447479,1.8758575939400046,1.7457491049968163,1.7457491049968163,1.7457491049968163
45,out,2000-01-25 05:02:04.000,in,-31.871490905456902,-36.5071712984255,34.972284495312586,50.55525926185785,136.23013000022246,ok,False,2000-01-25 05:30:00,0.46555555555555556,1.3600000143051147,-4.400000095367432,6.699999809265137,10.489611320351292,0.615307480537236,2.861400595665245,13.351011916016537,43.65486521207876,6.900394049779088,6.459509695120037,6.459509695120037,6.459509695120037
45,out,2000-01-25 05:31:23.000,out,-31.660719454687392,-35.727642428766906,35.974409081252986,50.7013071060615,134.802814123255,ok,False,2000-01-25 05:30:00,-0.023055555555555555,1.3600000143051147,-4.400000095367432,6.699999809265137,10.489611320351292,0.615307480537236,2.861400595665245,13.351011916016537,43.5737028791134,7.127604226948101,6.669424210831071,6.669424210831071,6.669424210831071
46,in,2000-04-09 12:58:23.000,in,7.9857396634403095,19.452971059570356,2.2580135002569186,19.583582614318157,6.621006716106699,ok,False,2000-04-09 12:30:00,-0.47305555555555556,0.8799999952316284,-2.5,7.400000095367432,11.441813125180019,0.5956668693748454,3.0732846210416898,14.51509774622171,18.762783662969188,0.8207989513489693,0.4812210820964632,0.4812210820964632,0.4812210820964632
46,out,2000-04-10 14:20:18.000,out,12.220768539006764,-11.762941231192395,-3.1439933759200756,12.175856469107844,-165.0358047225181,ok,False,2000-04-10 14:30:00,0.16166666666666665,0.8399999737739563,-2.799999952316284,6.400000095367432,11.492506470879867,0.5970909842359527,3.1607268709683485,14.653233341848216,11.589693455128947,0.5861630139788971,0.23281324238333442,0.23281324238333442,0.23281324238333442
46,out,2000-04-10 15:22:30.000,in,13.599859279938725,-11.815320473255639,-3.8182790303131497,12.416966321894531,-162.09106660155456,ok,False,2000-04-10 15:30:00,0.125,0.9100000262260437,-2.200000047683716,6.5,11.411264860448421,0.5940523388594819,3.129452939001764,14.540717799450185,7.198520017212108,5.2184463046824225,1.7146107927807834,1.7146107927807834,1.7146107927807834
46,out,2000-04-10 15:24:53.000,out,13.651704537873659,-11.815164138763475,-3.8457827853748325,12.425302767265183,-161.97016418215725,ok,False,2000-04-10 15:30:00,0.08527777777777777,0.9100000262260437,-2.200000047683716,6.5,11.411264860448421,0.5940523388594819,3.129452939001764,14.540717799450185,6.99800115496149,5.427301612303693,1.7655123746888481,1.7655123746888481,1.7655123746888481
47,in,2000-05-02 00:50:49.000,in,25.629581069540766,16.955780974431004,5.527569009939455,17.83402724043337,18.055920823296287,ok,True,2000-05-02 00:30:00,-0.34694444444444444,0.7799999713897705,-4.900000095367432,2.5,11.327776418702134,0.6106368846104041,4.98961580347594,16.317392222178075,,,12.991233934218407,12.991233934218407,12.991233934218407
47,in,2000-05-02 03:59:28.000,out,22.63888429208137,16.971059576416266,3.5194871346036845,17.33215661240433,11.716022353256198,ok,False,2000-05-02 03:30:00,-0.4911111111111111,0.3199999928474426,-0.699999988079071,1.5,13.492605730298552,0.5689050769113857,14.167236016813478,27.65984174711203,22.868097300827234,5.5359406884229045,-2.033801833182895,2.033801833182895,2.033801833182895
47,in,2000-05-02 05:19:17.000,in,21.31646161120715,16.89940164810341,2.491786422984425,17.082118593479258,8.387722494698174,ok,False,2000-05-02 05:30:00,0.1786111111111111,0.4699999988079071,-1.7000000476837158,1.7000000476837158,12.657672234574028,0.5811744514684869,9.861598560652013,22.519270795226042,10.131800594481872,6.950317998997386,2.0763357057616463,2.0763357057616463,2.0763357057616463
47,in,2000-05-02 11:21:14.000,out,14.804558747689535,15.548682705464628,0.1961723658505894,15.549920175754545,0.7228427323319101,ok,False,2000-05-02 11:30:00,0.1461111111111111,0.9300000071525574,0.5,2.4000000953674316,11.533062986889249,0.5754959120003489,5.3061779059172824,16.83924089280653,11.375892211131005,4.174027964623541,1.607857942415474,1.607857942415474,1.607857942415474
47,in,2000-05-02 11:54:20.000,in,14.159746485029313,15.363027825785242,0.31469542362129793,15.366250589701439,1.1734795117231014,ok,False,2000-05-02 11:30:00,-0.40555555555555556,0.9300000071525574,0.5,2.4000000953674316,11.533062986889249,0.5754959120003489,5.3061779059172824,16.83924089280653,13.04202191762487,2.3242286720765684,0.9467178357973848,0.9467178357973848,0.9467178357973848
47,in,2000-05-02 11:56:31.000,out,14.116892967181583,15.350390095414552,0.32450257664346793,15.353819655175368,1.2110349710976356,ok,False,2000-05-02 11:30:00,-0.4419444444444444,0.9300000071525574,0.5,2.4000000953674316,11.533062986889249,0.5754959120003489,5.3061779059172824,16.83924089280653,13.145056549457939,2.208763105717429,0.9026702506399862,0.9026702506399862,0.9026702506399862
47,in,2000-05-02 12:09:14.000,in,13.86648376404149,15.27571132102452,0.3864483605612188,15.280598767674556,1.4491723370548462,ok,False,2000-05-02 12:30:00,0.3461111111111111,1.5800000429153442,7.599999904632568,3.200000047683716,10.731972862807794,0.5325833148443923,3.8444621018876215,14.576434964695416,6.263286092977123,9.017312674697433,3.1401107409762536,3.1401107409762536,3.1401107409762536
47,in,2000-05-02 12:27:45.000,out,13.499142163833833,15.163180009499436,0.49228543090358834,15.171169135764167,1.8595026765478113,ok,False,2000-05-02 12:30:00,0.0375,1.5800000429153442,7.599999904632568,3.200000047683716,10.731972862807794,0.5325833148443923,3.8444621018876215,14.576434964695416,7.710462356491029,7.460706779273138,2.763341421099033,2.763341421099033,2.763341421099033
47,in,2000-05-02 12:46:58.000,in,13.1146519919015,15.041439632307467,0.6197459514611441,15.05420178078872,2.359398756088422,ok,False,2000-05-02 12:30:00,-0.2827777777777778,1.5800000429153442,7.599999904632568,3.200000047683716,10.731972862807794,0.5325833148443923,3.8444621018876215,14.576434964695416,8.975679754610121,6.078522026178598,2.368015965810302,2.368015965810302,2.368015965810302
47,in,2000-05-02 12:55:12.000,out,12.948862833735767,14.987554244888631,0.6797144249849921,15.00295950614451,2.5966945371970835,ok,False,2000-05-02 12:30:00,-0.42,1.5800000429153442,7.599999904632568,3.200000047683716,10.731972862807794,0.5325833148443923,3.8444621018876215,14.576434964695416,9.468297054264767,5.534662451879743,2.197218866392182,2.197218866392182,2.197218866392182
47,in,2000-05-02 13:03:12.000,in,12.78719608646252,14.93420206967823,0.7407581545724621,14.952562124985374,2.839626783240504,ok,True,2000-05-02 13:30:00,0.44666666666666666,3.1600000858306885,3.5,4.599999904632568,9.639146461884831,0.5708394266340661,2.8879189012543773,12.527065363139208,,,4.32391508581534,4.32391508581534,4.32391508581534
47,in,2000-05-02 13:09:52.000,out,12.652096867781689,14.889077436087636,0.793401461394184,14.910201634342723,3.050262931494175,ok,True,2000-05-02 13:30:00,0.33555555555555555,3.1600000858306885,3.5,4.599999904632568,9.639146461884831,0.5708394266340661,2.8879189012543773,12.527065363139208,,,4.185254667084518,4.185254667084518,4.185254667084518
47,in,2000-05-02 14:45:10.000,in,10.671369972021365,14.142322526996056,1.727223594564498,14.247406353550824,6.963137310364647,ok,False,2000-05-02 14:30:00,-0.25277777777777777,3.440000057220459,1.2999999523162842,5.099999904632568,9.480736010095185,0.5878279364839265,2.7492618265478783,12.229997836643063,8.48375433469508,5.763652018855744,2.47140710240238,2.47140710240238,2.47140710240238
47,out,2000-05-03 12:05:52.000,out,5.907472047475346,-14.943653675870312,-2.1963313070273696,15.104193338095909,-171.6388607575689,ok,False,2000-05-03 12:30:00,0.4022222222222222,3.049999952316284,1.7999999523162842,11.399999618530273,9.66590469003871,0.5825855522542392,2.4914289124440825,12.157333602482792,16.772260759919444,1.668067421823535,-0.9905832993283461,0.9905832993283461,0.9905832993283461
47,out,2000-05-03 12:12:12.000,in,6.033671841010834,-15.020696012542725,-2.2418903509745505,15.187079411361808,-171.51107319509018,ok,False,2000-05-03 12:30:00,0.2966666666666667,3.049999952316284,1.7999999523162842,11.399999618530273,9.66590469003871,0.5825855522542392,2.4914289124440825,12.157333602482792,16.60648251410388,1.4194031027420735,-0.8397161515815073,0.8397161515815073,0.8397161515815073
47,out,2000-05-03 12:14:10.000,out,6.072757850373757,-15.044240704104137,-2.256774917556741,15.212567547640898,-171.46871736060118,ok,False,2000-05-03 12:30:00,0.2638888888888889,3.049999952316284,1.7999999523162842,11.399999618530273,9.66590469003871,0.5825855522542392,2.4914289124440825,12.157333602482792,16.55476468411666,1.342197136475761,-0.7930795591817855,0.7930795591817855,0.7930795591817855
48,in,2000-05-25 08:40:38.000,in,17.989740971774413,10.57829465957277,-0.747768780160854,10.604691228570921,-4.043453779739173,ok,True,2000-05-25 08:30:00,-0.17722222222222223,1.2300000190734863,-3.799999952316284,6.699999809265137,10.733565679633122,0.609613794973876,2.9279474988483827,13.661513178481504,,,6.098914992153017,6.098914992153017,6.098914992153017
48,in,2000-05-25 08:48:09.000,out,17.836572440636477,10.584024889207699,-0.7703990776261893,10.61202608337236,-4.1631522506827965,ok,True,2000-05-25 08:30:00,-0.3025,1.2300000190734863,-3.799999952316284,6.699999809265137,10.733565679633122,0.609613794973876,2.9279474988483827,13.661513178481504,,,5.9561587127772695,5.9561587127772695,5.9561587127772695
48,in,2000-05-25 09:10:28.000,in,17.37832982767331,10.599677559047269,-0.8280630084215163,10.631973133040091,-4.466961343656705,ok,True,2000-05-25 09:30:00,0.32555555555555554,0.8399999737739563,-3.799999952316284,6.099999904632568,11.372052165991388,0.6040616928616672,3.1570713826023162,14.529123548593704,,,4.617858586465175,4.617858586465175,4.617858586465175
48,in,2000-05-25 09:25:52.000,out,17.05866299284589,10.609213108885658,-0.8581838763465036,10.643865949708893,-4.624611455852676,ok,True,2000-05-25 09:30:00,0.06888888888888889,0.8399999737739563,-3.799999952316284,6.099999904632568,11.372052165991388,0.6040616928616672,3.1570713826023162,14.529123548593704,,,4.3187488906347085,4.3187488906347085,4.3187488906347085
48,in,2000-05-25 09:32:49.000,in,16.913572822683854,10.61322832730423,-0.869407102034292,10.648778532609295,-4.683059602577128,ok,True,2000-05-25 09:30:00,-0.04694444444444444,0.8399999737739563,-3.799999952316284,6.099999904632568,11.372052165991388,0.6040616928616672,3.1570713826023162,14.529123548593704,,,4.182958479784575,4.182958479784575,4.182958479784575
48,in,2000-05-25 09:38:28.000,out,16.795229206840997,10.61635733437174,-0.8773937589268479,10.652551941167545,-4.72449916421353,ok,True,2000-05-25 09:30:00,-0.1411111111111111,0.8399999737739563,-3.799999952316284,6.099999904632568,11.372052165991388,0.6040616928616672,3.1570713826023162,14.529123548593704,,,4.072172194078646,4.072172194078646,4.072172194078646
48,in,2000-05-25 11:13:49.000,in,14.737837216517098,10.647818480381924,-0.8327531776912815,10.680333152393597,-4.47193167268498,ok,True,2000-05-25 11:30:00,0.2697222222222222,0.8799999952316284,-3.0999999046325684,6.599999904632568,11.379153904403399,0.5998539831049271,3.1121558219885097,14.491309726391908,,,2.181476238563268,2.181476238563268,2.181476238563268
48,in,2000-05-25 11:20:04.000,out,14.59901631675976,10.648291502837939,-0.8179460729308727,10.679660467806722,-4.392536332271466,ok,True,2000-05-25 11:30:00,0.16555555555555557,0.8799999952316284,-3.0999999046325684,6.599999904632568,11.379153904403399,0.5998539831049271,3.1121558219885097,14.491309726391908,,,2.050874309085899,2.050874309085899,2.050874309085899
48,in,2000-05-25 11:30:53.000,in,14.357176701517133,10.648327276405292,-0.7876322045425755,10.6774172099375,-4.230332835150971,ok,False,2000-05-25 11:30:00,-0.014722222222222222,0.8799999952316284,-3.0999999046325684,6.599999904632568,11.379153904403399,0.5998539831049271,3.1121558219885097,14.491309726391908,2.717145887398071,7.9602713225394295,1.8231589611812196,1.8231589611812196,1.8231589611812196
48,in,2000-05-25 12:48:16.500,out,12.578052956330149,10.61777353190706,-0.4331306937124472,10.626604207022202,-2.335970804136824,ok,False,2000-05-25 12:30:00,-0.3045833333333333,0.800000011920929,-2.799999952316284,6.300000190734863,11.577778957504254,0.5963888749216032,3.193689459932837,14.771468417437092,11.054671946062959,0.4280677390407561,-0.15663734993156953,0.15663734993156953,0.15663734993156953
48,in,2000-05-25 13:18:40.000,in,11.854390067285113,10.584992569027095,-0.22945264493910444,10.587479218521677,-1.2418156596081797,ok,False,2000-05-25 13:30:00,0.18888888888888888,1.9500000476837158,-2.200000047683716,11.5,10.166777010307698,0.6049430152909192,2.619155410750697,12.785932421058394,6.715321756583937,3.87215746193774,1.2817957291818693,1.2817957291818693,1.2817957291818693
48,in,2000-05-25 13:18:58.000,out,11.847190856070698,10.584612373158514,-0.22731245091928975,10.587052944061593,-1.2302805147880103,ok,False,2000-05-25 13:30:00,0.18388888888888888,1.9500000476837158,-2.200000047683716,11.5,10.166777010307698,0.6049430152909192,2.619155410750697,12.785932421058394,6.74112548563087,3.8459274584307233,1.2749921477607027,1.2749921477607027,1.2749921477607027
48,in,2000-05-25 13:19:23.000,in,11.837191951606234,10.584084323341038,-0.22433995922510266,10.586461608153058,-1.2142579402130758,ok,False,2000-05-25 13:30:00,0.17694444444444443,1.9500000476837158,-2.200000047683716,11.5,10.166777010307698,0.6049430152909192,2.619155410750697,12.785932421058394,6.776798594746259,3.8096630134067997,1.2655505071286584,1.2655505071286584,1.2655505071286584
48,in,2000-05-25 13:36:54.000,out,11.412906068985953,10.557491842346362,-0.09092741854465189,10.557883395674208,-0.49345323621786397,ok,False,2000-05-25 13:30:00,-0.115,1.9500000476837158,-2.200000047683716,11.5,10.166777010307698,0.6049430152909192,2.619155410750697,12.785932421058394,8.145699227854776,2.412184167819433,0.8639088014820303,0.8639088014820303,0.8639088014820303
48,in,2000-05-25 13:38:23.000,in,11.376818238977046,10.555056284021592,-0.07929991364775514,10.555354169101493,-0.43045387553911557,ok,False,2000-05-25 13:30:00,-0.13972222222222222,1.9500000476837158,-2.200000047683716,11.5,10.166777010307698,0.6049430152909192,2.619155410750697,12.785932421058394,8.251467902961977,2.303886266139516,0.8297371525450736,0.8297371525450736,0.8297371525450736
48,in,2000-05-25 13:38:50.000,out,11.365870245603558,10.554317406776999,-0.07577246834195502,10.554589399401314,-0.41133574869553124,ok,False,2000-05-25 13:30:00,-0.14722222222222223,1.9500000476837158,-2.200000047683716,11.5,10.166777010307698,0.6049430152909192,2.619155410750697,12.785932421058394,8.283282120261479,2.271307279139835,0.8193814877792136,0.8193814877792136,0.8193814877792136
48,in,2000-05-25 13:58:16.000,in,10.888554910694841,10.516802304594135,0.08524622126689077,10.51714778978392,0.4644131924740526,ok,False,2000-05-25 13:30:00,-0.4711111111111111,1.9500000476837158,-2.200000047683716,11.5,10.166777010307698,0.6049430152909192,2.619155410750697,12.785932421058394,9.565720386088563,0.9514274036953569,0.3663156202070683,0.3663156202070683,0.3663156202070683
48,in,2000-05-25 13:58:44.000,out,10.87704182312585,10.515836465163906,0.08920707975363519,10.516214835440985,0.48603518976379656,ok,False,2000-05-25 13:30:00,-0.47888888888888886,1.9500000476837158,-2.200000047683716,11.5,10.166777010307698,0.6049430152909192,2.619155410750697,12.785932421058394,9.5944807817171,0.9217340537238847,0.3553511112852776,0.3553511112852776,0.3553511112852776
48,in,2000-05-25 14:03:28.000,in,10.75965935779061,10.50522773585561,0.13041914377382913,10.50603726127281,0.7112727903237075,ok,False,2000-05-25 14:30:00,0.44222222222222224,2.5299999713897705,-2.4000000953674316,14.800000190734863,9.758047893042042,0.6100950712374686,2.4842654480375015,12.242313341079543,8.279889231918252,2.226148029354558,0.8320726476806621,0.8320726476806621,0.8320726476806621
48,out,2000-05-26 16:50:25.000,out,4.696654306636571,-22.647955801352502,-5.72788018351262,23.361046923815145,-165.80697531234992,ok,False,2000-05-26 16:30:00,-0.3402777777777778,0.9300000071525574,-2.799999952316284,7.199999809265137,11.316632944952529,0.5985556784793004,3.051751343168162,14.36838428812069,22.589866251043368,0.7711806727717772,0.5149598408160315,0.5149598408160315,0.5149598408160315
49,in,2000-06-10 01:09:53.000,in,17.240569631634273,-2.552123417483037,-1.8205515448458112,3.1349229441097535,-144.4979228123589,ok,True,2000-06-10 01:30:00,0.3352777777777778,0.6399999856948853,-2.9000000953674316,3.0,11.964807412122424,0.5938702527934075,4.486802779545909,16.451610191668333,,,0.9416428687524763,0.9416428687524763,0.9416428687524763
49,out,2000-06-11 04:19:46.000,out,1.160548194474901,-24.35097586498703,-4.226526057044264,24.715046997488294,-170.15343841591172,ok,False,2000-06-11 04:30:00,0.17055555555555554,1.2799999713897705,-0.20000000298023224,6.900000095367432,10.960493133954646,0.5848445864925232,2.9752765300983244,13.93576966405297,25.406976848581767,0.691929851093473,-0.5006944984959677,0.5006944984959677,0.5006944984959677
49,out,2000-06-11 04:52:08.000,in,1.4048542116815588,-24.96029501781907,-3.6654276092458793,25.227994112397948,-171.6458070413015,ok,False,2000-06-11 04:30:00,-0.3688888888888889,1.2799999713897705,-0.20000000298023224,6.900000095367432,10.960493133954646,0.5848445864925232,2.9752765300983244,13.93576966405297,25.174425225155293,0.05356888724265474,0.04014992985914038,0.04014992985914038,0.04014992985914038
49,out,2000-06-11 05:02:07.000,out,1.4800358056391014,-25.143938978420078,-3.4860969443167784,25.38445467713828,-172.10651239234875,ok,False,2000-06-11 05:30:00,0.4647222222222222,1.2999999523162842,-0.699999988079071,7.099999904632568,10.910745120528121,0.5885829640000209,2.9485068715015346,13.859251992029655,24.956698946411393,0.42775573072688644,0.30918466546052725,0.30918466546052725,0.30918466546052725
49,out,2000-06-11 05:26:42.000,in,1.6647975255938792,-25.586731663267273,-3.0351663387446384,25.766122562618776,-173.2350343594483,ok,False,2000-06-11 05:30:00,0.055,1.2999999523162842,-0.699999988079071,7.099999904632568,10.910745120528121,0.5885829640000209,2.9485068715015346,13.859251992029655,24.778397228272688,0.9877253343460879,0.7131683363023561,0.7131683363023561,0.7131683363023561
49,out,2000-06-11 05:42:15.000,out,1.7813952321379936,-25.859799053371596,-2.7451921238672936,26.005101170303135,-173.94036101302706,ok,False,2000-06-11 05:30:00,-0.20416666666666666,1.2999999523162842,-0.699999988079071,7.099999904632568,10.910745120528121,0.5885829640000209,2.9485068715015346,13.859251992029655,24.66507755553885,1.3400236147642843,0.9668916495994585,0.9668916495994585,0.9668916495994585
49,out,2000-06-11 05:54:30.000,in,1.8730898818134263,-26.07082358085472,-2.5152472170423223,26.191874899420426,-174.48930333766944,ok,False,2000-06-11 05:30:00,-0.4083333333333333,1.2999999523162842,-0.699999988079071,7.099999904632568,10.910745120528121,0.5885829640000209,2.9485068715015346,13.859251992029655,24.5755199453746,1.6163549540458249,1.1656834013419337,1.1656834013419337,1.1656834013419337
49,out,2000-06-11 06:01:13.000,out,1.9233159130883641,-26.185247134943186,-2.3889448653855956,26.29399598934902,-174.78719504354896,ok,False,2000-06-11 06:30:00,0.4797222222222222,1.0499999523162842,-0.8999999761581421,7.0,11.258475359661293,0.5869865353519562,3.0491704099082675,14.307645769569561,25.380774000121754,0.9132219892272673,0.6561090507106303,0.6561090507106303,0.6561090507106303
49,out,2000-06-11 06:07:42.000,in,1.9717480325763377,-26.294450010796687,-2.266981061498844,26.391993189289064,-175.072418253236,ok,False,2000-06-11 06:30:00,0.37166666666666665,1.0499999523162842,-0.8999999761581421,7.0,11.258475359661293,0.5869865353519562,3.0491704099082675,14.307645769569561,25.33333689829062,1.0586562909984423,0.7603486610717947,0.7603486610717947,0.7603486610717947
49,out,2000-06-11 06:16:22.000,out,2.0364306787741238,-26.43893897906809,-2.104147633511196,26.522536296562908,-175.44969598972637,ok,False,2000-06-11 06:30:00,0.22722222222222221,1.0499999523162842,-0.8999999761581421,7.0,11.258475359661293,0.5869865353519562,3.0491704099082675,14.307645769569561,25.269816743024926,1.2527195535379825,0.899458634657574,0.899458634657574,0.899458634657574
50,in,2000-06-26 11:16:40.000,in,14.119006759815825,-2.5772836346437082,-0.025226043131562126,2.5774070859401235,-179.43921591210048,ok,True,2000-06-26 11:30:00,0.2222222222222222,3.5399999618530273,-3.9000000953674316,5.099999904632568,9.133887636091378,0.6257249004042571,2.6486813449024145,11.782568980993792,,,2.470161916360622,2.470161916360622,2.470161916360622
50,in,2000-06-26 11:46:18.000,out,13.56446741005022,-2.0607845252035544,-0.09143770576627869,2.062812088716333,-177.45943325451088,ok,True,2000-06-26 11:30:00,-0.27166666666666667,3.5399999618530273,-3.9000000953674316,5.099999904632568,9.133887636091378,0.6257249004042571,2.6486813449024145,11.782568980993792,,,1.8696524663152738,1.8696524663152738,1.8696524663152738
50,in,2000-06-26 13:13:32.000,in,11.77477919178833,-0.5107637228144198,-0.28046866709434665,0.5827025431254998,-151.2280955130487,ok,True,2000-06-26 13:30:00,0.27444444444444444,3.6700000762939453,-3.700000047683716,5.599999904632568,9.105949117040682,0.6248068677196063,2.576419737672657,11.682368854713339,,,0.10008787183491855,0.10008787183491855,0.10008787183491855
50,out,2000-06-27 17:54:33.000,out,-6.49898652534957,-27.715324439673815,-2.663916357742645,27.84305405585798,-174.50976208057526,ok,False,2000-06-27 17:30:00,-0.4091666666666667,1.440000057220459,-3.799999952316284,8.5,10.48025105025966,0.61190862054665,2.7671540053755765,13.247405055635237,30.33069904932369,2.487644993465711,-2.0188117910248846,2.0188117910248846,2.0188117910248846
51,in,2000-07-09 16:15:42.000,in,14.465606671184169,-8.301601431058337,0.4836438656454576,8.315677826186288,176.66576804800576,ok,True,2000-07-09 16:30:00,0.23833333333333334,1.659999966621399,4.0,7.199999809265137,10.63211677239359,0.5587143193297919,2.867158173168883,13.499274945562474,,,2.2142968497381252,2.2142968497381252,2.2142968497381252
51,in,2000-07-09 16:16:27.000,out,14.457451966663431,-8.287121557032911,0.47686390533714484,8.300830252767067,176.70667402284303,ok,True,2000-07-09 16:30:00,0.22583333333333333,1.659999966621399,4.0,7.199999809265137,10.63211677239359,0.5587143193297919,2.867158173168883,13.499274945562474,,,2.2021998781473267,2.2021998781473267,2.2021998781473267
51,in,2000-07-09 16:37:28.000,in,14.224658217775925,-7.8765613177421585,0.29443091413299916,7.882062404938778,177.85924374238434,ok,True,2000-07-09 16:30:00,-0.12444444444444444,1.659999966621399,4.0,7.199999809265137,10.63211677239359,0.5587143193297919,2.867158173168883,13.499274945562474,,,1.8602903587787072,1.8602903587787072,1.8602903587787072
51,in,2000-07-09 17:38:43.000,out,13.499240585789448,-6.6334092646580585,-0.14411657418103296,6.634974608798819,-178.75539525512238,ok,True,2000-07-09 17:30:00,-0.14527777777777778,1.5499999523162842,-0.5,7.599999904632568,10.633633441553252,0.5896373216219452,2.845752153783733,13.479385595336986,,,0.854411007239704,0.854411007239704,0.854411007239704
51,in,2000-07-09 17:40:39.000,in,13.475156612903,-6.593156459296452,-0.15547298407021937,6.594989305945706,-178.64916064130904,ok,False,2000-07-09 17:30:00,-0.1775,1.5499999523162842,-0.5,7.599999904632568,10.633633441553252,0.5896373216219452,2.845752153783733,13.479385595336986,0.4654160768797503,6.129573229065956,0.821302305740046,0.821302305740046,0.821302305740046
51,in,2000-07-09 17:41:56.000,out,13.458985655008746,-6.566300447225779,-0.16262200352093661,6.56831389926415,-178.58129395372805,ok,False,2000-07-09 17:30:00,-0.1988888888888889,1.5499999523162842,-0.5,7.599999904632568,10.633633441553252,0.5896373216219452,2.845752153783733,13.479385595336986,1.022174077604286,5.546139821659864,0.7991202078994938,0.7991202078994938,0.7991202078994938
51,in,2000-07-09 17:47:03.000,in,13.394511835871917,-6.459225178320631,-0.19112523691535477,6.462052209665065,-178.3051411123503,ok,False,2000-07-09 17:30:00,-0.2841666666666667,1.5499999523162842,-0.5,7.599999904632568,10.633633441553252,0.5896373216219452,2.845752153783733,13.479385595336986,2.0847078024059766,4.377344407259088,0.710896138972108,0.710896138972108,0.710896138972108
51,out,2000-07-11 03:13:06.000,out,-12.13495053760699,-27.95876453898645,-0.7961303363302081,27.970097212182004,-178.36893416995474,ok,False,2000-07-11 03:30:00,0.2816666666666667,6.739999771118164,0.30000001192092896,5.900000095367432,8.537444778513393,0.6043640273764671,2.386873602033026,10.924318380546419,29.261188361099222,1.2910911489172179,-1.1244067777065259,1.1244067777065259,1.1244067777065259
52,in,2000-07-22 23:33:25.000,in,12.8623744451334,-11.11666590699954,-0.585856418606904,11.132092733671815,-176.98326133949828,ok,False,2000-07-22 23:30:00,-0.05694444444444444,1.2599999904632568,-1.2000000476837158,6.800000190734863,10.934154886200627,0.5916636675075098,2.9752309023470733,13.9093857885477,7.425105900855427,3.706986832816388,1.2151791192087933,1.2151791192087933,1.2151791192087933
52,in,2000-07-22 23:56:47.000,out,12.708309564583613,-10.616040402622831,-0.4945906595735124,10.627555398616263,-177.33257597673153,ok,False,2000-07-22 23:30:00,-0.4463888888888889,1.2599999904632568,-1.2000000476837158,6.800000190734863,10.934154886200627,0.5916636675075098,2.9752309023470733,13.9093857885477,7.950446072514673,2.67710932610159,0.8837494855288587,0.8837494855288587,0.8837494855288587
52,in,2000-07-23 00:00:34.000,in,12.682723166279894,-10.534446267004917,-0.4787263291598634,10.545318252696061,-177.3980464448123,ok,False,2000-07-23 00:30:00,0.4905555555555556,0.9100000262260437,0.800000011920929,5.699999809265137,11.581649044289687,0.5730998710111223,3.263200442844412,14.844849487134098,11.003556748468357,0.4582384957722958,-0.16596200621772766,0.16596200621772766,0.16596200621772766
52,out,2000-07-25 14:53:04.000,out,-19.360107644223092,-40.92828705807472,9.854930171656456,42.0980323791551,166.46173006851842,ok,False,2000-07-25 14:30:00,-0.3844444444444444,0.8899999856948853,-0.6000000238418579,4.099999904632568,11.56087410772278,0.5825661026101062,3.6214566470799956,15.182330754802775,42.02556061292659,0.07247176622851015,0.0672817947094059,0.0672817947094059,0.0672817947094059
53,in,2000-08-03 14:04:00.000,in,10.157207011539978,-13.963911570783258,4.96144763309864,14.819135905059872,160.4396196651469,ok,False,2000-08-03 14:30:00,0.43333333333333335,2.109999895095825,0.20000000298023224,7.800000190734863,10.176484730046566,0.5889688068023627,2.7141827504266565,12.890667480473223,11.50989360260329,3.309242302456582,1.5633936942140254,1.5633936942140254,1.5633936942140254
53,in,2000-08-03 14:08:00.000,out,10.152996694194975,-13.895752718543626,4.899694168707959,14.734277945043095,160.5771598703415,ok,False,2000-08-03 14:30:00,0.36666666666666664,2.109999895095825,0.20000000298023224,7.800000190734863,10.176484730046566,0.5889688068023627,2.7141827504266565,12.890667480473223,11.518659405452643,3.2156185395904515,1.5166459086114135,1.5166459086114135,1.5166459086114135
53,in,2000-08-03 14:22:00.000,in,10.136938409578194,-13.655277982472784,4.680588951591898,14.435183743630358,161.07993863914623,ok,False,2000-08-03 14:30:00,0.13333333333333333,2.109999895095825,0.20000000298023224,7.800000190734863,10.176484730046566,0.5889688068023627,2.7141827504266565,12.890667480473223,11.55202871615274,2.883155027477617,1.3519638293439642,1.3519638293439642,1.3519638293439642
53,in,2000-08-03 14:24:00.000,out,10.134451291714685,-13.620621966837689,4.648913120708319,14.392141465653934,161.15449282199214,ok,False,2000-08-03 14:30:00,0.1,2.109999895095825,0.20000000298023224,7.800000190734863,10.176484730046566,0.5889688068023627,2.7141827504266565,12.890667480473223,11.557187981363558,2.8349534842903754,1.3282355846539151,1.3282355846539151,1.3282355846539151
53,in,2000-08-03 15:25:48.000,in,10.038154443527269,-12.512344661521952,3.653311953278561,13.034778753653049,163.72343057459736,ok,False,2000-08-03 15:30:00,0.07,2.3299999237060547,-0.800000011920929,7.900000095367432,9.98269558907717,0.5974881706047834,2.658232036727584,12.640927625804755,11.123777903402114,1.9110008502509341,0.8635734366698428,0.8635734366698428,0.8635734366698428
53,in,2000-08-03 15:47:34.000,out,9.993820585758312,-12.099456339807489,3.3034136596120516,12.542303836433684,164.72918302746936,ok,False,2000-08-03 15:30:00,-0.2927777777777778,2.3299999237060547,-0.800000011920929,7.900000095367432,9.98269558907717,0.5974881706047834,2.658232036727584,12.640927625804755,11.217121420501172,1.3251824159325114,0.5931689693207,0.5931689693207,0.5931689693207
53,in,2000-08-03 15:53:13.000,in,9.98129707926625,-11.989925871254224,3.2135652888228994,12.41311098249342,164.99610180738705,ok,False,2000-08-03 15:30:00,-0.3869444444444444,2.3299999237060547,-0.800000011920929,7.900000095367432,9.98269558907717,0.5974881706047834,2.658232036727584,12.640927625804755,11.243342873375394,1.169768109118026,0.5223034499482849,0.5223034499482849,0.5223034499482849
53,out,2000-08-05 21:54:51.000,out,-26.01821703189458,-33.440771819495914,-0.13605518645001488,33.441048591474406,-179.7668909977762,ok,False,2000-08-05 21:30:00,-0.4141666666666667,1.9700000286102295,-2.0999999046325684,5.300000190734863,10.158737689342418,0.6043774366778086,2.9146839399130235,13.073421629255442,40.640914386773815,7.199865795299409,-6.587282542533095,6.587282542533095,6.587282542533095
53,out,2000-08-05 22:09:14.000,in,-26.047086931953295,-33.57863733299618,-0.2009673327809065,33.57923871992529,-179.65709023885407,ok,False,2000-08-05 22:30:00,0.3461111111111111,1.940000057220459,-1.7000000476837158,5.5,10.210931859717109,0.6013138810284075,2.9018246524409728,13.112756512158082,40.742011926171344,7.162773206246051,-6.552514045721695,6.552514045721695,6.552514045721695
53,out,2000-08-05 22:12:33.000,out,-26.053682339616817,-33.610344258837536,-0.21147039431744413,33.61100951957924,-179.63950975589094,ok,False,2000-08-05 22:30:00,0.29083333333333333,1.940000057220459,-1.7000000476837158,5.5,10.210931859717109,0.6013138810284075,2.9018246524409728,13.112756512158082,40.744840435098205,7.133830915518963,-6.52626287624826,6.52626287624826,6.52626287624826
53,out,2000-08-05 22:14:11.000,in,-26.056924105188994,-33.62595081541149,-0.21619070271993918,33.62664578367006,-179.63163438156266,ok,False,2000-08-05 22:30:00,0.26361111111111113,1.940000057220459,-1.7000000476837158,5.5,10.210931859717109,0.6013138810284075,2.9018246524409728,13.112756512158082,40.74623055353563,7.119584769865575,-6.513361905447145,6.513361905447145,6.513361905447145
53,out,2000-08-05 22:16:45.000,out,-26.062018308230986,-33.65047540431342,-0.22360833020957424,33.65121833784984,-179.61927358048987,ok,False,2000-08-05 22:30:00,0.22083333333333333,1.940000057220459,-1.7000000476837158,5.5,10.210931859717109,0.6013138810284075,2.9018246524409728,13.112756512158082,40.74841483054893,7.097196492699091,-6.493115343995093,6.493115343995093,6.493115343995093
53,out,2000-08-05 22:18:15.000,in,-26.064995439878906,-33.664807956269094,-0.22794330731390644,33.66557964574245,-179.61205809003874,ok,False,2000-08-05 22:30:00,0.19583333333333333,1.940000057220459,-1.7000000476837158,5.5,10.210931859717109,0.6013138810284075,2.9018246524409728,13.112756512158082,40.74969124584966,7.084111600107214,-6.48129798336202,6.48129798336202,6.48129798336202
53,out,2000-08-05 22:21:10.000,out,-26.070765186474837,-33.69265606892243,-0.23496820196545795,33.693475377803196,-179.60043316207356,ok,False,2000-08-05 22:30:00,0.14722222222222223,1.940000057220459,-1.7000000476837158,5.5,10.210931859717109,0.6013138810284075,2.9018246524409728,13.112756512158082,40.75216473530165,7.0586893574984515,-6.458281148039948,6.458281148039948,6.458281148039948
53,out,2000-08-05 22:22:03.000,in,-26.072503909275145,-33.70108064760864,-0.2364578209975678,33.70191017016295,-179.59800063961828,ok,False,2000-08-05 22:30:00,0.1325,1.940000057220459,-1.7000000476837158,5.5,10.210931859717109,0.6013138810284075,2.9018246524409728,13.112756512158082,40.752910065620235,7.050999895457288,-6.451305805249636,6.451305805249636,6.451305805249636
53,out,2000-08-05 22:23:13.000,out,-26.074800335615176,-33.71220744964704,-0.23842524236073176,33.713050555003655,-179.5947897395737,ok,False,2000-08-05 22:30:00,0.11305555555555556,1.940000057220459,-1.7000000476837158,5.5,10.210931859717109,0.6013138810284075,2.9018246524409728,13.112756512158082,40.75389442166303,7.0408438666593725,-6.442099073236539,6.442099073236539,6.442099073236539
53,out,2000-08-05 22:32:13.000,in,-26.092479506480622,-33.79800749328794,-0.2509249350834472,33.79893894546683,-179.57462949209508,ok,False,2000-08-05 22:30:00,-0.036944444444444446,1.940000057220459,-1.7000000476837158,5.5,10.210931859717109,0.6013138810284075,2.9018246524409728,13.112756512158082,40.761470924525234,6.962531979058404,-6.371214749601821,6.371214749601821,6.371214749601821
53,out,2000-08-05 22:44:59.000,out,-26.11732022560192,-33.91948663128937,-0.25100184211538357,33.92041531666385,-179.57602295501707,ok,False,2000-08-05 22:30:00,-0.24972222222222223,1.940000057220459,-1.7000000476837158,5.5,10.210931859717109,0.6013138810284075,2.9018246524409728,13.112756512158082,40.77211170711407,6.851696390450222,-6.27080923612129,6.27080923612129,6.27080923612129
53,out,2000-08-05 22:47:37.000,in,-26.12241802179231,-33.94451899574071,-0.2490746892891138,33.945432801086014,-179.57958831687898,ok,False,2000-08-05 22:30:00,-0.2936111111111111,1.940000057220459,-1.7000000476837158,5.5,10.210931859717109,0.6013138810284075,2.9018246524409728,13.112756512158082,40.77429470258082,6.828861901494804,-6.250131925925897,6.250131925925897,6.250131925925897
53,out,2000-08-05 23:12:13.000,out,-26.169451716323405,-34.17773673129496,-0.1867259900550351,34.1782468050816,-179.68697445370256,ok,False,2000-08-05 23:30:00,0.29638888888888887,2.3499999046325684,-3.9000000953674316,6.0,9.718865583830297,0.6197532743807124,2.707398269781297,12.426263853611594,39.235857485699576,5.057610680617977,-4.657243675388683,4.657243675388683,4.657243675388683
53,out,2000-08-05 23:30:06.000,in,-26.203050929753175,-34.34646912098518,-0.09654007423130925,34.3466047967586,-179.83895508381792,ok,False,2000-08-05 23:30:00,-0.0016666666666666668,2.3499999046325684,-3.9000000953674316,6.0,9.718865583830297,0.6197532743807124,2.707398269781297,12.426263853611594,39.249790672214324,4.903185875455726,-4.516082069299587,4.516082069299587,4.516082069299587
53,out,2000-08-06 00:08:45.000,out,-26.27391790263494,-34.70700808993758,0.23083950747390714,34.70777574886071,179.61892611239136,ok,False,2000-08-06 00:30:00,0.3541666666666667,2.0399999618530273,-2.700000047683716,6.099999904632568,10.055872350709057,0.609147655428919,2.7916779102074942,12.847550260916552,40.2385902685997,5.530814519738989,-5.078451026122123,5.078451026122123,5.078451026122123
53,out,2000-08-06 00:11:21.000,in,-26.27860197677341,-34.73097383630192,0.2591155808995034,34.73194040796099,179.57254427078678,ok,False,2000-08-06 00:30:00,0.31083333333333335,2.0399999618530273,-2.700000047683716,6.099999904632568,10.055872350709057,0.609147655428919,2.7916779102074942,12.847550260916552,40.24056644961487,5.508626041653876,-5.058233632314985,5.058233632314985,5.058233632314985
53,out,2000-08-06 00:19:02.000,out,-26.29238715977485,-34.80155442451005,0.34692272206655955,34.803283548211674,179.4288602983234,ok,False,2000-08-06 00:30:00,0.1827777777777778,2.0399999618530273,-2.700000047683716,6.099999904632568,10.055872350709057,0.609147655428919,2.7916779102074942,12.847550260916552,40.246381166452494,5.44309761824082,-4.998493755250554,4.998493755250554,4.998493755250554
53,out,2000-08-06 00:35:57.000,in,-26.32240377074514,-34.95522195710405,0.5649943073190797,34.959787765913454,179.07398755337798,ok,False,2000-08-06 00:30:00,-0.09916666666666667,2.0399999618530273,-2.700000047683716,6.099999904632568,10.055872350709057,0.609147655428919,2.7916779102074942,12.847550260916552,40.25903644090693,5.299248674993478,-4.867349154605494,4.867349154605494,4.867349154605494
53,out,2000-08-06 12:01:00.000,out,-27.21208964600021,-37.93887581178604,14.936016217679294,40.77306559871238,158.5111191279931,ok,False,2000-08-06 12:30:00,0.48333333333333334,1.7000000476837158,-1.0,8.100000381469727,10.460408419630662,0.5944754911961215,2.7770028543135594,13.237411273944222,41.51899057568656,0.7459249769741803,-0.6880206835834799,0.6880206835834799,0.6880206835834799
53,out,2000-08-06 12:17:51.000,in,-27.226818310449666,-38.1173993383805,14.838952909959204,40.9039198095434,158.7292333997772,ok,False,2000-08-06 12:30:00,0.2025,1.7000000476837158,-1.0,8.100000381469727,10.460408419630662,0.5944754911961215,2.7770028543135594,13.237411273944222,41.5251854827427,0.6212656731992965,-0.5734128075894452,0.5734128075894452,0.5734128075894452
53,out,2000-08-06 12:22:42.000,out,-27.231000359762206,-38.171477143092915,14.803469023137938,40.941474844034005,158.8029633480211,ok,False,2000-08-06 12:30:00,0.12166666666666667,1.7000000476837158,-1.0,8.100000381469727,10.460408419630662,0.5944754911961215,2.7770028543135594,13.237411273944222,41.526944112050494,0.5854692680164888,-0.5398126517995114,0.5398126517995114,0.5398126517995114
53,out,2000-08-06 12:24:47.000,in,-27.232786780428015,-38.19517212632683,14.786907139989843,40.95758533564225,158.83654951563705,ok,False,2000-08-06 12:30:00,0.08694444444444445,1.7000000476837158,-1.0,8.100000381469727,10.460408419630662,0.5944754911961215,2.7770028543135594,13.237411273944222,41.527695287983995,0.5701099523417454,-0.5254646007863928,0.5254646007863928,0.5254646007863928
53,out,2000-08-06 12:28:45.000,out,-27.23618812537572,-38.240287374404204,14.75537331447587,40.988298575649175,158.9004245361127,ok,False,2000-08-06 12:30:00,0.020833333333333332,1.7000000476837158,-1.0,8.100000381469727,10.460408419630662,0.5944754911961215,2.7770028543135594,13.237411273944222,41.52912544903332,0.5408268733841481,-0.49842579781897867,0.49842579781897867,0.49842579781897867
53,out,2000-08-06 12:31:08.000,in,-27.23821957943758,-38.26795201161912,14.73480360659189,41.00671394404113,158.94115324971446,ok,False,2000-08-06 12:30:00,-0.01888888888888889,1.7000000476837158,-1.0,8.100000381469727,10.460408419630662,0.5944754911961215,2.7770028543135594,13.237411273944222,41.52997956431566,0.5232656202745289,-0.4824327643920181,0.4824327643920181,0.4824327643920181
53,out,2000-08-06 12:33:27.000,out,-27.24018111812978,-38.29544058472449,14.713069366278331,41.02456800205313,158.98327538494613,ok,False,2000-08-06 12:30:00,-0.0575,1.7000000476837158,-1.0,8.100000381469727,10.460408419630662,0.5944754911961215,2.7770028543135594,13.237411273944222,41.53080424942499,0.5062362473718593,-0.4671025694259384,0.4671025694259384,0.4671025694259384
53,out,2000-08-06 13:17:50.000,in,-27.27678465197023,-38.86402561374529,14.166144666454183,41.365349528521556,159.97293207889612,ok,False,2000-08-06 13:30:00,0.20277777777777778,1.3700000047683716,-0.5,7.699999809265137,10.834392923376067,0.5879086096494616,2.8944687655727304,13.728861688948797,42.65880029790666,1.2934507693851032,-1.187861075248806,1.187861075248806,1.187861075248806
53,out,2000-08-06 13:20:31.000,out,-27.27893673817102,-38.90088001175135,14.124933709506491,41.385893949347384,160.0440089978682,ok,False,2000-08-06 13:30:00,0.15805555555555556,1.3700000047683716,-0.5,7.699999809265137,10.834392923376067,0.5879086096494616,2.8944687655727304,13.728861688948797,42.65972317646436,1.2738292271169769,-1.169889414266047,1.169889414266047,1.169889414266047
53,out,2000-08-06 13:33:28.000,in,-27.289176086832928,-39.084107877847146,13.906522651827324,41.48444119031833,160.41392468964278,ok,False,2000-08-06 13:30:00,-0.057777777777777775,1.3700000047683716,-0.5,7.699999809265137,10.834392923376067,0.5879086096494616,2.8944687655727304,13.728861688948797,42.66411355768034,1.1796723673620093,-1.0835575438083997,1.0835575438083997,1.0835575438083997
53,out,2000-08-06 15:06:39.000,out,-27.357786799268197,-40.53127470186929,11.695736588887534,42.18500306169282,163.90393401300443,ok,False,2000-08-06 15:30:00,0.38916666666666666,1.2300000190734863,1.0,7.400000095367432,11.070933765453908,0.5758468590706242,2.9736659836773334,14.044599749131242,43.40430687289613,1.2193038112033108,-1.117904428494317,1.117904428494317,1.117904428494317
54,in,2000-08-15 12:44:00.000,in,7.2896946727316605,-14.232864589580652,6.692589157273656,15.72784740685755,154.81611379801782,ok,False,2000-08-15 12:30:00,-0.23333333333333334,1.5700000524520874,0.0,8.5,10.634866781110185,0.586278973086547,2.8079779834334784,13.442844764543663,17.525026648746714,1.7971792418891646,-1.0223538830472088,1.0223538830472088,1.0223538830472088
54,out,2000-08-17 15:42:30.000,out,-31.38891604438695,-24.003450950911645,6.521722046719307,24.87365103895055,164.7997137748833,ok,False,2000-08-17 15:30:00,-0.20833333333333334,1.850000023841858,-0.20000000298023224,16.0,10.365576517838116,0.5899840545346059,2.6320434491373255,12.997619966975442,42.637567608069375,17.763916569118827,-16.44652486460585,16.44652486460585,16.44652486460585
54,out,2000-08-17 15:43:10.000,in,-31.392034956568697,-24.013147662928972,6.510382456491396,24.880038995375834,164.8307688150623,ok,False,2000-08-17 15:30:00,-0.21944444444444444,1.850000023841858,-0.20000000298023224,16.0,10.365576517838116,0.5899840545346059,2.6320434491373255,12.997619966975442,42.63875712786894,17.758718132493108,-16.441929745593704,16.441929745593704,16.441929745593704
54,out,2000-08-17 15:44:00.000,out,-31.395933596795878,-24.02526855295063,6.496207968706507,24.88803421353491,164.86956518237443,ok,False,2000-08-17 15:30:00,-0.23333333333333334,1.850000023841858,-0.20000000298023224,16.0,10.365576517838116,0.5899840545346059,2.6320434491373255,12.997619966975442,42.640243919999875,17.752209706464964,-16.436178960291716,16.436178960291716,16.436178960291716
55,in,2001-02-20 02:45:30.000,in,-87.62831376544007,37.778839252299946,20.512640768175533,42.98847667149112,28.500473991481197,no OMNI within window,False,,,,,,,,,,,,,,
55,out,2001-02-24 22:56:52.000,out,-90.99442430786641,-17.80048357105329,-5.439293496904377,18.612982810629905,-163.00842056467735,ok,False,2001-02-24 22:30:00,-0.4477777777777778,0.8899999856948853,2.4000000953674316,10.800000190734863,11.661835023629308,0.5616248348294688,3.0163047833040446,14.678139806933352,61.42003005629741,42.807047245667505,-42.40891472340444,42.40891472340444,42.40891472340444
56,in,2001-09-08 08:13:44.000,in,-19.420218524217574,46.911597410015226,-28.668930615693075,54.97822800169873,-31.43021672310027,no OMNI within window,False,,,,,,,,,,,,,,
56,in,2001-09-08 08:17:12.000,out,-19.434290197544005,46.827742311141016,-28.729576565827287,54.93838384599932,-31.529788361501303,no OMNI within window,False,,,,,,,,,,,,,,
56,in,2001-09-08 08:48:57.000,in,-19.563009961762546,46.10216607890316,-29.201930123553435,54.57254291406684,-32.35089526363648,no OMNI within window,False,,,,,,,,,,,,,,
56,in,2001-09-08 10:27:00.000,out,-19.95864754939308,44.42207281586716,-29.694969911771352,53.43324612373097,-33.761670530709765,no OMNI within window,False,,,,,,,,,,,,,,
56,in,2001-09-08 12:01:49.000,in,-20.338304395813953,43.69002745210298,-28.780993720482883,52.31791374189139,-33.375066212086736,no OMNI within window,False,,,,,,,,,,,,,,
56,in,2001-09-08 15:15:59.000,out,-21.10528867226564,44.28810819743382,-23.186135145347535,49.990332972345016,-27.63338815117914,no OMNI within window,False,,,,,,,,,,,,,,
56,in,2001-09-08 15:59:18.000,in,-21.274226405337743,44.55978856842754,-21.47161646829819,49.46316883323045,-25.72759553441199,ok,False,2001-09-08 19:30:00,3.5116666666666667,0.09000000357627869,-1.899999976158142,1.600000023841858,16.237926540720473,0.5590127812978511,14.468408395809846,30.706334936530318,74.51125846306452,25.048089629834074,-20.45553115094095,20.45553115094095,20.45553115094095
56,out,2001-09-11 23:50:52.000,out,-4.773312144209358,-25.757917357933078,5.152767032311605,26.26825678851544,168.68753609987147,ok,False,2001-09-11 23:30:00,-0.3477777777777778,1.25,-4.0,3.700000047683716,10.681029364167388,0.6112561107007769,3.5119459988172257,14.192975362984614,30.896080386694962,4.627823598179521,-3.638556761520166,3.638556761520166,3.638556761520166
56,out,2001-09-12 00:15:31.000,in,-4.370263344174075,-25.960051549163058,5.414225371224155,26.518637084239653,168.21927111718637,ok,False,2001-09-12 00:30:00,0.24138888888888888,1.1200000047683716,-4.5,4.099999904632568,10.787587093721793,0.6131632118480482,3.3792236315778372,14.16681072529963,30.53906094107834,4.020423856838686,-3.150821121458076,3.150821121458076,3.150821121458076
56,out,2001-09-12 00:19:14.000,out,-4.3094465707333764,-25.989334945063888,5.457297567127896,26.556122224882515,168.14119801136712,ok,False,2001-09-12 00:30:00,0.17944444444444443,1.1200000047683716,-4.5,4.099999904632568,10.787587093721793,0.6131632118480482,3.3792236315778372,14.16681072529963,30.492424242707006,3.9363020178244916,-3.083261573762232,3.083261573762232,3.083261573762232
56,out,2001-09-12 03:17:01.000,in,-1.3883702759210184,-26.83813984324727,8.76603406373126,28.23347487384777,161.91161640652643,ok,False,2001-09-12 03:30:00,0.21638888888888888,1.399999976158142,-2.4000000953674316,5.400000095367432,10.673361060654141,0.6016193595686131,3.047365857147548,13.72072691780169,27.28361250902592,0.9498623648218469,0.726392854908713,0.726392854908713,0.726392854908713
56,out,2001-09-12 03:18:34.000,out,-1.3628450527502558,-26.84056194817664,8.80300823782807,28.247278094166465,161.84185111631146,ok,False,2001-09-12 03:30:00,0.19055555555555556,1.399999976158142,-2.4000000953674316,5.400000095367432,10.673361060654141,0.6016193595686131,3.047365857147548,13.72072691780169,27.261898066293156,0.9853800278733083,0.7534002098939618,0.7534002098939618,0.7534002098939618
57,in,2001-10-03 04:01:35.000,in,9.000828381467759,11.766479469820764,-4.049889884351164,12.443940179424017,-18.99288684181377,ok,False,2001-10-03 04:30:00,0.4736111111111111,2.9600000381469727,-0.30000001192092896,6.0,9.649116923802902,0.597260528420024,2.6879682859165226,12.337085209719424,12.42143253830635,0.022507641117666566,0.011326068210492871,0.011326068210492871,0.011326068210492871
57,in,2001-10-03 04:06:15.000,out,8.886693021708009,11.73670834842804,-4.099257176878087,12.43198424461063,-19.252676497027455,ok,False,2001-10-03 04:30:00,0.3958333333333333,2.9600000381469727,-0.30000001192092896,6.0,9.649116923802902,0.597260528420024,2.6879682859165226,12.337085209719424,12.629156109890781,0.19717186528015063,-0.0951260446559558,0.0951260446559558,0.0951260446559558
57,in,2001-10-03 04:24:36.000,in,8.435226517703644,11.614053543616771,-4.291563488599161,12.381589433133158,-20.280012330141215,ok,False,2001-10-03 04:30:00,0.09,2.9600000381469727,-0.30000001192092896,6.0,9.649116923802902,0.597260528420024,2.6879682859165226,12.337085209719424,13.417529011290727,1.0359395781575689,-0.5148898834576116,0.5148898834576116,0.5148898834576116
57,in,2001-10-03 04:29:04.000,out,8.324738998890004,11.58296411967022,-4.337905516971388,12.3686087363025,-20.531295844211662,ok,False,2001-10-03 04:30:00,0.015555555555555555,2.9600000381469727,-0.30000001192092896,6.0,9.649116923802902,0.597260528420024,2.6879682859165226,12.337085209719424,13.603076922331002,1.2344681860285025,-0.6178031231566369,0.6178031231566369,0.6178031231566369
57,in,2001-10-03 04:43:37.000,in,7.962415231667818,11.476792644273205,-4.486274237674968,12.322476453021512,-21.35051106664203,ok,False,2001-10-03 04:30:00,-0.22694444444444445,2.9600000381469727,-0.30000001192092896,6.0,9.649116923802902,0.597260528420024,2.6879682859165226,12.337085209719424,14.193392820906732,1.8709163678852203,-0.9565653732970361,0.9565653732970361,0.9565653732970361
57,out,2001-10-04 09:30:44.000,out,-2.7891002577379234,-20.01838689624704,13.432626735923101,24.107494165808095,146.13781812385295,ok,False,2001-10-04 09:30:00,-0.012222222222222223,2.8499999046325684,-2.0,16.600000381469727,9.612980424909775,0.6089305791054257,2.438257416766073,12.051237841675848,25.253992098247735,1.1464979324396403,-0.8933696747248032,0.8933696747248032,0.8933696747248032
57,out,2001-10-04 09:36:28.000,in,-2.733433060996366,-20.07429603998711,13.510208351733368,24.197171140616586,146.05903944269716,ok,False,2001-10-04 09:30:00,-0.10777777777777778,2.8499999046325684,-2.0,16.600000381469727,9.612980424909775,0.6089305791054257,2.438257416766073,12.051237841675848,25.209684467306726,1.01251332669014,-0.7887765562105137,0.7887765562105137,0.7887765562105137
57,out,2001-10-04 09:39:50.000,out,-2.7007447652353354,-20.10712640927634,13.555764998226607,24.24985148667438,146.01305144194885,ok,False,2001-10-04 09:30:00,-0.1638888888888889,2.8499999046325684,-2.0,16.600000381469727,9.612980424909775,0.6089305791054257,2.438257416766073,12.051237841675848,25.183619391652215,0.9337679049778345,-0.7272105951306728,0.7272105951306728,0.7272105951306728
57,out,2001-10-04 10:01:35.000,in,-2.48934649400174,-20.331346584268505,13.825916380142322,24.586980654003337,145.78314030618293,ok,False,2001-10-04 10:30:00,0.4736111111111111,3.0399999618530273,-1.100000023841858,18.600000381469727,9.573487008924161,0.6033825278778242,2.421124206472396,11.994611215396557,24.90607801611418,0.31909736211084194,-0.24855905040765347,0.24855905040765347,0.24855905040765347
57,out,2001-10-04 10:11:22.000,out,-2.3941731853695476,-20.43778904923615,13.936665877019871,24.737297285450712,145.70965981751436,ok,False,2001-10-04 10:30:00,0.31055555555555553,3.0399999618530273,-1.100000023841858,18.600000381469727,9.573487008924161,0.6033825278778242,2.421124206472396,11.994611215396557,24.82935504411078,0.0920577586600686,-0.07219282479716323,0.07219282479716323,0.07219282479716323
58,in,2001-10-23 06:55:34.000,in,13.346100772335372,9.321469876835392,-4.415444202339144,10.314356410785889,-25.34623168040027,ok,False,2001-10-23 06:30:00,-0.4261111111111111,1.7100000381469727,1.100000023841858,6.900000095367432,10.534611303072394,0.5796688438800569,2.859668938310884,13.394280241383278,1.5658257692150308,8.748530641570857,1.912997310950907,1.912997310950907,1.912997310950907
58,in,2001-10-23 07:11:13.000,out,12.992402980657934,9.341150472657166,-4.576253337995692,10.401883808538717,-26.1003509102563,ok,False,2001-10-23 07:30:00,0.31305555555555553,1.8200000524520874,2.299999952316284,6.800000190734863,10.462157267671069,0.5720044143997532,2.846798306037719,13.308955573708788,3.998787523450269,6.403096285088448,1.705743460306932,1.705743460306932,1.705743460306932
58,in,2001-10-23 07:48:37.000,in,12.131407666060717,9.381176849226955,-4.93268045878899,10.598953513672496,-27.73566959625901,ok,False,2001-10-23 07:30:00,-0.31027777777777776,1.8200000524520874,2.299999952316284,6.800000190734863,10.462157267671069,0.5720044143997532,2.846798306037719,13.308955573708788,7.6999926605961155,2.898960853076381,0.980180601405844,0.980180601405844,0.980180601405844
58,out,2001-10-24 20:43:06.000,out,-13.809241399892013,-24.776667987932772,5.35322715231611,25.34837899212782,167.8081259313368,ok,False,2001-10-24 20:30:00,-0.21833333333333332,0.9700000286102295,1.399999976158142,6.800000190734863,11.488052951284663,0.5697831724078185,3.12594896488962,14.614001916174283,37.7483313295797,12.399952337451879,-10.452333658767834,10.452333658767834,10.452333658767834
59,in,2001-11-14 01:14:29.000,in,12.764504072862485,6.979883334056293,-0.7890675606170366,7.024343312527863,-6.449836787280259,ok,True,2001-11-14 01:30:00,0.2586111111111111,2.5299999713897705,2.200000047683716,14.600000381469727,9.951116353152845,0.5771777423453852,2.5346829147903565,12.4857992679432,,,1.270320079115182,1.270320079115182,1.270320079115182
59,out,2001-11-16 01:25:39.000,out,-16.678864651772336,-33.26598678143192,5.441023975512078,33.70802009084041,170.71088694521288,ok,False,2001-11-16 01:30:00,0.0725,2.8399999141693115,2.200000047683716,4.099999904632568,9.778361196796897,0.5787439616768977,3.0630824991021837,12.84144369589908,35.70632436534828,1.9983042745078734,-1.7644243904895096,1.7644243904895096,1.7644243904895096
59,out,2001-11-16 01:45:23.000,in,-16.638100698563267,-33.44578810593348,5.880595932896537,33.9588302294558,170.02791272671777,ok,False,2001-11-16 01:30:00,-0.2563888888888889,2.8399999141693115,2.200000047683716,4.099999904632568,9.778361196796897,0.5787439616768977,3.0630824991021837,12.84144369589908,35.6848621129544,1.7260318834985995,-1.5242593682990595,1.5242593682990595,1.5242593682990595
59,out,2001-11-16 02:08:19.000,out,-16.59005969220496,-33.636635314710986,6.446200053884005,34.24874786659443,169.1512454670213,ok,False,2001-11-16 02:30:00,0.36138888888888887,2.0799999237060547,2.799999952316284,3.4000000953674316,10.26062074871225,0.5702500550696099,3.536804819621138,13.797425568333388,37.65337424001877,3.4046263734243425,-2.9801315733458034,2.9801315733458034,2.9801315733458034
59,out,2001-11-16 02:39:14.000,in,-16.524173493837928,-33.85960147807771,7.295877926443741,34.63672107708538,167.8401411874652,ok,False,2001-11-16 02:30:00,-0.15388888888888888,2.0799999237060547,2.799999952316284,3.4000000953674316,10.26062074871225,0.5702500550696099,3.536804819621138,13.797425568333388,37.61757758305883,2.980856505973449,-2.6096387192205412,2.6096387192205412,2.6096387192205412
59,out,2001-11-16 04:24:06.000,out,-16.291662735928174,-34.29385941809552,10.714389925457318,35.92863684114442,162.64969107434635,ok,False,2001-11-16 04:30:00,0.09833333333333333,2.049999952316284,-0.30000001192092896,3.5999999046325684,10.201404608707163,0.5921285088061549,3.403311452710948,13.604716061418111,37.09123713038632,1.162600289241901,-1.01998349686298,1.01998349686298,1.01998349686298
59,out,2001-11-16 06:24:37.000,in,-16.0088122092312,-34.30687766709766,14.818816562226642,37.370565684374206,156.6381250410335,ok,False,2001-11-16 06:30:00,0.08972222222222222,1.8200000524520874,-0.8999999761581421,3.799999952316284,10.358224532682293,0.5947263484103573,3.360257384062056,13.718481916744349,37.17237462382014,0.1981910605540662,0.17501180565771557,0.17501180565771557,0.17501180565771557
59,out,2001-11-16 06:42:45.000,out,-15.964930312939718,-34.29449560156839,15.376120283011089,37.58373988207691,155.85066630017394,ok,False,2001-11-16 06:30:00,-0.2125,1.8200000524520874,-0.8999999761581421,3.799999952316284,10.358224532682293,0.5947263484103573,3.360257384062056,13.718481916744349,37.14825974547422,0.4354801366026919,0.38189972842149716,0.38189972842149716,0.38189972842149716
60,in,2001-12-01 21:49:22.000,in,18.077140021328166,-1.3280939546796955,0.35089734868449607,1.373667536840906,165.20000847363715,ok,True,2001-12-01 21:30:00,-0.3227777777777778,1.409999966621399,6.400000095367432,5.400000095367432,10.914564567625872,0.5396133400578007,3.1162321990236332,14.030796766649505,,,4.077048289624233,4.077048289624233,4.077048289624233
60,in,2001-12-01 22:52:44.000,out,17.212896458579085,-0.21036586080790953,0.28644472727612535,0.3553932711486623,126.29367111468976,ok,True,2001-12-01 22:30:00,-0.3788888888888889,0.800000011920929,5.300000190734863,3.4000000953674316,11.886955187661133,0.5399925276499588,4.097397362982821,15.984352550643955,,,1.2305452309040765,1.2305452309040765,1.2305452309040765
60,in,2001-12-01 23:07:11.000,in,17.00584899216523,0.04567470714741455,0.27391290672282864,0.2776949033424112,80.53308721031868,ok,True,2001-12-01 23:30:00,0.38027777777777777,1.5700000524520874,3.299999952316284,5.0,10.714378305720128,0.5629288970820513,3.1250270058350376,13.839405311555165,,,3.1677533502879367,3.1677533502879367,3.1677533502879367
60,in,2001-12-01 23:10:57.000,out,16.9513488986577,0.11245503921404781,0.2706102750377629,0.2930461683773509,67.4341416929818,ok,True,2001-12-01 23:30:00,0.3175,1.5700000524520874,3.299999952316284,5.0,10.714378305720128,0.5629288970820513,3.1250270058350376,13.839405311555165,,,3.1134038479141677,3.1134038479141677,3.1134038479141677
60,in,2001-12-02 02:22:39.000,in,13.776852345080318,3.4793835584306403,-0.176832573139035,3.4838742379139402,-2.909437861733522,ok,True,2001-12-02 02:30:00,0.1225,2.759999990463257,5.099999904632568,8.0,9.852142627622305,0.5575621620541366,2.6194188732170414,12.471561500839346,,,1.5459864136887997,1.5459864136887997,1.5459864136887997
60,in,2001-12-02 02:27:48.000,out,13.679609811294672,3.566692752622108,-0.20213159999054547,3.5724157618230565,-3.2435966949474984,ok,True,2001-12-02 02:30:00,0.03666666666666667,2.759999990463257,5.099999904632568,8.0,9.852142627622305,0.5575621620541366,2.6194188732170414,12.471561500839346,,,1.4619997022335713,1.4619997022335713,1.4619997022335713
60,in,2001-12-02 02:45:01.000,in,13.349189858008849,3.855937654956387,-0.29368747549518054,3.8671058341055646,-4.355523513070469,ok,True,2001-12-02 02:30:00,-0.25027777777777777,2.759999990463257,5.099999904632568,8.0,9.852142627622305,0.5575621620541366,2.6194188732170414,12.471561500839346,,,1.1786468805949175,1.1786468805949175,1.1786468805949175
60,out,2001-12-05 05:45:34.000,out,-29.866234140257404,-42.10575471910563,11.361543036353702,43.6116869730168,164.89931696767536,ok,False,2001-12-05 05:30:00,-0.2594444444444444,1.840000033378601,-2.5,5.900000095367432,10.231969098227403,0.6062440385571789,2.8606237077915577,13.09259280601896,42.26870798128252,1.3429789917342845,1.249687898334502,1.249687898334502,1.249687898334502
61,in,2002-07-20 15:14:46.000,in,-21.025993960054493,22.047158051299807,-5.690191241189239,22.769616915976002,-14.471761036341292,ok,False,2002-07-20 15:30:00,0.2538888888888889,1.4199999570846558,-1.2000000476837158,7.0,10.737888494479247,0.5933518359879835,2.908178133921463,13.64606662840071,39.617075948558046,16.847459032582044,-14.878232823032963,14.878232823032963,14.878232823032963
61,out,2002-07-22 01:28:01.000,out,12.62573061081693,-0.7628155359337642,0.27120845933973103,0.8095934598793065,160.4278638784705,ok,False,2002-07-22 01:30:00,0.03305555555555555,2.2100000381469727,-0.8999999761581421,10.699999809265137,10.057949016593199,0.5974583563573358,2.6031113565214823,12.661060373114681,1.3036676748676117,0.49407421498830517,-0.021858829685972903,0.021858829685972903,0.021858829685972903
61,out,2002-07-22 01:34:37.000,in,12.75292417193515,-0.6332256404701048,0.27498714414181286,0.6903568940714973,156.52642573534274,ok,True,2002-07-22 01:30:00,-0.07694444444444444,2.2100000381469727,-0.8999999761581421,10.699999809265137,10.057949016593199,0.5974583563573358,2.6031113565214823,12.661060373114681,,,0.10177868930177425,0.10177868930177425,0.10177868930177425
61,out,2002-07-22 01:48:18.000,out,13.012490320051956,-0.36429087219810297,0.28019931565784184,0.45958622266336213,142.43382223754293,ok,True,2002-07-22 01:30:00,-0.305,2.2100000381469727,-0.8999999761581421,10.699999809265137,10.057949016593199,0.5974583563573358,2.6031113565214823,12.661060373114681,,,0.35577524541914624,0.35577524541914624,0.35577524541914624
62,in,2002-08-08 22:09:05.500,in,-10.047125019603564,32.22384953357571,-2.6542295299709386,32.33297717749322,-4.708736597483427,ok,False,2002-08-08 22:30:00,0.34847222222222224,4.699999809265137,2.200000047683716,9.100000381469727,9.059780260163697,0.5855700901220213,2.3756867774393076,11.435467037603004,29.083257452614077,3.2497197248791423,2.7945540883326974,2.7945540883326974,2.7945540883326974
62,in,2002-08-08 22:29:50.000,out,-10.109008124577059,31.935617555444804,-2.586249419907579,32.04016783210735,-4.629893471485579,ok,False,2002-08-08 22:30:00,0.002777777777777778,4.699999809265137,2.200000047683716,9.100000381469727,9.059780260163697,0.5855700901220213,2.3756867774393076,11.435467037603004,29.12076711255617,2.919400719551181,2.5103268089488355,2.5103268089488355,2.5103268089488355
62,in,2002-08-08 23:01:56.000,in,-10.203794108003354,31.47757757888707,-2.5786287587554,31.583021016209557,-4.683186740327752,ok,False,2002-08-08 23:30:00,0.4677777777777778,4.510000228881836,0.6000000238418579,10.300000190734863,9.082135326833283,0.5966158221522446,2.356956279013179,11.439091605846462,29.185374133955023,2.3976468822545343,2.0613428701462038,2.0613428701462038,2.0613428701462038
62,in,2002-08-08 23:16:35.000,out,-10.246644750462497,31.263828592616832,-2.6122071386928574,31.372768516724243,-4.776177887635571,ok,False,2002-08-08 23:30:00,0.22361111111111112,4.510000228881836,0.6000000238418579,10.300000190734863,9.082135326833283,0.5966158221522446,2.356956279013179,11.439091605846462,29.2112299173843,2.1615385993399414,1.858277660470687,1.858277660470687,1.858277660470687
62,in,2002-08-09 01:29:49.000,in,-10.623333375953791,29.165869462664737,-3.800269389333846,29.4124121578749,-7.423730713407341,ok,False,2002-08-09 01:30:00,0.0030555555555555557,4.360000133514404,3.799999952316284,10.100000381469727,9.183199220935997,0.5729567856293436,2.3867135614995463,11.569912782435543,29.701149336439954,0.28873717856505365,-0.2476910130867144,0.2476910130867144,0.2476910130867144
62,out,2002-08-10 11:20:55.500,out,11.661044104242672,-3.5786090565385766,2.231538265153917,4.217369536617117,148.0532843664752,ok,False,2002-08-10 11:30:00,0.15125,2.3499999046325684,-2.5,8.300000190734863,9.859632618457534,0.6097523152238137,2.6101376752894754,12.46977029374701,6.180398535893312,1.9630289992761956,-0.42595439251482575,0.42595439251482575,0.42595439251482575
63,in,2002-08-28 20:10:02.500,in,-0.446702155108016,33.4406790577938,-6.588971805273176,34.083626058520444,-11.146471220804909,ok,False,2002-08-28 20:30:00,0.3326388888888889,1.059999942779541,-3.5,4.900000095367432,11.016317582335196,0.6053453645358979,3.2328415483384134,14.24915913067361,27.471802752860487,6.611823305659957,5.0814862664348,5.0814862664348,5.0814862664348
63,in,2002-08-28 20:28:52.500,out,-0.5705395611896771,33.26089585215083,-6.251861976097472,33.843359334672996,-10.645353678710249,ok,False,2002-08-28 20:30:00,0.01875,1.059999942779541,-3.5,4.900000095367432,11.016317582335196,0.6053453645358979,3.2328415483384134,14.24915913067361,27.580987501535112,6.262371833137884,4.816093636286279,4.816093636286279,4.816093636286279
63,in,2002-08-28 20:47:42.500,in,-0.6944519836616848,33.06963221962971,-5.954621867617761,33.60145974102737,-10.207477891555149,ok,False,2002-08-28 20:30:00,-0.2951388888888889,1.059999942779541,-3.5,4.900000095367432,11.016317582335196,0.6053453645358979,3.2328415483384134,14.24915913067361,27.689702146706452,5.9117575943209175,4.549449127014844,4.549449127014844,4.549449127014844
63,out,2002-08-30 13:27:13.500,out,16.742467480958958,-3.3427976399974253,2.698616575341746,4.296140998929338,141.08631090376156,ok,True,2002-08-30 13:30:00,0.04625,2.059999942779541,-0.8999999761581421,9.199999809265137,10.165633331711499,0.596469339864554,2.662948669588084,12.828582001299583,,,4.236994849751726,4.236994849751726,4.236994849751726
64,in,2002-09-17 10:44:58.500,in,5.456070631247985,20.649271865288462,-13.151409146329696,24.481666428181683,-32.49283919031638,ok,False,2002-09-17 10:30:00,-0.24958333333333332,1.5499999523162842,-2.799999952316284,4.199999809265137,10.47378815178331,0.605906662978073,3.2478814826721534,13.721669634455463,20.44521673970377,4.036449688477912,2.678152724957533,2.678152724957533,2.678152724957533
64,in,2002-09-17 10:50:24.500,out,5.390729004249853,20.58643713448716,-13.114293121893297,24.4087295445529,-32.49858696059179,ok,False,2002-09-17 10:30:00,-0.3401388888888889,1.5499999523162842,-2.799999952316284,4.199999809265137,10.47378815178331,0.605906662978073,3.2478814826721534,13.721669634455463,20.523350326747906,3.8853792178049957,2.5805969810960185,2.5805969810960185,2.5805969810960185
64,in,2002-09-17 11:35:01.000,in,4.851555116857712,20.11423537394703,-12.721513426699005,23.799566562108332,-32.31184655677259,ok,False,2002-09-17 11:30:00,-0.08361111111111111,1.9299999475479126,-3.700000047683716,4.800000190734863,10.037242750728579,0.6154613928182675,2.964720937992829,13.001963688721407,19.750176241232882,4.04939032087545,2.7215719652226555,2.7215719652226555,2.7215719652226555
64,in,2002-09-17 11:45:35.000,out,4.723195844093605,20.012054109741133,-12.60830875881168,23.65273260003449,-32.212392475358,ok,False,2002-09-17 11:30:00,-0.25972222222222224,1.9299999475479126,-3.700000047683716,4.800000190734863,10.037242750728579,0.6154613928182675,2.964720937992829,13.001963688721407,19.90001729640914,3.752715303625351,2.5272671077183033,2.5272671077183033,2.5272671077183033
64,in,2002-09-17 12:52:11.500,in,3.908453458242303,19.437433976525814,-11.73130387863545,22.703244928527006,-31.11273675814,ok,False,2002-09-17 12:30:00,-0.3698611111111111,2.2799999713897705,-1.600000023841858,5.099999904632568,9.970577318997618,0.6028940605173091,2.89130797256415,12.861885291561768,20.551625271006056,2.15161965752095,1.4679649250456,1.4679649250456,1.4679649250456
64,out,2002-09-18 16:16:11.000,out,14.928208526585427,-7.460374235098087,4.365392762020308,8.64371665977169,149.66622194325436,ok,True,2002-09-18 16:30:00,0.23027777777777778,1.399999976158142,5.300000190734863,5.099999904632568,10.920604545228235,0.5472840970864612,3.166800675290589,14.087405220518825,,,2.140390830733993,2.140390830733993,2.140390830733993
64,out,2002-09-18 16:23:35.000,in,15.096542266109871,-7.468490933197048,4.324615625015414,8.630217675318159,149.92709392726485,ok,True,2002-09-18 16:30:00,0.10694444444444444,1.399999976158142,5.300000190734863,5.099999904632568,10.920604545228235,0.5472840970864612,3.166800675290589,14.087405220518825,,,2.297668127677984,2.297668127677984,2.297668127677984
64,out,2002-09-18 16:29:37.200,out,15.233365865422263,-7.474803210382345,4.291161318004788,8.61897606975926,150.1405768934486,ok,True,2002-09-18 16:30:00,0.006333333333333333,1.399999976158142,5.300000190734863,5.099999904632568,10.920604545228235,0.5472840970864612,3.166800675290589,14.087405220518825,,,2.425519455343988,2.425519455343988,2.425519455343988
65,in,2002-10-09 13:43:28.000,in,9.100675921673933,14.363467380414386,-8.196419663269294,16.53754789818175,-29.710961963861727,ok,False,2002-10-09 13:30:00,-0.22444444444444445,1.4800000190734863,-4.400000095367432,6.699999809265137,10.35607851552659,0.6165470242358998,2.824974951702161,13.181053467228752,14.185011881741667,2.352536016440082,1.242137881789864,1.242137881789864,1.242137881789864
65,out,2002-10-10 09:26:31.000,out,10.752175122235863,-7.542755311738788,6.068702945583451,9.681028516355942,141.18075719177477,ok,False,2002-10-10 09:30:00,0.058055555555555555,2.2300000190734863,-4.300000190734863,7.099999904632568,9.745765829368533,0.6218432295011969,2.6336842441561013,12.379450073524634,8.720492975897834,0.9605355404581086,0.3521887850924812,0.3521887850924812,0.3521887850924812
66,in,2002-11-01 02:26:19.000,in,12.03979040353004,10.760587700241748,-2.856766625212764,11.133344654932925,-14.868149201211574,ok,False,2002-11-01 02:30:00,0.06138888888888889,1.559999942779541,-0.6000000238418579,8.199999809265137,10.618451548433992,0.5904348506171366,2.8149156052526583,13.43336715368665,8.412409658849958,2.720934996082967,0.9687716263547186,0.9687716263547186,0.9687716263547186
66,out,2002-11-01 21:25:01.000,out,8.919502785263346,-13.468589866750381,3.4971290606776657,13.915201208238683,165.444530479472,ok,False,2002-11-01 21:30:00,0.08305555555555555,3.630000114440918,5.400000095367432,7.300000190734863,9.45317419789326,0.558976526327515,2.544077135139025,11.997251333032285,11.769171807434825,2.146029400803858,1.0604112837060293,1.0604112837060293,1.0604112837060293
67,in,2002-11-27 16:16:32.000,in,10.683778171968315,10.031971889304678,-3.070523402222336,10.491357107228517,-17.017975166923325,ok,False,2002-11-27 16:30:00,0.22444444444444445,2.240000009536743,2.299999952316284,8.0,10.138136164067168,0.5748145221761625,2.695456837271826,12.833593001338993,10.19623954023038,0.29511756699813674,0.11681446700896086,0.11681446700896086,0.11681446700896086
67,out,2002-11-28 16:30:08.000,out,2.3875677501869985,-20.61813045791098,5.839088391868601,21.429005035873484,164.18779096207237,ok,False,2002-11-28 16:30:00,-0.0022222222222222222,1.6399999856948853,-0.800000011920929,6.099999904632568,10.52823854006875,0.5925526588231074,2.9228146440853227,13.451053184154073,23.286109224443113,1.8571041885696289,-1.2920566702104945,1.2920566702104945,1.2920566702104945
67,out,2002-11-28 16:33:38.000,in,2.4324545847723935,-20.687237559954283,5.794914941065473,21.483548055108752,164.35136280327947,ok,False,2002-11-28 16:30:00,-0.06055555555555556,1.6399999856948853,-0.800000011920929,6.099999904632568,10.52823854006875,0.5925526588231074,2.9228146440853227,13.451053184154073,23.240844736746816,1.7572966816380635,-1.2220099387716703,1.2220099387716703,1.2220099387716703
67,out,2002-11-28 16:36:17.000,out,2.4664403309584784,-20.73956150864422,5.761469328314533,21.524960868534603,164.47465788516445,ok,False,2002-11-28 16:30:00,-0.10472222222222222,1.6399999856948853,-0.800000011920929,6.099999904632568,10.52823854006875,0.5925526588231074,2.9228146440853227,13.451053184154073,23.20650334996632,1.6815424814317161,-1.168829193008822,1.168829193008822,1.168829193008822
68,in,2003-08-12 16:44:54.000,in,-34.29991522803744,48.03576086438426,-12.225933258334999,49.56720453946916,-14.27958198146322,ok,False,2003-08-12 16:30:00,-0.24833333333333332,2.1500000953674316,-0.5,7.199999809265137,10.11929724107564,0.5942196122824971,2.728866359595443,12.848163600671084,43.3538097618811,6.213394777588057,5.865405789853606,5.865405789853606,5.865405789853606
68,in,2003-08-12 16:51:05.000,out,-34.35581547377176,48.0659110150384,-11.94970470319217,49.52905454578235,-13.961305921984652,ok,False,2003-08-12 16:30:00,-0.35138888888888886,2.1500000953674316,-0.5,7.199999809265137,10.11929724107564,0.5942196122824971,2.728866359595443,12.848163600671084,43.37372386787514,6.155330677907209,5.811343096886415,5.811343096886415,5.811343096886415
68,in,2003-08-12 17:10:00.000,in,-34.5266462787993,48.14725881001123,-11.105032703704305,49.41133758833641,-12.987980853384693,ok,False,2003-08-12 17:30:00,0.3333333333333333,2.190000057220459,0.5,7.699999809265137,10.129474377226959,0.5873460621219178,2.7061458268966483,12.835620204123607,43.40399095697332,6.007346631363092,5.6738678914511045,5.6738678914511045,5.6738678914511045
68,in,2003-08-12 17:17:00.000,out,-34.58978660550511,48.17269896280375,-10.793989049193868,49.367186723116305,-12.629579333481276,ok,False,2003-08-12 17:30:00,0.21666666666666667,2.190000057220459,0.5,7.699999809265137,10.129474377226959,0.5873460621219178,2.7061458268966483,12.835620204123607,43.426362814190966,5.9408239089253385,5.611567859010782,5.611567859010782,5.611567859010782
68,in,2003-08-12 17:21:42.000,in,-34.6321684669871,48.18897366964689,-10.585626398366276,49.337943507808575,-12.389331003642539,ok,False,2003-08-12 17:30:00,0.13833333333333334,2.190000057220459,0.5,7.699999809265137,10.129474377226959,0.5873460621219178,2.7061458268966483,12.835620204123607,43.441363297365854,5.896580210442721,5.570263314928571,5.570263314928571,5.570263314928571
68,in,2003-08-12 17:31:16.000,out,-34.71838147069127,48.21858727673324,-10.16372642084177,49.278123885976605,-11.902817360427647,ok,False,2003-08-12 17:30:00,-0.021111111111111112,2.190000057220459,0.5,7.699999809265137,10.129474377226959,0.5873460621219178,2.7061458268966483,12.835620204123607,43.47183701541855,5.806286870558054,5.485772101745883,5.485772101745883,5.485772101745883
68,in,2003-08-12 17:33:39.000,in,-34.73984455113569,48.22495954604142,-10.059413151825982,49.26295277565547,-11.782574632953075,ok,False,2003-08-12 17:30:00,-0.060833333333333336,2.190000057220459,0.5,7.699999809265137,10.129474377226959,0.5873460621219178,2.7061458268966483,12.835620204123607,43.47941520233543,5.783537573320039,5.464512512898748,5.464512512898748,5.464512512898748
68,in,2003-08-12 17:55:51.000,out,-34.93960767219064,48.2735662571341,-9.098836577077156,49.12357912691494,-10.674157653491653,ok,False,2003-08-12 17:30:00,-0.43083333333333335,2.190000057220459,0.5,7.699999809265137,10.129474377226959,0.5873460621219178,2.7061458268966483,12.835620204123607,43.54978793250014,5.573791194414802,5.268250287078015,5.268250287078015,5.268250287078015
68,in,2003-08-12 18:12:32.000,in,-35.08949426293636,48.29409568394795,-8.396841970677192,49.018635568637016,-9.86335272289245,ok,False,2003-08-12 18:30:00,0.2911111111111111,2.2799999713897705,2.0,9.399999618530273,10.105533005577536,0.5771955990467981,2.6420601496907383,12.747593155268275,43.3875079916815,5.631127576955514,5.327051662481935,5.327051662481935,5.327051662481935
68,in,2003-08-12 18:29:52.000,out,-35.24500768966099,48.30112868189861,-7.690182896728127,48.90948726914297,-9.04632298382558,ok,False,2003-08-12 18:30:00,0.0022222222222222222,2.2799999713897705,2.0,9.399999618530273,10.105533005577536,0.5771955990467981,2.6420601496907383,12.747593155268275,43.441656509817484,5.467830759325487,5.174003493731999,5.174003493731999,5.174003493731999
68,in,2003-08-12 18:44:16.000,in,-35.37402026191851,48.29504157815924,-7.126264565999841,48.81797504711513,-8.393815313342925,ok,False,2003-08-12 18:30:00,-0.23777777777777778,2.2799999713897705,2.0,9.399999618530273,10.105533005577536,0.5771955990467981,2.6420601496907383,12.747593155268275,43.486446285138115,5.331528761977012,5.046195875904174,5.046195875904174,5.046195875904174
68,in,2003-08-12 18:45:57.000,out,-35.3890926793387,48.29376501663292,-7.06157218778457,48.80731032586256,-8.318904002412832,ok,False,2003-08-12 18:30:00,-0.2658333333333333,2.2799999713897705,2.0,9.399999618530273,10.105533005577536,0.5771955990467981,2.6420601496907383,12.747593155268275,43.49167127946568,5.315639046396882,5.0313327849349525,5.0313327849349525,5.0313327849349525
68,in,2003-08-12 19:16:07.000,in,-35.65884174418888,48.24926740100962,-5.957554259592376,48.61567913225235,-7.038940336223703,ok,False,2003-08-12 19:30:00,0.2313888888888889,2.1700000762939453,-0.5,9.699999809265137,10.105110562561444,0.5943492797467629,2.634829697405125,12.73994025996657,43.56612041911043,5.04955871314192,4.781984294404764,4.781984294404764,4.781984294404764
68,in,2003-08-12 21:26:27.000,out,-36.816368090427545,47.701549626423386,-2.6905856934398193,47.77737004205941,-3.228323453005709,ok,False,2003-08-12 21:30:00,0.059166666666666666,2.0799999237060547,2.200000047683716,8.399999618530273,10.2508353613405,0.5745238770702931,2.7100756647423845,12.960911026082883,44.506471863789166,3.2708981782702438,3.099444011312439,3.099444011312439,3.099444011312439
68,in,2003-08-12 21:32:40.000,in,-36.87125587212318,47.665914542965616,-2.6037369863758677,47.73697576838653,-3.1266582480410854,ok,False,2003-08-12 21:30:00,-0.044444444444444446,2.0799999237060547,2.200000047683716,8.399999618530273,10.2508353613405,0.5745238770702931,2.7100756647423845,12.960911026082883,44.525167561289514,3.2118082070970146,3.0435072416194306,3.0435072416194306,3.0435072416194306
68,in,2003-08-12 21:48:30.000,out,-37.010914355242654,47.5727663737116,-2.412525151153986,47.633899463015794,-2.9031146839143376,ok,False,2003-08-12 21:30:00,-0.30833333333333335,2.0799999237060547,2.200000047683716,8.399999618530273,10.2508353613405,0.5745238770702931,2.7100756647423845,12.960911026082883,44.57264430935928,3.0612551536565107,2.9015561113266006,2.9015561113266006,2.9015561113266006
68,in,2003-08-12 22:05:48.000,in,-37.16327901614582,47.46747681895868,-2.2541986763248656,47.52097186748946,-2.7188954977466735,ok,False,2003-08-12 22:30:00,0.4033333333333333,2.5399999618530273,0.4000000059604645,10.800000190734863,9.901247076297594,0.5901130823309937,2.5609330655423044,12.462180141839898,43.38394849367569,4.1370233738137685,3.935237072944479,3.935237072944479,3.935237072944479
68,in,2003-08-12 22:20:11.000,out,-37.289790499515824,47.37774364701489,-2.1585895844315077,47.42689218235025,-2.608663723951865,ok,False,2003-08-12 22:30:00,0.16361111111111112,2.5399999618530273,0.4000000059604645,10.800000190734863,9.901247076297594,0.5901130823309937,2.5609330655423044,12.462180141839898,43.42544585096297,4.001446331387278,3.8070795197711207,3.8070795197711207,3.8070795197711207
68,in,2003-08-12 23:38:29.000,in,-37.9755808402595,46.85720593849484,-2.2484051176024953,46.91111887319868,-2.747184470242514,ok,False,2003-08-12 23:30:00,-0.1413888888888889,2.5799999237060547,-0.5,12.100000381469727,9.843582812608842,0.5967728423285485,2.5285910623962415,12.372173875005084,43.42156319362264,3.4895556795760427,3.3258852752720283,3.3258852752720283,3.3258852752720283
68,in,2003-08-12 23:47:36.000,out,-38.055110908175685,46.79309766552905,-2.322084983840819,46.850678413529074,-2.8409450222292367,ok,False,2003-08-12 23:30:00,-0.29333333333333333,2.5799999237060547,-0.5,12.100000381469727,9.843582812608842,0.5967728423285485,2.5285910623962415,12.372173875005084,43.44707602171286,3.4036023918162144,3.2443528953061667,3.2443528953061667,3.2443528953061667
68,in,2003-08-13 00:11:30.000,in,-38.26329645388115,46.62098471644299,-2.5720059766454213,46.69187756638954,-3.1577165542836,ok,False,2003-08-13 00:30:00,0.30833333333333335,2.809999942779541,2.799999952316284,12.600000381469727,9.80345687777549,0.5742959180953923,2.5130058033713962,12.316462681146886,43.37260464371922,3.319272922670322,3.1663464052164416,3.1663464052164416,3.1663464052164416
68,in,2003-08-13 00:14:21.000,out,-38.288086286040574,46.599948086697985,-2.6081490723480947,46.672878669164355,-3.2034411170015673,ok,False,2003-08-13 00:30:00,0.2608333333333333,2.809999942779541,2.799999952316284,12.600000381469727,9.80345687777549,0.5742959180953923,2.5130058033713962,12.316462681146886,43.38048496916143,3.2923937000029255,3.1407357479232303,3.1407357479232303,3.1407357479232303
68,in,2003-08-13 00:15:48.000,in,-38.300698656788356,46.58924523998561,-2.626537664898578,46.66322397923929,-3.2267187740774994,ok,False,2003-08-13 00:30:00,0.23666666666666666,2.809999942779541,2.799999952316284,12.600000381469727,9.80345687777549,0.5742959180953923,2.5130058033713962,12.316462681146886,43.38449267520849,3.2787313040307993,3.127687078656334,3.127687078656334,3.127687078656334
68,in,2003-08-13 00:24:27.000,out,-38.375902102752455,46.524820543246754,-2.742367281358944,46.60557375343837,-3.373349405648709,ok,False,2003-08-13 00:30:00,0.0925,2.809999942779541,2.799999952316284,12.600000381469727,9.80345687777549,0.5742959180953923,2.5130058033713962,12.316462681146886,43.40836718307869,3.1972065703596826,3.050361316272666,3.050361316272666,3.050361316272666
68,in,2003-08-13 00:25:48.000,in,-38.38763377316468,46.51468087598489,-2.7613480104499826,46.5965726189119,-3.3973815648739314,ok,False,2003-08-13 00:30:00,0.07,2.809999942779541,2.799999952316284,12.600000381469727,9.80345687777549,0.5742959180953923,2.5130058033713962,12.316462681146886,43.41208816924034,3.184484449671558,3.038380160979188,3.038380160979188,3.038380160979188
68,in,2003-08-13 00:43:42.000,out,-38.54304641234267,46.37775559412274,-3.0361672195602454,46.47703223457061,-3.745581988898724,ok,False,2003-08-13 00:30:00,-0.22833333333333333,2.809999942779541,2.799999952316284,12.600000381469727,9.80345687777549,0.5742959180953923,2.5130058033713962,12.316462681146886,43.46129424425295,3.0157379903176604,2.8779938067432256,2.8779938067432256,2.8779938067432256
68,in,2003-08-13 00:47:01.000,in,-38.57181502207239,46.3518774204957,-3.0915461043852788,46.45486193844729,-3.8158234934250967,ok,False,2003-08-13 00:30:00,-0.2836111111111111,2.809999942779541,2.799999952316284,12.600000381469727,9.80345687777549,0.5742959180953923,2.5130058033713962,12.316462681146886,43.470385147434065,2.984476791013222,2.8481529027958055,2.8481529027958055,2.8481529027958055
68,in,2003-08-13 00:53:59.000,out,-38.63221124219955,46.29687047688397,-3.2128716130636814,46.40821866819929,-3.96980008644645,ok,False,2003-08-13 00:30:00,-0.3997222222222222,2.809999942779541,2.799999952316284,12.600000381469727,9.80345687777549,0.5742959180953923,2.5130058033713962,12.316462681146886,43.489452454050124,2.9187662141491657,2.7859108570779925,2.7859108570779925,2.7859108570779925
68,in,2003-08-13 01:09:45.000,in,-38.768763372882596,46.169571650455445,-3.5077402583602395,46.30263046638561,-4.3447088848954705,ok,False,2003-08-13 01:30:00,0.3375,2.7899999618530273,2.200000047683716,12.600000381469727,9.804712936589006,0.5785032735129024,2.5133277799075397,12.318040716496546,43.53648779968628,2.7661426666993307,2.640813773388995,2.640813773388995,2.640813773388995
68,out,2003-08-19 17:43:37.000,out,-79.77665946368458,-32.19992123145533,17.7950851152203,36.78994402781639,151.07304010567927,ok,False,2003-08-19 17:30:00,-0.22694444444444445,3.490000009536743,8.100000381469727,5.400000095367432,9.518806917461463,0.5389977631693919,2.717727530832184,12.236534448293646,51.67092656772919,14.8809825399128,-14.78360085771206,14.78360085771206,14.78360085771206
69,in,2003-10-13 14:51:17.000,in,-31.119673274750525,41.99012073647754,-13.472885952075199,44.09862690993435,-17.789278412365544,ok,False,2003-10-13 14:30:00,-0.3547222222222222,3.7100000381469727,-5.5,7.0,8.855618552601236,0.6379609573291665,2.3983966913295016,11.254015243930738,38.3532412954658,5.745385614468553,5.438478635784651,5.438478635784651,5.438478635784651
69,out,2004-02-20 18:55:11.000,out,-119.42354248493815,-19.20939953670158,3.7957881221478402,19.58083343550191,168.82231844678472,ok,False,2004-02-20 18:30:00,-0.4197222222222222,0.7900000214576721,-4.199999809265137,5.099999904632568,11.42045343705062,0.6059524185085184,3.3117488603119067,14.732202297362527,63.95921543147402,44.37838199597211,-44.33933249818136,44.33933249818136,44.33933249818136
70,in,2004-04-16 04:52:00.000,in,-78.59997916444065,67.94593354210181,37.70516971041565,77.70669023835053,29.027165043528232,ok,False,2004-04-16 04:30:00,-0.36666666666666664,2.890000104904175,-0.6000000238418579,10.199999809265137,9.671403018580127,0.5990796658450701,2.5117114241305822,12.18311444271071,51.351541316819436,26.355148921531097,26.198824429260437,26.198824429260437,26.198824429260437
70,in,2004-04-16 05:17:31.000,out,-78.62126057105374,68.55108979607238,36.283188121143574,77.5610833631369,27.891679001881407,ok,False,2004-04-16 05:30:00,0.20805555555555555,2.430000066757202,-5.699999809265137,8.0,9.408362793270491,0.6331096900155105,2.501429790274297,11.909792583544789,50.3980897204743,27.1629936426626,27.021862829269924,27.021862829269924,27.021862829269924
70,in,2004-04-16 06:08:58.000,in,-78.66389210868591,69.6448216352165,33.463899427780625,77.26728768058148,25.663992352696965,ok,False,2004-04-16 06:30:00,0.35055555555555556,2.3499999046325684,-4.599999904632568,7.599999904632568,9.62795468967541,0.6247537522560087,2.5766143760052214,12.20456906568063,51.43340241751724,25.833885263064232,25.67966944945925,25.67966944945925,25.67966944945925
70,in,2004-04-16 06:44:24.000,out,-78.69303165509959,70.2779515636451,31.620959584400303,77.06410033874609,24.22495290514647,ok,False,2004-04-16 06:30:00,-0.24,2.3499999046325684,-4.599999904632568,7.599999904632568,9.62795468967541,0.6247537522560087,2.5766143760052214,12.20456906568063,51.436756791563724,25.627343547182363,25.474576030777488,25.474576030777488,25.474576030777488
70,in,2004-04-16 06:50:59.000,in,-78.69842718279881,70.38460038039139,31.290777670989087,77.0266495309426,23.968425120752894,ok,False,2004-04-16 06:30:00,-0.3497222222222222,2.3499999046325684,-4.599999904632568,7.599999904632568,9.62795468967541,0.6247537522560087,2.5766143760052214,12.20456906568063,51.43737752499073,25.589272005951877,25.436771718201868,25.436771718201868,25.436771718201868
70,out,2004-04-27 04:48:23.000,out,-39.41104492003806,-41.648724537650914,-13.140570927052043,43.67254125765995,-162.48901613785537,ok,False,2004-04-27 04:30:00,-0.3063888888888889,1.5299999713897705,5.699999809265137,6.099999904632568,10.77698823165504,0.545612491599786,2.991871707953422,13.768859939608461,47.382717110424025,3.710175852764074,-3.5099790612893043,3.5099790612893043,3.5099790612893043
